,ID,CODE_GENDER,FLAG_OWN_CAR,FLAG_OWN_REALTY,CNT_CHILDREN,AMT_INCOME_TOTAL,NAME_INCOME_TYPE,NAME_EDUCATION_TYPE,NAME_FAMILY_STATUS,NAME_HOUSING_TYPE,DAYS_BIRTH,DAYS_EMPLOYED,FLAG_MOBIL,FLAG_WORK_PHONE,FLAG_PHONE,FLAG_EMAIL,OCCUPATION_TYPE,CNT_FAM_MEMBERS,TARGET
0,5008804,M,Y,Y,0,424380.57,Working,Higher education,Civil marriage,Rented apartment,-11778.0,-4438.0,1.0,1.0,0.0,0.0,,2.0,0
1,5008805,M,Y,Y,0,421593.52,Working,Higher education,Civil marriage,Rented apartment,-11777.0,-4459.0,1.0,1.0,0.0,0.0,,2.0,0
2,5008806,M,Y,Y,0,110958.51,Working,Secondary / secondary special,Married,House / apartment,-21471.0,-1144.0,1.0,0.0,0.0,0.0,Security staff,2.0,0
3,5008808,F,N,Y,0,267497.96,Commercial associate,Secondary / secondary special,Single / not married,House / apartment,-18489.0,-3122.0,1.0,0.0,1.0,1.0,Sales staff,1.0,1
4,5008809,F,N,Y,0,263419.09,Commercial associate,Secondary / secondary special,Single / not married,House / apartment,-19093.0,-3070.0,1.0,0.0,1.0,1.0,Sales staff,1.0,1
5,5008810,F,N,Y,0,265679.04,Commercial associate,Secondary / secondary special,Single / not married,House / apartment,-18826.0,-3130.0,1.0,0.0,1.0,1.0,Sales staff,1.0,1
6,5008811,F,N,Y,0,271761.74,Commercial associate,Secondary / secondary special,Single / not married,House / apartment,-19020.0,-3094.0,1.0,0.0,1.0,1.0,Sales staff,1.0,1
7,5008812,F,N,Y,0,293089.84,Pensioner,Higher education,Separated,House / apartment,-22090.0,372399.0,1.0,0.0,0.0,0.0,,1.0,0
8,5008813,F,N,Y,0,286928.42,Pensioner,Higher education,Separated,House / apartment,-22179.0,360576.0,1.0,0.0,0.0,0.0,,1.0,0
9,5008814,F,N,Y,0,283985.28,Pensioner,Higher education,Separated,House / apartment,-22812.0,369758.0,1.0,0.0,0.0,0.0,,1.0,0
10,5008815,M,Y,Y,0,273241.2,Working,Higher education,Married,House / apartment,-17097.0,-776.0,1.0,1.0,1.0,1.0,Accountants,2.0,0
11,5112956,M,Y,Y,0,272214.56,Working,Higher education,Married,House / apartment,-17009.0,-745.0,1.0,1.0,1.0,1.0,Accountants,2.0,0
12,6153651,M,Y,Y,0,263682.25,Working,Higher education,Married,House / apartment,-16823.0,-760.0,1.0,1.0,1.0,1.0,Accountants,2.0,0
13,5008819,M,Y,Y,0,132843.25,Commercial associate,Secondary / secondary special,Married,House / apartment,-18299.0,-1163.0,1.0,0.0,0.0,0.0,Laborers,2.0,0
14,5008820,M,Y,Y,0,131178.29,Commercial associate,Secondary / secondary special,Married,House / apartment,-17949.0,-1179.0,1.0,0.0,0.0,0.0,Laborers,2.0,0
15,5008821,M,Y,Y,0,139369.87,Commercial associate,Secondary / secondary special,Married,House / apartment,-18116.0,-1183.0,1.0,0.0,0.0,0.0,Laborers,2.0,0
16,5008822,M,Y,Y,0,134395.61,Commercial associate,Secondary / secondary special,Married,House / apartment,-18017.0,-1200.0,1.0,0.0,0.0,0.0,Laborers,2.0,0
17,5008823,M,Y,Y,0,131439.41,Commercial associate,Secondary / secondary special,Married,House / apartment,-17621.0,-1191.0,1.0,0.0,0.0,0.0,Laborers,2.0,0
18,5008824,M,Y,Y,0,135573.3,Commercial associate,Secondary / secondary special,Married,House / apartment,-17766.0,-1188.0,1.0,0.0,0.0,0.0,Laborers,2.0,0
19,5008825,F,Y,N,0,136465.94,Working,Incomplete higher,Married,House / apartment,-10455.0,-1100.0,1.0,0.0,0.0,0.0,Accountants,2.0,0
20,5008826,F,Y,N,0,134782.19,Working,Incomplete higher,Married,House / apartment,-10275.0,-1121.0,1.0,0.0,0.0,0.0,Accountants,2.0,0
21,5008830,F,N,Y,0,157986.27,Working,Secondary / secondary special,Married,House / apartment,-10286.0,-1447.0,1.0,0.0,1.0,0.0,Laborers,2.0,0
22,5008831,F,N,Y,0,156882.2,Working,Secondary / secondary special,Married,House / apartment,-9943.0,-1489.0,1.0,0.0,1.0,0.0,Laborers,2.0,0
23,5008832,F,N,Y,0,156656.67,Working,Secondary / secondary special,Married,House / apartment,-9972.0,-1484.0,1.0,0.0,1.0,0.0,Laborers,2.0,0
24,5008834,F,N,Y,1,109543.94,Working,Secondary / secondary special,Single / not married,House / apartment,-11037.0,-1646.0,1.0,0.0,0.0,0.0,,2.0,0
25,5008835,F,N,Y,1,112570.65,Working,Secondary / secondary special,Single / not married,House / apartment,-10653.0,-1588.0,1.0,0.0,0.0,0.0,,2.0,0
26,6153712,F,N,Y,1,113170.34,Working,Secondary / secondary special,Single / not married,House / apartment,-11011.0,-1629.0,1.0,0.0,0.0,0.0,,2.0,0
27,5008836,M,Y,Y,3,272289.01,Working,Secondary / secondary special,Married,House / apartment,-13444.0,-1137.0,1.0,0.0,0.0,0.0,Laborers,5.0,0
28,5008837,M,Y,Y,3,268105.47,Working,Secondary / secondary special,Married,House / apartment,-12721.0,-1148.0,1.0,0.0,0.0,0.0,Laborers,5.0,0
29,5008838,M,N,Y,1,409792.85,Commercial associate,Higher education,Married,House / apartment,-11872.0,-2008.0,1.0,0.0,0.0,0.0,Managers,3.0,0
30,5008839,M,N,Y,1,405955.73,Commercial associate,Higher education,Married,House / apartment,-11905.0,-2114.0,1.0,0.0,0.0,0.0,Managers,3.0,0
31,5008840,M,N,Y,1,407001.77,Commercial associate,Higher education,Married,House / apartment,-11993.0,-2044.0,1.0,0.0,0.0,0.0,Managers,3.0,0
32,5008841,M,N,Y,1,404327.64,Commercial associate,Higher education,Married,House / apartment,-11877.0,-2024.0,1.0,0.0,0.0,0.0,Managers,3.0,0
33,5008842,M,N,Y,1,389984.92,Commercial associate,Higher education,Married,House / apartment,-11663.0,-2045.0,1.0,0.0,0.0,0.0,Managers,3.0,0
34,5008843,M,N,Y,1,400791.12,Commercial associate,Higher education,Married,House / apartment,-11423.0,-2085.0,1.0,0.0,0.0,0.0,Managers,3.0,0
35,5008844,M,Y,Y,0,112523.03,Commercial associate,Secondary / secondary special,Married,House / apartment,-20518.0,-4464.0,1.0,0.0,1.0,0.0,Drivers,2.0,0
36,5008846,M,Y,Y,0,110098.96,Commercial associate,Secondary / secondary special,Married,House / apartment,-20915.0,-4246.0,1.0,0.0,1.0,0.0,Drivers,2.0,0
37,5008847,M,Y,Y,0,112896.65,Commercial associate,Secondary / secondary special,Married,House / apartment,-20121.0,-4345.0,1.0,0.0,1.0,0.0,Drivers,2.0,0
38,5008849,M,Y,Y,0,112619.78,Commercial associate,Secondary / secondary special,Married,House / apartment,-20225.0,-4552.0,1.0,0.0,1.0,0.0,Drivers,2.0,0
39,5008850,M,Y,Y,0,113234.8,Commercial associate,Secondary / secondary special,Married,House / apartment,-20807.0,-4588.0,1.0,0.0,1.0,0.0,Drivers,2.0,0
40,5008851,M,Y,Y,0,112161.2,Commercial associate,Secondary / secondary special,Married,House / apartment,-20233.0,-4420.0,1.0,0.0,1.0,0.0,Drivers,2.0,0
41,5008852,M,Y,Y,0,112039.94,Commercial associate,Secondary / secondary special,Married,House / apartment,-21120.0,-4542.0,1.0,0.0,1.0,0.0,Drivers,2.0,0
42,5008853,M,Y,Y,0,111862.76,Commercial associate,Secondary / secondary special,Married,House / apartment,-21071.0,-4389.0,1.0,0.0,1.0,0.0,Drivers,2.0,0
43,6153733,M,Y,Y,0,110707.78,Commercial associate,Secondary / secondary special,Married,House / apartment,-20836.0,-4392.0,1.0,0.0,1.0,0.0,Drivers,2.0,0
44,6153734,M,Y,Y,0,107619.54,Commercial associate,Secondary / secondary special,Married,House / apartment,-20571.0,-4554.0,1.0,0.0,1.0,0.0,Drivers,2.0,0
45,6153735,M,Y,Y,0,111618.36,Commercial associate,Secondary / secondary special,Married,House / apartment,-20523.0,-4441.0,1.0,0.0,1.0,0.0,Drivers,2.0,0
46,5008854,F,Y,Y,2,136526.25,Working,Secondary / secondary special,Married,House / apartment,-15579.0,-3211.0,1.0,0.0,0.0,0.0,Laborers,4.0,0
47,5008855,F,Y,Y,2,138708.15,Working,Secondary / secondary special,Married,House / apartment,-15229.0,-3148.0,1.0,0.0,0.0,0.0,Laborers,4.0,0
48,5008856,F,Y,Y,2,136437.4,Working,Secondary / secondary special,Married,House / apartment,-15627.0,-3067.0,1.0,0.0,0.0,0.0,Laborers,4.0,0
49,5008857,F,Y,Y,2,131680.23,Working,Secondary / secondary special,Married,House / apartment,-15729.0,-3233.0,1.0,0.0,0.0,0.0,Laborers,4.0,0
50,5008858,F,Y,Y,2,134885.63,Working,Secondary / secondary special,Married,House / apartment,-15866.0,-3206.0,1.0,0.0,0.0,0.0,Laborers,4.0,0
51,5008859,F,Y,Y,2,133377.29,Working,Secondary / secondary special,Married,House / apartment,-15560.0,-3095.0,1.0,0.0,0.0,0.0,Laborers,4.0,0
52,5008860,F,Y,Y,2,129181.29,Working,Secondary / secondary special,Married,House / apartment,-15766.0,-3173.0,1.0,0.0,0.0,0.0,Laborers,4.0,0
53,5008861,F,Y,Y,2,134832.22,Working,Secondary / secondary special,Married,House / apartment,-15256.0,-3082.0,1.0,0.0,0.0,0.0,Laborers,4.0,0
54,5008862,F,Y,Y,2,141353.92,Working,Secondary / secondary special,Married,House / apartment,-16447.0,-3119.0,1.0,0.0,0.0,0.0,Laborers,4.0,0
55,5008863,F,Y,Y,2,140106.09,Working,Secondary / secondary special,Married,House / apartment,-15396.0,-3141.0,1.0,0.0,0.0,0.0,Laborers,4.0,0
56,5008864,F,Y,Y,2,136591.6,Working,Secondary / secondary special,Married,House / apartment,-15862.0,-3214.0,1.0,0.0,0.0,0.0,Laborers,4.0,0
57,5008865,F,Y,Y,2,135447.4,Working,Secondary / secondary special,Married,House / apartment,-15856.0,-3190.0,1.0,0.0,0.0,0.0,Laborers,4.0,0
58,5008866,F,Y,Y,2,135347.72,Working,Secondary / secondary special,Married,House / apartment,-15690.0,-3209.0,1.0,0.0,0.0,0.0,Laborers,4.0,0
59,5008867,F,Y,Y,2,133214.52,Working,Secondary / secondary special,Married,House / apartment,-16158.0,-3215.0,1.0,0.0,0.0,0.0,Laborers,4.0,0
60,5112846,F,Y,Y,2,134544.02,Working,Secondary / secondary special,Married,House / apartment,-15767.0,-3060.0,1.0,0.0,0.0,0.0,Laborers,4.0,0
61,6153736,F,Y,Y,2,135958.68,Working,Secondary / secondary special,Married,House / apartment,-15530.0,-3171.0,1.0,0.0,0.0,0.0,Laborers,4.0,0
62,5008868,F,N,Y,1,218468.65,State servant,Secondary / secondary special,Civil marriage,House / apartment,-16003.0,-7061.0,1.0,0.0,0.0,0.0,Core staff,3.0,1
63,5008870,F,N,Y,1,210413.69,State servant,Secondary / secondary special,Civil marriage,House / apartment,-16157.0,-6830.0,1.0,0.0,0.0,0.0,Core staff,3.0,1
64,5008872,M,Y,Y,0,355322.39,Commercial associate,Secondary / secondary special,Married,House / apartment,-16900.0,-5194.0,1.0,0.0,1.0,0.0,Security staff,2.0,1
65,6153737,M,Y,Y,0,369130.19,Commercial associate,Secondary / secondary special,Married,House / apartment,-17267.0,-5493.0,1.0,0.0,1.0,0.0,Security staff,2.0,1
66,5008873,F,N,Y,2,124915.75,Commercial associate,Higher education,Married,House / apartment,-12327.0,-1781.0,1.0,0.0,0.0,1.0,Managers,4.0,0
67,5008874,F,N,Y,2,124440.35,Commercial associate,Higher education,Married,House / apartment,-12524.0,-1760.0,1.0,0.0,0.0,1.0,Managers,4.0,0
68,5008875,F,N,Y,2,129216.9,Commercial associate,Higher education,Married,House / apartment,-12063.0,-1751.0,1.0,0.0,0.0,1.0,Managers,4.0,0
69,5008876,F,N,Y,2,127680.7,Commercial associate,Higher education,Married,House / apartment,-12602.0,-1810.0,1.0,0.0,0.0,1.0,Managers,4.0,0
70,5008877,F,N,Y,2,128007.51,Commercial associate,Higher education,Married,House / apartment,-12495.0,-1766.0,1.0,0.0,0.0,1.0,Managers,4.0,0
71,5008878,F,N,Y,2,125610.35,Commercial associate,Higher education,Married,House / apartment,-12609.0,-1720.0,1.0,0.0,0.0,1.0,Managers,4.0,0
72,5008879,F,N,Y,2,125173.43,Commercial associate,Higher education,Married,House / apartment,-13133.0,-1790.0,1.0,0.0,0.0,1.0,Managers,4.0,0
73,5008880,F,N,Y,2,126402.79,Commercial associate,Higher education,Married,House / apartment,-12464.0,-1813.0,1.0,0.0,0.0,1.0,Managers,4.0,0
74,5008881,F,N,Y,2,125542.28,Commercial associate,Higher education,Married,House / apartment,-12198.0,-1802.0,1.0,0.0,0.0,1.0,Managers,4.0,0
75,5008882,F,N,Y,2,127864.98,Commercial associate,Higher education,Married,House / apartment,-12832.0,-1787.0,1.0,0.0,0.0,1.0,Managers,4.0,0
76,5008884,F,N,Y,0,318692.05,Pensioner,Secondary / secondary special,Widow,House / apartment,-20315.0,370549.0,1.0,0.0,0.0,0.0,,1.0,0
77,5008888,F,N,Y,0,246033.49,Commercial associate,Higher education,Separated,Rented apartment,-16876.0,-1366.0,1.0,0.0,0.0,0.0,Core staff,1.0,0
78,5008889,F,N,Y,0,256740.57,Commercial associate,Higher education,Separated,Rented apartment,-16740.0,-1360.0,1.0,0.0,0.0,0.0,Core staff,1.0,0
79,5008890,F,N,Y,0,247739.89,Commercial associate,Higher education,Separated,Rented apartment,-17010.0,-1377.0,1.0,0.0,0.0,0.0,Core staff,1.0,0
80,5112847,F,N,Y,0,245695.57,Commercial associate,Higher education,Separated,Rented apartment,-16763.0,-1301.0,1.0,0.0,0.0,0.0,Core staff,1.0,0
81,5008891,F,N,Y,0,294204.05,Commercial associate,Secondary / secondary special,Single / not married,Rented apartment,-15895.0,-3274.0,1.0,0.0,0.0,0.0,Laborers,1.0,0
82,5008892,F,N,Y,0,290888.19,Commercial associate,Secondary / secondary special,Single / not married,Rented apartment,-15722.0,-3231.0,1.0,0.0,0.0,0.0,Laborers,1.0,0
83,5008893,F,N,Y,0,299571.51,Commercial associate,Secondary / secondary special,Single / not married,Rented apartment,-15773.0,-3153.0,1.0,0.0,0.0,0.0,Laborers,1.0,0
84,5008894,F,N,Y,0,295353.02,Commercial associate,Secondary / secondary special,Single / not married,Rented apartment,-15285.0,-3134.0,1.0,0.0,0.0,0.0,Laborers,1.0,0
85,5008895,F,N,Y,0,304204.43,Commercial associate,Secondary / secondary special,Single / not married,Rented apartment,-15735.0,-3319.0,1.0,0.0,0.0,0.0,Laborers,1.0,0
86,5008896,F,N,Y,0,296169.59,Commercial associate,Secondary / secondary special,Single / not married,Rented apartment,-15411.0,-3120.0,1.0,0.0,0.0,0.0,Laborers,1.0,0
87,5008897,F,N,Y,0,296869.65,Commercial associate,Secondary / secondary special,Single / not married,Rented apartment,-15668.0,-3319.0,1.0,0.0,0.0,0.0,Laborers,1.0,0
88,5008898,F,N,Y,0,293352.04,Commercial associate,Secondary / secondary special,Single / not married,Rented apartment,-15425.0,-3123.0,1.0,0.0,0.0,0.0,Laborers,1.0,0
89,5008899,F,N,Y,0,302744.91,Commercial associate,Secondary / secondary special,Single / not married,Rented apartment,-15241.0,-3255.0,1.0,0.0,0.0,0.0,Laborers,1.0,0
90,5008900,F,N,Y,0,298756.61,Commercial associate,Secondary / secondary special,Single / not married,Rented apartment,-15785.0,-3312.0,1.0,0.0,0.0,0.0,Laborers,1.0,0
91,5008901,F,N,Y,0,287131.61,Commercial associate,Secondary / secondary special,Single / not married,Rented apartment,-15358.0,-3193.0,1.0,0.0,0.0,0.0,Laborers,1.0,0
92,5008902,F,N,Y,0,295232.01,Commercial associate,Secondary / secondary special,Single / not married,Rented apartment,-15167.0,-3151.0,1.0,0.0,0.0,0.0,Laborers,1.0,0
93,5008903,F,N,Y,0,292175.01,Commercial associate,Secondary / secondary special,Single / not married,Rented apartment,-15293.0,-3160.0,1.0,0.0,0.0,0.0,Laborers,1.0,0
94,5008904,F,N,Y,0,297323.62,Commercial associate,Secondary / secondary special,Single / not married,Rented apartment,-15370.0,-3392.0,1.0,0.0,0.0,0.0,Laborers,1.0,0
95,5008905,F,N,Y,0,301469.14,Commercial associate,Secondary / secondary special,Single / not married,Rented apartment,-15707.0,-3222.0,1.0,0.0,0.0,0.0,Laborers,1.0,0
96,5008906,F,N,Y,0,300764.89,Commercial associate,Secondary / secondary special,Single / not married,Rented apartment,-15490.0,-3194.0,1.0,0.0,0.0,0.0,Laborers,1.0,0
97,5008907,F,N,Y,0,293716.15,Commercial associate,Secondary / secondary special,Single / not married,Rented apartment,-15511.0,-3185.0,1.0,0.0,0.0,0.0,Laborers,1.0,0
98,5008908,F,N,Y,0,309670.37,Commercial associate,Secondary / secondary special,Single / not married,Rented apartment,-15149.0,-3331.0,1.0,0.0,0.0,0.0,Laborers,1.0,0
99,5008909,F,N,Y,0,298291.34,Commercial associate,Secondary / secondary special,Single / not married,Rented apartment,-15668.0,-3212.0,1.0,0.0,0.0,0.0,Laborers,1.0,0
100,5008910,F,N,Y,0,294710.64,Commercial associate,Secondary / secondary special,Single / not married,Rented apartment,-15822.0,-3170.0,1.0,0.0,0.0,0.0,Laborers,1.0,0
101,5008911,F,N,Y,0,303637.57,Commercial associate,Secondary / secondary special,Single / not married,Rented apartment,-15782.0,-3206.0,1.0,0.0,0.0,0.0,Laborers,1.0,0
102,5008912,F,N,Y,0,287625.62,Commercial associate,Secondary / secondary special,Single / not married,Rented apartment,-15490.0,-3258.0,1.0,0.0,0.0,0.0,Laborers,1.0,0
103,5008913,F,N,Y,0,297950.96,Commercial associate,Secondary / secondary special,Single / not married,Rented apartment,-15569.0,-3182.0,1.0,0.0,0.0,0.0,Laborers,1.0,0
104,5008914,F,N,Y,0,299322.67,Commercial associate,Secondary / secondary special,Single / not married,Rented apartment,-15270.0,-3229.0,1.0,0.0,0.0,0.0,Laborers,1.0,0
105,5008915,F,N,Y,0,289439.05,Commercial associate,Secondary / secondary special,Single / not married,Rented apartment,-15833.0,-3257.0,1.0,0.0,0.0,0.0,Laborers,1.0,0
106,5008916,F,N,Y,0,290546.16,Commercial associate,Secondary / secondary special,Single / not married,Rented apartment,-15396.0,-3225.0,1.0,0.0,0.0,0.0,Laborers,1.0,0
107,5008917,F,N,Y,0,295314.85,Commercial associate,Secondary / secondary special,Single / not married,Rented apartment,-14977.0,-3188.0,1.0,0.0,0.0,0.0,Laborers,1.0,0
108,5008918,F,N,Y,0,288093.61,Commercial associate,Secondary / secondary special,Single / not married,Rented apartment,-15048.0,-3348.0,1.0,0.0,0.0,0.0,Laborers,1.0,0
109,5008919,F,N,Y,0,293048.8,Commercial associate,Secondary / secondary special,Single / not married,Rented apartment,-14958.0,-3194.0,1.0,0.0,0.0,0.0,Laborers,1.0,0
110,5008920,F,N,Y,0,298961.61,Commercial associate,Secondary / secondary special,Single / not married,Rented apartment,-15475.0,-3275.0,1.0,0.0,0.0,0.0,Laborers,1.0,0
111,5008921,F,N,Y,0,291685.33,Commercial associate,Secondary / secondary special,Single / not married,Rented apartment,-16072.0,-3271.0,1.0,0.0,0.0,0.0,Laborers,1.0,0
112,5008922,F,N,Y,0,302042.64,Commercial associate,Secondary / secondary special,Single / not married,Rented apartment,-15608.0,-3168.0,1.0,0.0,0.0,0.0,Laborers,1.0,0
113,5008923,F,N,Y,0,304274.8,Commercial associate,Secondary / secondary special,Single / not married,Rented apartment,-15481.0,-3274.0,1.0,0.0,0.0,0.0,Laborers,1.0,0
114,5008924,F,N,Y,0,298172.46,Commercial associate,Secondary / secondary special,Single / not married,Rented apartment,-15480.0,-3220.0,1.0,0.0,0.0,0.0,Laborers,1.0,0
115,5008925,F,N,Y,0,298572.07,Commercial associate,Secondary / secondary special,Single / not married,Rented apartment,-15613.0,-3271.0,1.0,0.0,0.0,0.0,Laborers,1.0,0
116,5008926,F,N,Y,0,289050.03,Commercial associate,Secondary / secondary special,Single / not married,Rented apartment,-15993.0,-3198.0,1.0,0.0,0.0,0.0,Laborers,1.0,0
117,5008927,F,N,Y,0,300324.35,Commercial associate,Secondary / secondary special,Single / not married,Rented apartment,-15659.0,-3179.0,1.0,0.0,0.0,0.0,Laborers,1.0,0
118,5008928,F,N,Y,0,301936.09,Commercial associate,Secondary / secondary special,Single / not married,Rented apartment,-15403.0,-3150.0,1.0,0.0,0.0,0.0,Laborers,1.0,0
119,5008929,F,N,Y,0,285544.47,Commercial associate,Secondary / secondary special,Single / not married,Rented apartment,-14998.0,-3172.0,1.0,0.0,0.0,0.0,Laborers,1.0,0
120,5008930,F,N,Y,0,297577.96,Commercial associate,Secondary / secondary special,Single / not married,Rented apartment,-15301.0,-3267.0,1.0,0.0,0.0,0.0,Laborers,1.0,0
121,5008931,F,N,Y,0,301108.18,Commercial associate,Secondary / secondary special,Single / not married,Rented apartment,-15644.0,-3274.0,1.0,0.0,0.0,0.0,Laborers,1.0,0
122,5008932,F,N,Y,0,293700.21,Commercial associate,Secondary / secondary special,Single / not married,Rented apartment,-15676.0,-3260.0,1.0,0.0,0.0,0.0,Laborers,1.0,0
123,5008933,F,N,Y,0,289957.48,Commercial associate,Secondary / secondary special,Single / not married,Rented apartment,-15568.0,-3137.0,1.0,0.0,0.0,0.0,Laborers,1.0,0
124,5008934,F,N,Y,0,301194.85,Commercial associate,Secondary / secondary special,Single / not married,Rented apartment,-15105.0,-3216.0,1.0,0.0,0.0,0.0,Laborers,1.0,0
125,5008935,F,N,Y,0,298176.44,Commercial associate,Secondary / secondary special,Single / not married,Rented apartment,-15772.0,-3170.0,1.0,0.0,0.0,0.0,Laborers,1.0,0
126,5008936,F,N,Y,0,297825.23,Commercial associate,Secondary / secondary special,Single / not married,Rented apartment,-16052.0,-3134.0,1.0,0.0,0.0,0.0,Laborers,1.0,0
127,5008937,F,N,Y,0,301515.94,Commercial associate,Secondary / secondary special,Single / not married,Rented apartment,-16081.0,-3232.0,1.0,0.0,0.0,0.0,Laborers,1.0,0
128,5008938,F,N,Y,0,297994.85,Commercial associate,Secondary / secondary special,Single / not married,Rented apartment,-15372.0,-3191.0,1.0,0.0,0.0,0.0,Laborers,1.0,0
129,5008939,F,N,Y,0,299001.31,Commercial associate,Secondary / secondary special,Single / not married,Rented apartment,-15600.0,-3093.0,1.0,0.0,0.0,0.0,Laborers,1.0,0
130,5008940,F,N,Y,0,302534.16,Commercial associate,Secondary / secondary special,Single / not married,Rented apartment,-15369.0,-3284.0,1.0,0.0,0.0,0.0,Laborers,1.0,0
131,5008941,F,N,Y,0,291115.2,Commercial associate,Secondary / secondary special,Single / not married,Rented apartment,-16023.0,-3313.0,1.0,0.0,0.0,0.0,Laborers,1.0,0
132,6153773,F,N,Y,0,298187.39,Commercial associate,Secondary / secondary special,Single / not married,Rented apartment,-15393.0,-3204.0,1.0,0.0,0.0,0.0,Laborers,1.0,0
133,6153774,F,N,Y,0,285670.67,Commercial associate,Secondary / secondary special,Single / not married,Rented apartment,-15309.0,-3230.0,1.0,0.0,0.0,0.0,Laborers,1.0,0
134,6153775,F,N,Y,0,296078.28,Commercial associate,Secondary / secondary special,Single / not married,Rented apartment,-15324.0,-3173.0,1.0,0.0,0.0,0.0,Laborers,1.0,0
135,5008942,F,N,N,0,160719.92,Commercial associate,Higher education,Married,House / apartment,-13715.0,-4871.0,1.0,0.0,1.0,0.0,High skill tech staff,2.0,0
136,5008943,F,N,N,0,159353.82,Commercial associate,Higher education,Married,House / apartment,-13510.0,-4886.0,1.0,0.0,1.0,0.0,High skill tech staff,2.0,0
137,5008944,F,N,N,0,153352.95,Commercial associate,Higher education,Married,House / apartment,-13703.0,-4991.0,1.0,0.0,1.0,0.0,High skill tech staff,2.0,0
138,5008945,F,N,N,0,154375.2,Commercial associate,Higher education,Married,House / apartment,-13755.0,-4844.0,1.0,0.0,1.0,0.0,High skill tech staff,2.0,0
139,5008946,F,N,N,0,160592.39,Commercial associate,Higher education,Married,House / apartment,-13516.0,-4814.0,1.0,0.0,1.0,0.0,High skill tech staff,2.0,0
140,5008947,M,N,Y,0,137494.69,Working,Secondary / secondary special,Married,House / apartment,-14909.0,-1385.0,1.0,1.0,1.0,0.0,Drivers,2.0,0
141,5008948,M,N,Y,0,138595.58,Working,Secondary / secondary special,Married,House / apartment,-15672.0,-1397.0,1.0,1.0,1.0,0.0,Drivers,2.0,0
142,5008949,M,N,Y,0,135009.45,Working,Secondary / secondary special,Married,House / apartment,-15339.0,-1364.0,1.0,1.0,1.0,0.0,Drivers,2.0,0
143,5008950,M,N,Y,0,137055.03,Working,Secondary / secondary special,Married,House / apartment,-16015.0,-1428.0,1.0,1.0,1.0,0.0,Drivers,2.0,0
144,5008951,M,N,Y,1,226838.35,Working,Secondary / secondary special,Married,House / apartment,-10429.0,-2853.0,1.0,0.0,0.0,0.0,,3.0,0
145,5008952,M,N,Y,1,224457.07,Working,Secondary / secondary special,Married,House / apartment,-10207.0,-2779.0,1.0,0.0,0.0,0.0,,3.0,0
146,5008953,M,N,Y,1,221569.22,Working,Secondary / secondary special,Married,House / apartment,-10227.0,-2844.0,1.0,0.0,0.0,0.0,,3.0,0
147,5008954,M,N,Y,1,220242.02,Working,Secondary / secondary special,Married,House / apartment,-10324.0,-2808.0,1.0,0.0,0.0,0.0,,3.0,0
148,5008955,F,Y,Y,0,137529.13,Working,Secondary / secondary special,Married,House / apartment,-18199.0,-1755.0,1.0,0.0,0.0,0.0,Laborers,2.0,0
149,5008956,F,Y,Y,0,134874.2,Working,Secondary / secondary special,Married,House / apartment,-18099.0,-1673.0,1.0,0.0,0.0,0.0,Laborers,2.0,0
150,5008957,F,Y,Y,0,136631.43,Working,Secondary / secondary special,Married,House / apartment,-17874.0,-1667.0,1.0,0.0,0.0,0.0,Laborers,2.0,0
151,5008958,F,Y,Y,0,138862.73,Working,Secondary / secondary special,Married,House / apartment,-18487.0,-1629.0,1.0,0.0,0.0,0.0,Laborers,2.0,0
152,5008959,F,Y,Y,0,137166.88,Working,Secondary / secondary special,Married,House / apartment,-17624.0,-1718.0,1.0,0.0,0.0,0.0,Laborers,2.0,0
153,5008960,F,Y,Y,0,136152.15,Working,Secondary / secondary special,Married,House / apartment,-17788.0,-1717.0,1.0,0.0,0.0,0.0,Laborers,2.0,0
154,5008962,F,Y,Y,0,134454.59,Working,Secondary / secondary special,Married,House / apartment,-17314.0,-1695.0,1.0,0.0,0.0,0.0,Laborers,2.0,0
155,5008963,F,Y,Y,0,131389.55,Working,Secondary / secondary special,Married,House / apartment,-17268.0,-1621.0,1.0,0.0,0.0,0.0,Laborers,2.0,0
156,5008966,M,N,Y,0,153649.76,Working,Secondary / secondary special,Married,House / apartment,-15159.0,-892.0,1.0,0.0,1.0,0.0,,2.0,0
157,5008967,M,N,Y,0,154630.57,Working,Secondary / secondary special,Married,House / apartment,-16049.0,-860.0,1.0,0.0,1.0,0.0,,2.0,0
158,5008971,M,N,Y,0,162120.94,Working,Secondary / secondary special,Married,House / apartment,-16021.0,-869.0,1.0,0.0,1.0,0.0,,2.0,0
159,5008973,M,N,Y,0,160747.11,Working,Secondary / secondary special,Married,House / apartment,-15709.0,-881.0,1.0,0.0,1.0,0.0,,2.0,0
160,5008974,F,N,Y,0,113782.43,Pensioner,Secondary / secondary special,Married,House / apartment,-23086.0,363223.0,1.0,0.0,0.0,0.0,,2.0,0
161,5008975,F,N,Y,0,114276.25,Pensioner,Secondary / secondary special,Married,House / apartment,-22626.0,363704.0,1.0,0.0,0.0,0.0,,2.0,0
162,5008976,F,N,Y,0,112763.47,Pensioner,Secondary / secondary special,Married,House / apartment,-22153.0,362990.0,1.0,0.0,0.0,0.0,,2.0,0
163,5008977,F,N,Y,0,113412.4,Pensioner,Secondary / secondary special,Married,House / apartment,-22938.0,358627.0,1.0,0.0,0.0,0.0,,2.0,0
164,5008978,F,N,Y,0,113500.82,Pensioner,Secondary / secondary special,Married,House / apartment,-22378.0,365021.0,1.0,0.0,0.0,0.0,,2.0,0
165,5008979,F,N,Y,0,112319.24,Pensioner,Secondary / secondary special,Married,House / apartment,-22684.0,361223.0,1.0,0.0,0.0,0.0,,2.0,0
166,5008980,F,N,Y,0,113191.89,Pensioner,Secondary / secondary special,Married,House / apartment,-21809.0,354517.0,1.0,0.0,0.0,0.0,,2.0,0
167,5008981,M,Y,Y,0,111984.8,State servant,Secondary / secondary special,Married,House / apartment,-21359.0,-2386.0,1.0,0.0,1.0,0.0,Drivers,2.0,0
168,5008983,M,Y,Y,0,112561.9,State servant,Secondary / secondary special,Married,House / apartment,-20550.0,-2284.0,1.0,0.0,1.0,0.0,Drivers,2.0,0
169,5008984,M,Y,Y,0,111348.88,State servant,Secondary / secondary special,Married,House / apartment,-20964.0,-2390.0,1.0,0.0,1.0,0.0,Drivers,2.0,0
170,5008986,M,Y,Y,0,112935.04,State servant,Secondary / secondary special,Married,House / apartment,-20769.0,-2315.0,1.0,0.0,1.0,0.0,Drivers,2.0,0
171,5008987,M,Y,Y,0,113310.38,State servant,Secondary / secondary special,Married,House / apartment,-20702.0,-2389.0,1.0,0.0,1.0,0.0,Drivers,2.0,0
172,5008988,M,Y,Y,0,114796.9,State servant,Secondary / secondary special,Married,House / apartment,-21701.0,-2339.0,1.0,0.0,1.0,0.0,Drivers,2.0,0
173,6153800,M,Y,Y,0,112663.58,State servant,Secondary / secondary special,Married,House / apartment,-21883.0,-2398.0,1.0,0.0,1.0,0.0,Drivers,2.0,0
174,5008991,F,Y,Y,0,273736.9,Working,Secondary / secondary special,Separated,House / apartment,-16469.0,-1195.0,1.0,1.0,1.0,0.0,Cleaning staff,1.0,0
175,5008992,F,Y,Y,0,269273.81,Working,Secondary / secondary special,Separated,House / apartment,-17101.0,-1171.0,1.0,1.0,1.0,0.0,Cleaning staff,1.0,0
176,5008993,F,Y,Y,0,266053.75,Working,Secondary / secondary special,Separated,House / apartment,-16056.0,-1185.0,1.0,1.0,1.0,0.0,Cleaning staff,1.0,0
177,5008994,F,Y,Y,0,265547.84,Working,Secondary / secondary special,Separated,House / apartment,-16842.0,-1205.0,1.0,1.0,1.0,0.0,Cleaning staff,1.0,0
178,5008995,F,Y,Y,0,264227.33,Working,Secondary / secondary special,Separated,House / apartment,-17374.0,-1228.0,1.0,1.0,1.0,0.0,Cleaning staff,1.0,0
179,5112861,F,Y,Y,0,264887.45,Working,Secondary / secondary special,Separated,House / apartment,-16622.0,-1193.0,1.0,1.0,1.0,0.0,Cleaning staff,1.0,0
180,6153801,F,Y,Y,0,275062.9,Working,Secondary / secondary special,Separated,House / apartment,-16734.0,-1151.0,1.0,1.0,1.0,0.0,Cleaning staff,1.0,0
181,5008998,F,Y,Y,0,271841.0,Working,Higher education,Married,House / apartment,-10227.0,-845.0,1.0,0.0,0.0,1.0,Managers,2.0,0
182,5008999,F,Y,Y,0,271484.4,Working,Higher education,Married,House / apartment,-10896.0,-824.0,1.0,0.0,0.0,1.0,Managers,2.0,0
183,5009000,M,Y,Y,0,156688.29,Working,Secondary / secondary special,Married,House / apartment,-9538.0,-785.0,1.0,0.0,0.0,0.0,Drivers,2.0,0
184,6153549,M,Y,Y,0,154444.26,Working,Secondary / secondary special,Married,House / apartment,-9939.0,-841.0,1.0,0.0,0.0,0.0,Drivers,2.0,0
185,5009001,M,N,Y,0,167331.93,Working,Secondary / secondary special,Married,House / apartment,-18502.0,-6200.0,1.0,1.0,1.0,0.0,Laborers,2.0,1
186,5009002,M,N,Y,0,164951.19,Working,Secondary / secondary special,Married,House / apartment,-19213.0,-6245.0,1.0,1.0,1.0,0.0,Laborers,2.0,1
187,5009005,M,N,Y,0,172920.79,Working,Secondary / secondary special,Married,House / apartment,-19003.0,-6213.0,1.0,1.0,1.0,0.0,Laborers,2.0,1
188,5009006,M,N,Y,0,165229.57,Working,Secondary / secondary special,Married,House / apartment,-18606.0,-6077.0,1.0,1.0,1.0,0.0,Laborers,2.0,1
189,5009007,M,N,Y,0,168681.46,Working,Secondary / secondary special,Married,House / apartment,-19560.0,-6019.0,1.0,1.0,1.0,0.0,Laborers,2.0,1
190,5009008,M,N,Y,0,171538.14,Working,Secondary / secondary special,Married,House / apartment,-18723.0,-6193.0,1.0,1.0,1.0,0.0,Laborers,2.0,0
191,5009009,M,N,Y,0,164632.19,Working,Secondary / secondary special,Married,House / apartment,-19027.0,-6179.0,1.0,1.0,1.0,0.0,Laborers,2.0,0
192,5009010,M,N,Y,0,160569.65,Working,Secondary / secondary special,Married,House / apartment,-18998.0,-6240.0,1.0,1.0,1.0,0.0,Laborers,2.0,0
193,5009012,M,N,Y,0,163836.93,Working,Secondary / secondary special,Married,House / apartment,-18928.0,-6199.0,1.0,1.0,1.0,0.0,Laborers,2.0,1
194,5009014,M,N,Y,0,172224.06,Working,Secondary / secondary special,Married,House / apartment,-18856.0,-6088.0,1.0,1.0,1.0,0.0,Laborers,2.0,1
195,6153574,M,N,Y,0,166201.4,Working,Secondary / secondary special,Married,House / apartment,-18381.0,-6165.0,1.0,1.0,1.0,0.0,Laborers,2.0,1
196,6153575,M,N,Y,0,159989.57,Working,Secondary / secondary special,Married,House / apartment,-18469.0,-6318.0,1.0,1.0,1.0,0.0,Laborers,2.0,1
197,6153576,M,N,Y,0,165569.0,Working,Secondary / secondary special,Married,House / apartment,-18735.0,-6128.0,1.0,1.0,1.0,0.0,Laborers,2.0,1
198,6153578,M,N,Y,0,167278.12,Working,Secondary / secondary special,Married,House / apartment,-18709.0,-6307.0,1.0,1.0,1.0,0.0,Laborers,2.0,1
199,5009016,F,N,Y,2,212739.07,State servant,Higher education,Married,House / apartment,-16083.0,-3093.0,1.0,0.0,0.0,1.0,,4.0,0
200,5009018,F,N,Y,2,214291.2,State servant,Higher education,Married,House / apartment,-15598.0,-3088.0,1.0,0.0,0.0,1.0,,4.0,0
201,5009019,F,N,Y,2,221368.15,State servant,Higher education,Married,House / apartment,-15747.0,-3045.0,1.0,0.0,0.0,1.0,,4.0,0
202,5009020,F,N,Y,2,213486.68,State servant,Higher education,Married,House / apartment,-15300.0,-3219.0,1.0,0.0,0.0,1.0,,4.0,0
203,5009022,F,N,Y,2,219301.19,State servant,Higher education,Married,House / apartment,-15101.0,-3180.0,1.0,0.0,0.0,1.0,,4.0,0
204,5009023,F,N,Y,2,222876.25,State servant,Higher education,Married,House / apartment,-15744.0,-3157.0,1.0,0.0,0.0,1.0,,4.0,0
205,5009024,F,N,Y,2,218297.33,State servant,Higher education,Married,House / apartment,-15858.0,-3187.0,1.0,0.0,0.0,1.0,,4.0,0
206,5009025,F,N,Y,2,211717.56,State servant,Higher education,Married,House / apartment,-15533.0,-3087.0,1.0,0.0,0.0,1.0,,4.0,0
207,6153579,F,N,Y,2,219039.36,State servant,Higher education,Married,House / apartment,-15452.0,-3145.0,1.0,0.0,0.0,1.0,,4.0,0
208,6153580,F,N,Y,2,213840.44,State servant,Higher education,Married,House / apartment,-15452.0,-3028.0,1.0,0.0,0.0,1.0,,4.0,0
209,5009027,F,Y,Y,0,275986.86,Commercial associate,Secondary / secondary special,Married,House / apartment,-19827.0,-10589.0,1.0,0.0,0.0,1.0,Laborers,2.0,1
210,5112862,F,Y,Y,0,268986.18,Commercial associate,Secondary / secondary special,Married,House / apartment,-20174.0,-10823.0,1.0,0.0,0.0,1.0,Laborers,2.0,0
211,5009028,F,Y,Y,0,229541.02,Commercial associate,Secondary / secondary special,Married,House / apartment,-14512.0,-2821.0,1.0,0.0,0.0,0.0,Laborers,2.0,0
212,5009029,F,Y,Y,0,223545.5,Commercial associate,Secondary / secondary special,Married,House / apartment,-14379.0,-2761.0,1.0,0.0,0.0,0.0,Laborers,2.0,0
213,5009031,F,N,Y,0,311685.49,Working,Secondary / secondary special,Single / not married,House / apartment,-10423.0,-1177.0,1.0,0.0,0.0,0.0,Accountants,1.0,0
214,5009032,F,N,Y,0,315692.77,Working,Secondary / secondary special,Single / not married,House / apartment,-10162.0,-1181.0,1.0,0.0,0.0,0.0,Accountants,1.0,0
215,6153669,F,N,Y,0,321392.04,Working,Secondary / secondary special,Single / not married,House / apartment,-10748.0,-1206.0,1.0,0.0,0.0,0.0,Accountants,1.0,0
216,5009033,F,N,N,0,255738.89,Pensioner,Incomplete higher,Civil marriage,Rented apartment,-19174.0,371866.0,1.0,0.0,0.0,0.0,,2.0,0
217,5009034,F,N,N,0,249993.84,Pensioner,Incomplete higher,Civil marriage,Rented apartment,-18929.0,370758.0,1.0,0.0,0.0,0.0,,2.0,0
218,5009035,F,N,N,0,257888.5,Pensioner,Incomplete higher,Civil marriage,Rented apartment,-18168.0,362052.0,1.0,0.0,0.0,0.0,,2.0,0
219,5009036,F,N,N,0,247863.71,Pensioner,Incomplete higher,Civil marriage,Rented apartment,-18333.0,356083.0,1.0,0.0,0.0,0.0,,2.0,0
220,5009037,F,N,N,0,252141.29,Pensioner,Incomplete higher,Civil marriage,Rented apartment,-18661.0,359866.0,1.0,0.0,0.0,0.0,,2.0,0
221,5009038,F,N,N,0,252653.92,Pensioner,Incomplete higher,Civil marriage,Rented apartment,-18911.0,360223.0,1.0,0.0,0.0,0.0,,2.0,0
222,5009039,F,N,Y,2,159745.77,Working,Secondary / secondary special,Single / not married,House / apartment,-14240.0,-558.0,1.0,0.0,0.0,0.0,Core staff,3.0,0
223,5009040,F,N,Y,2,159796.87,Working,Secondary / secondary special,Single / not married,House / apartment,-14439.0,-565.0,1.0,0.0,0.0,0.0,Core staff,3.0,0
224,5009042,F,N,Y,0,145048.28,Working,Higher education,Married,House / apartment,-17622.0,-859.0,1.0,0.0,0.0,0.0,Core staff,2.0,0
225,5009043,F,N,Y,0,146393.77,Working,Higher education,Married,House / apartment,-17255.0,-897.0,1.0,0.0,0.0,0.0,Core staff,2.0,0
226,5009044,F,N,Y,0,152021.67,Working,Higher education,Married,House / apartment,-17098.0,-897.0,1.0,0.0,0.0,0.0,Core staff,2.0,0
227,5009045,F,N,Y,0,149970.8,Working,Higher education,Married,House / apartment,-17421.0,-884.0,1.0,0.0,0.0,0.0,Core staff,2.0,0
228,5009046,F,N,Y,0,154407.62,Working,Higher education,Married,House / apartment,-17788.0,-911.0,1.0,0.0,0.0,0.0,Core staff,2.0,0
229,5009047,F,N,Y,0,150083.42,Working,Higher education,Married,House / apartment,-17576.0,-893.0,1.0,0.0,0.0,0.0,Core staff,2.0,0
230,6153693,F,N,Y,0,152555.05,Working,Higher education,Married,House / apartment,-17474.0,-874.0,1.0,0.0,0.0,0.0,Core staff,2.0,0
231,5009050,F,N,Y,2,198753.53,Working,Higher education,Married,House / apartment,-10933.0,-2242.0,1.0,0.0,0.0,1.0,Core staff,4.0,0
232,5009051,F,N,Y,2,200226.93,Working,Higher education,Married,House / apartment,-10850.0,-2256.0,1.0,0.0,0.0,1.0,Core staff,4.0,0
233,5009052,F,N,Y,2,201055.07,Working,Higher education,Married,House / apartment,-10885.0,-2291.0,1.0,0.0,0.0,1.0,Core staff,4.0,0
234,5009053,F,N,Y,2,203083.28,Working,Higher education,Married,House / apartment,-10984.0,-2271.0,1.0,0.0,0.0,1.0,Core staff,4.0,0
235,5009055,F,N,Y,2,207383.63,Working,Higher education,Married,House / apartment,-11325.0,-2335.0,1.0,0.0,0.0,1.0,Core staff,4.0,0
236,5009056,M,N,Y,0,201726.98,Working,Secondary / secondary special,Single / not married,House / apartment,-8753.0,-900.0,1.0,1.0,0.0,0.0,Drivers,1.0,0
237,5009057,M,N,Y,0,202133.76,Working,Secondary / secondary special,Single / not married,House / apartment,-8624.0,-916.0,1.0,1.0,0.0,0.0,Drivers,1.0,0
238,5009058,F,Y,Y,0,108235.85,Commercial associate,Secondary / secondary special,Single / not married,House / apartment,-7699.0,-794.0,1.0,0.0,1.0,1.0,Private service staff,1.0,0
239,5009060,F,N,Y,0,93510.04,Pensioner,Higher education,Married,House / apartment,-22593.0,363349.0,1.0,0.0,1.0,0.0,,2.0,0
240,5009062,M,Y,Y,0,310191.74,Working,Secondary / secondary special,Civil marriage,House / apartment,-10591.0,-2077.0,1.0,0.0,0.0,0.0,Sales staff,2.0,0
241,5009063,M,Y,Y,0,300314.09,Working,Secondary / secondary special,Civil marriage,House / apartment,-10476.0,-2073.0,1.0,0.0,0.0,0.0,Sales staff,2.0,0
242,5009064,M,Y,Y,0,316173.26,Working,Secondary / secondary special,Civil marriage,House / apartment,-10433.0,-2031.0,1.0,0.0,0.0,0.0,Sales staff,2.0,0
243,5009065,M,Y,Y,0,297432.31,Working,Secondary / secondary special,Civil marriage,House / apartment,-10425.0,-2081.0,1.0,0.0,0.0,0.0,Sales staff,2.0,0
244,5009066,M,Y,Y,0,305337.16,Working,Secondary / secondary special,Civil marriage,House / apartment,-10533.0,-2027.0,1.0,0.0,0.0,0.0,Sales staff,2.0,0
245,5009067,M,Y,Y,0,307131.62,Working,Secondary / secondary special,Civil marriage,House / apartment,-10167.0,-2082.0,1.0,0.0,0.0,0.0,Sales staff,2.0,0
246,5009068,M,Y,Y,0,315565.72,Working,Secondary / secondary special,Civil marriage,House / apartment,-10665.0,-2041.0,1.0,0.0,0.0,0.0,Sales staff,2.0,0
247,5009069,M,Y,Y,0,313731.83,Working,Secondary / secondary special,Civil marriage,House / apartment,-10752.0,-2099.0,1.0,0.0,0.0,0.0,Sales staff,2.0,0
248,5009070,M,Y,Y,0,311171.64,Working,Secondary / secondary special,Civil marriage,House / apartment,-10711.0,-2121.0,1.0,0.0,0.0,0.0,Sales staff,2.0,0
249,5009071,F,Y,Y,0,274395.03,Commercial associate,Incomplete higher,Civil marriage,Municipal apartment,-10328.0,-3214.0,1.0,0.0,1.0,1.0,High skill tech staff,2.0,0
250,5009072,F,Y,Y,0,264539.11,Commercial associate,Incomplete higher,Civil marriage,Municipal apartment,-10035.0,-3233.0,1.0,0.0,1.0,1.0,High skill tech staff,2.0,0
251,6153722,F,Y,Y,0,271346.59,Commercial associate,Incomplete higher,Civil marriage,Municipal apartment,-10566.0,-3062.0,1.0,0.0,1.0,1.0,High skill tech staff,2.0,0
252,5009074,F,Y,Y,1,453657.95,State servant,Higher education,Married,House / apartment,-17790.0,-702.0,1.0,0.0,1.0,1.0,Core staff,3.0,0
253,5009075,F,Y,Y,1,449494.97,State servant,Higher education,Married,House / apartment,-17794.0,-724.0,1.0,0.0,1.0,1.0,Core staff,3.0,0
254,5009078,M,N,Y,1,178744.06,Working,Secondary / secondary special,Married,With parents,-13636.0,-1301.0,1.0,0.0,0.0,0.0,Drivers,3.0,0
255,5009079,F,N,Y,0,112368.79,Working,Higher education,Civil marriage,House / apartment,-9647.0,-3210.0,1.0,0.0,0.0,1.0,Laborers,2.0,0
256,5009080,F,N,Y,0,110076.64,Working,Higher education,Civil marriage,House / apartment,-10027.0,-3130.0,1.0,0.0,0.0,1.0,Laborers,2.0,0
257,5009081,F,N,Y,0,113169.54,Working,Higher education,Civil marriage,House / apartment,-10296.0,-3240.0,1.0,0.0,0.0,1.0,Laborers,2.0,0
258,5009083,M,N,Y,0,85385.81,Working,Secondary / secondary special,Married,House / apartment,-21567.0,-5703.0,1.0,0.0,0.0,0.0,Drivers,2.0,0
259,5009084,M,N,Y,0,89587.1,Working,Secondary / secondary special,Married,House / apartment,-19686.0,-5735.0,1.0,0.0,0.0,0.0,Drivers,2.0,0
260,6153724,M,N,Y,0,84573.27,Working,Secondary / secondary special,Married,House / apartment,-20721.0,-5772.0,1.0,0.0,0.0,0.0,Drivers,2.0,0
261,6153738,M,N,Y,0,90743.76,Working,Secondary / secondary special,Married,House / apartment,-20600.0,-5812.0,1.0,0.0,0.0,0.0,Drivers,2.0,0
262,5009088,M,Y,N,2,201663.69,Commercial associate,Higher education,Married,House / apartment,-14781.0,-3026.0,1.0,0.0,0.0,0.0,Laborers,4.0,0
263,5009089,M,Y,N,2,206595.02,Commercial associate,Higher education,Married,House / apartment,-14695.0,-3023.0,1.0,0.0,0.0,0.0,Laborers,4.0,0
264,6153739,M,Y,N,2,204794.47,Commercial associate,Higher education,Married,House / apartment,-14920.0,-3068.0,1.0,0.0,0.0,0.0,Laborers,4.0,0
265,6153740,M,Y,N,2,200695.29,Commercial associate,Higher education,Married,House / apartment,-14661.0,-2863.0,1.0,0.0,0.0,0.0,Laborers,4.0,0
266,5009090,M,Y,Y,0,242910.21,Working,Secondary / secondary special,Married,House / apartment,-12903.0,-4059.0,1.0,0.0,0.0,0.0,Drivers,2.0,0
267,5009092,M,Y,Y,1,769619.57,Working,Higher education,Married,House / apartment,-11679.0,-1261.0,1.0,1.0,0.0,0.0,Managers,3.0,0
268,5009094,M,Y,Y,1,760992.46,Working,Higher education,Married,House / apartment,-12437.0,-1201.0,1.0,1.0,0.0,0.0,Managers,3.0,0
269,5009095,M,Y,Y,1,793285.16,Working,Higher education,Married,House / apartment,-12066.0,-1226.0,1.0,1.0,0.0,0.0,Managers,3.0,0
270,6153741,M,Y,Y,1,761195.51,Working,Higher education,Married,House / apartment,-12318.0,-1234.0,1.0,1.0,0.0,0.0,Managers,3.0,0
271,5009096,F,N,Y,1,264293.31,Commercial associate,Secondary / secondary special,Married,House / apartment,-13948.0,-4223.0,1.0,0.0,0.0,1.0,Accountants,3.0,0
272,5009097,F,N,Y,1,271846.23,Commercial associate,Secondary / secondary special,Married,House / apartment,-13741.0,-4352.0,1.0,0.0,0.0,1.0,Accountants,3.0,0
273,5009098,F,N,Y,1,274724.59,Commercial associate,Secondary / secondary special,Married,House / apartment,-13647.0,-4330.0,1.0,0.0,0.0,1.0,Accountants,3.0,0
274,5009099,F,N,Y,0,312289.36,Working,Higher education,Separated,House / apartment,-13292.0,-570.0,1.0,0.0,0.0,0.0,Managers,1.0,0
275,5009100,F,N,Y,0,317703.11,Working,Higher education,Separated,House / apartment,-13200.0,-574.0,1.0,0.0,0.0,0.0,Managers,1.0,0
276,5009103,M,Y,Y,2,156388.17,Working,Secondary / secondary special,Married,With parents,-12630.0,-3902.0,1.0,0.0,1.0,0.0,Drivers,4.0,0
277,5009104,M,Y,Y,2,158155.16,Working,Secondary / secondary special,Married,With parents,-13357.0,-4086.0,1.0,0.0,1.0,0.0,Drivers,4.0,0
278,5009105,M,Y,Y,2,158301.94,Working,Secondary / secondary special,Married,With parents,-12530.0,-4101.0,1.0,0.0,1.0,0.0,Drivers,4.0,0
279,5009106,M,Y,Y,2,153833.87,Working,Secondary / secondary special,Married,With parents,-13367.0,-3992.0,1.0,0.0,1.0,0.0,Drivers,4.0,0
280,5112876,M,Y,Y,2,162564.57,Working,Secondary / secondary special,Married,With parents,-12912.0,-4135.0,1.0,0.0,1.0,0.0,Drivers,4.0,0
281,5009108,M,N,Y,0,359513.05,Commercial associate,Secondary / secondary special,Married,House / apartment,-15398.0,-2801.0,1.0,0.0,0.0,0.0,Security staff,2.0,0
282,5009109,M,N,Y,0,356534.43,Commercial associate,Secondary / secondary special,Married,House / apartment,-15361.0,-2796.0,1.0,0.0,0.0,0.0,Security staff,2.0,0
283,5009110,F,N,Y,0,112057.42,Commercial associate,Higher education,Married,House / apartment,-8998.0,-313.0,1.0,0.0,0.0,1.0,High skill tech staff,2.0,0
284,5009116,F,N,N,0,155529.33,Commercial associate,Higher education,Separated,With parents,-15879.0,-437.0,1.0,0.0,0.0,0.0,,1.0,0
285,5009117,F,N,N,0,155696.51,Commercial associate,Higher education,Separated,With parents,-15504.0,-424.0,1.0,0.0,0.0,0.0,,1.0,0
286,5009118,F,N,N,0,158164.44,Commercial associate,Higher education,Separated,With parents,-15469.0,-454.0,1.0,0.0,0.0,0.0,,1.0,0
287,5009120,F,N,N,0,153096.12,Commercial associate,Higher education,Separated,With parents,-15696.0,-440.0,1.0,0.0,0.0,0.0,,1.0,0
288,5009122,F,N,N,0,163189.52,Commercial associate,Higher education,Separated,With parents,-16109.0,-427.0,1.0,0.0,0.0,0.0,,1.0,0
289,5009123,F,N,N,0,161518.15,Commercial associate,Higher education,Separated,With parents,-15477.0,-437.0,1.0,0.0,0.0,0.0,,1.0,0
290,5009124,F,N,N,0,160317.56,Commercial associate,Higher education,Separated,With parents,-15139.0,-420.0,1.0,0.0,0.0,0.0,,1.0,0
291,5009125,F,N,N,0,154062.55,Commercial associate,Higher education,Separated,With parents,-16100.0,-422.0,1.0,0.0,0.0,0.0,,1.0,0
292,5009126,F,N,N,0,157111.41,Commercial associate,Higher education,Separated,With parents,-15783.0,-446.0,1.0,0.0,0.0,0.0,,1.0,0
293,5009127,F,N,N,0,160067.33,Commercial associate,Higher education,Separated,With parents,-16193.0,-424.0,1.0,0.0,0.0,0.0,,1.0,0
294,5009128,F,N,N,0,160768.55,Commercial associate,Higher education,Separated,With parents,-15927.0,-420.0,1.0,0.0,0.0,0.0,,1.0,0
295,5009129,F,N,N,0,155426.79,Commercial associate,Higher education,Separated,With parents,-15802.0,-431.0,1.0,0.0,0.0,0.0,,1.0,0
296,5009130,F,N,N,0,160069.42,Commercial associate,Higher education,Separated,With parents,-16185.0,-427.0,1.0,0.0,0.0,0.0,,1.0,0
297,5009131,F,N,N,0,157185.28,Commercial associate,Higher education,Separated,With parents,-16232.0,-441.0,1.0,0.0,0.0,0.0,,1.0,0
298,6153757,F,N,N,0,163452.15,Commercial associate,Higher education,Separated,With parents,-16050.0,-433.0,1.0,0.0,0.0,0.0,,1.0,0
299,5009133,M,N,Y,0,389005.94,Pensioner,Secondary / secondary special,Widow,House / apartment,-21828.0,367221.0,1.0,0.0,0.0,0.0,,1.0,0
300,5009134,M,N,Y,0,380362.42,Pensioner,Secondary / secondary special,Widow,House / apartment,-21231.0,371643.0,1.0,0.0,0.0,0.0,,1.0,0
301,5009135,M,N,Y,0,381917.06,Pensioner,Secondary / secondary special,Widow,House / apartment,-22062.0,359724.0,1.0,0.0,0.0,0.0,,1.0,0
302,5009136,M,N,Y,0,381164.2,Pensioner,Secondary / secondary special,Widow,House / apartment,-22114.0,366944.0,1.0,0.0,0.0,0.0,,1.0,0
303,5009137,M,N,Y,0,377594.53,Pensioner,Secondary / secondary special,Widow,House / apartment,-21874.0,370822.0,1.0,0.0,0.0,0.0,,1.0,0
304,5009138,M,N,Y,0,389213.29,Pensioner,Secondary / secondary special,Widow,House / apartment,-22072.0,366293.0,1.0,0.0,0.0,0.0,,1.0,0
305,5009139,M,N,Y,0,377024.27,Pensioner,Secondary / secondary special,Widow,House / apartment,-21977.0,363818.0,1.0,0.0,0.0,0.0,,1.0,0
306,5009140,M,N,Y,0,386415.78,Pensioner,Secondary / secondary special,Widow,House / apartment,-21305.0,366488.0,1.0,0.0,0.0,0.0,,1.0,0
307,5009141,F,N,N,0,133320.23,Working,Secondary / secondary special,Civil marriage,House / apartment,-9617.0,-1524.0,1.0,1.0,1.0,0.0,Managers,2.0,0
308,5009142,F,N,N,0,131637.63,Working,Secondary / secondary special,Civil marriage,House / apartment,-9430.0,-1540.0,1.0,1.0,1.0,0.0,Managers,2.0,0
309,5009143,M,Y,N,0,215024.04,Pensioner,Secondary / secondary special,Civil marriage,House / apartment,-18678.0,363646.0,1.0,0.0,0.0,0.0,,2.0,0
310,5009144,M,Y,N,0,221747.05,Pensioner,Secondary / secondary special,Civil marriage,House / apartment,-18152.0,368444.0,1.0,0.0,0.0,0.0,,2.0,0
311,5009145,M,Y,N,0,312232.42,Working,Higher education,Married,House / apartment,-15764.0,-3714.0,1.0,1.0,1.0,0.0,Managers,2.0,1
312,5009146,M,Y,N,0,318520.96,Working,Higher education,Married,House / apartment,-15470.0,-3735.0,1.0,1.0,1.0,0.0,Managers,2.0,0
313,5009147,M,Y,N,0,317301.52,Working,Higher education,Married,House / apartment,-16330.0,-3717.0,1.0,1.0,1.0,0.0,Managers,2.0,1
314,5009149,M,Y,N,0,315005.39,Working,Higher education,Married,House / apartment,-15783.0,-3643.0,1.0,1.0,1.0,0.0,Managers,2.0,1
315,5009150,M,Y,N,0,323378.74,Working,Higher education,Married,House / apartment,-16010.0,-3750.0,1.0,1.0,1.0,0.0,Managers,2.0,1
316,6153802,M,Y,N,0,314635.43,Working,Higher education,Married,House / apartment,-15904.0,-3743.0,1.0,1.0,1.0,0.0,Managers,2.0,0
317,6153803,M,Y,N,0,319812.67,Working,Higher education,Married,House / apartment,-15882.0,-3822.0,1.0,1.0,1.0,0.0,Managers,2.0,1
318,5009151,F,N,N,0,183811.99,Working,Secondary / secondary special,Married,House / apartment,-19831.0,-2928.0,1.0,0.0,0.0,0.0,Sales staff,2.0,1
319,5009152,F,N,N,0,178102.16,Working,Secondary / secondary special,Married,House / apartment,-19814.0,-2914.0,1.0,0.0,0.0,0.0,Sales staff,2.0,1
320,5009153,F,N,N,0,179637.04,Working,Secondary / secondary special,Married,House / apartment,-19372.0,-2876.0,1.0,0.0,0.0,0.0,Sales staff,2.0,0
321,5009154,F,N,N,0,177835.55,Working,Secondary / secondary special,Married,House / apartment,-18430.0,-2867.0,1.0,0.0,0.0,0.0,Sales staff,2.0,1
322,5009155,F,N,N,0,182185.92,Working,Secondary / secondary special,Married,House / apartment,-19547.0,-2943.0,1.0,0.0,0.0,0.0,Sales staff,2.0,1
323,5009156,F,N,N,0,181205.92,Working,Secondary / secondary special,Married,House / apartment,-19346.0,-2887.0,1.0,0.0,0.0,0.0,Sales staff,2.0,1
324,5009157,F,N,N,0,178787.77,Working,Secondary / secondary special,Married,House / apartment,-20257.0,-2969.0,1.0,0.0,0.0,0.0,Sales staff,2.0,1
325,5009158,F,N,N,0,182184.44,Working,Secondary / secondary special,Married,House / apartment,-19765.0,-2901.0,1.0,0.0,0.0,0.0,Sales staff,2.0,1
326,5009159,F,N,N,0,181625.61,Working,Secondary / secondary special,Married,House / apartment,-19154.0,-2943.0,1.0,0.0,0.0,0.0,Sales staff,2.0,1
327,5009160,F,N,N,0,182213.81,Working,Secondary / secondary special,Married,House / apartment,-18627.0,-2914.0,1.0,0.0,0.0,0.0,Sales staff,2.0,1
328,5009161,F,N,N,0,173974.82,Working,Secondary / secondary special,Married,House / apartment,-19296.0,-2888.0,1.0,0.0,0.0,0.0,Sales staff,2.0,1
329,5009162,F,N,N,0,183227.89,Working,Secondary / secondary special,Married,House / apartment,-19853.0,-2920.0,1.0,0.0,0.0,0.0,Sales staff,2.0,0
330,5009163,F,N,N,0,151907.25,Working,Secondary / secondary special,Married,House / apartment,-12895.0,-3203.0,1.0,0.0,1.0,0.0,Sales staff,2.0,0
331,5009164,F,N,N,0,159275.14,Working,Secondary / secondary special,Married,House / apartment,-12596.0,-3176.0,1.0,0.0,1.0,0.0,Sales staff,2.0,0
332,5009165,F,N,N,0,153913.27,Working,Secondary / secondary special,Married,House / apartment,-12916.0,-3045.0,1.0,0.0,1.0,0.0,Sales staff,2.0,0
333,5009166,F,N,N,0,151511.66,Working,Secondary / secondary special,Married,House / apartment,-12800.0,-3127.0,1.0,0.0,1.0,0.0,Sales staff,2.0,0
334,5009168,F,N,N,0,159284.89,Working,Secondary / secondary special,Married,House / apartment,-13064.0,-3168.0,1.0,0.0,1.0,0.0,Sales staff,2.0,0
335,6153804,F,N,N,0,153744.58,Working,Secondary / secondary special,Married,House / apartment,-12748.0,-3186.0,1.0,0.0,1.0,0.0,Sales staff,2.0,0
336,5009170,F,Y,N,0,138617.88,Pensioner,Secondary / secondary special,Married,House / apartment,-22437.0,359327.0,1.0,0.0,1.0,1.0,,2.0,0
337,5009177,M,Y,N,0,220944.53,Working,Incomplete higher,Married,Co-op apartment,-17872.0,-1291.0,1.0,0.0,0.0,0.0,Laborers,2.0,0
338,5009178,M,Y,N,0,227977.17,Working,Incomplete higher,Married,Co-op apartment,-18438.0,-1223.0,1.0,0.0,0.0,0.0,Laborers,2.0,0
339,5009179,M,Y,N,0,220585.16,Working,Incomplete higher,Married,Co-op apartment,-18308.0,-1275.0,1.0,0.0,0.0,0.0,Laborers,2.0,0
340,5009180,M,Y,N,0,237260.89,Working,Incomplete higher,Married,Co-op apartment,-18356.0,-1310.0,1.0,0.0,0.0,0.0,Laborers,2.0,0
341,5009181,M,Y,N,0,223966.38,Working,Incomplete higher,Married,Co-op apartment,-18206.0,-1282.0,1.0,0.0,0.0,0.0,Laborers,2.0,0
342,5009182,M,Y,N,0,233700.47,Working,Incomplete higher,Married,Co-op apartment,-18675.0,-1242.0,1.0,0.0,0.0,0.0,Laborers,2.0,0
343,5009183,M,Y,N,0,232611.12,Working,Incomplete higher,Married,Co-op apartment,-18816.0,-1283.0,1.0,0.0,0.0,0.0,Laborers,2.0,0
344,6153806,M,Y,N,0,228632.05,Working,Incomplete higher,Married,Co-op apartment,-18159.0,-1221.0,1.0,0.0,0.0,0.0,Laborers,2.0,0
345,5009186,F,N,N,0,273252.49,Working,Higher education,Married,House / apartment,-18049.0,-5740.0,1.0,1.0,1.0,0.0,Managers,2.0,1
346,5009187,F,N,N,0,275551.53,Working,Higher education,Married,House / apartment,-17912.0,-5720.0,1.0,1.0,1.0,0.0,Managers,2.0,1
347,5009188,F,N,N,0,260247.82,Working,Higher education,Married,House / apartment,-17296.0,-5806.0,1.0,1.0,1.0,0.0,Managers,2.0,0
348,5009189,F,N,N,0,271567.45,Working,Higher education,Married,House / apartment,-17979.0,-6025.0,1.0,1.0,1.0,0.0,Managers,2.0,0
349,5009190,F,N,N,0,270390.54,Working,Higher education,Married,House / apartment,-16816.0,-5748.0,1.0,1.0,1.0,0.0,Managers,2.0,1
350,5009191,F,N,N,0,267174.53,Working,Higher education,Married,House / apartment,-17017.0,-5684.0,1.0,1.0,1.0,0.0,Managers,2.0,1
351,5009192,F,N,N,0,272752.89,Working,Higher education,Married,House / apartment,-17833.0,-5864.0,1.0,1.0,1.0,0.0,Managers,2.0,1
352,5009193,F,N,N,0,272010.31,Working,Higher education,Married,House / apartment,-17926.0,-5636.0,1.0,1.0,1.0,0.0,Managers,2.0,1
353,5009195,F,N,N,0,291010.05,State servant,Secondary / secondary special,Married,House / apartment,-21026.0,-8824.0,1.0,1.0,1.0,0.0,Accountants,2.0,1
354,5009196,F,N,N,0,288554.07,State servant,Secondary / secondary special,Married,House / apartment,-20681.0,-8569.0,1.0,1.0,1.0,0.0,Accountants,2.0,0
355,5009198,F,N,N,0,291228.32,State servant,Secondary / secondary special,Married,House / apartment,-21049.0,-8810.0,1.0,1.0,1.0,0.0,Accountants,2.0,0
356,5009201,F,N,N,0,293329.28,State servant,Secondary / secondary special,Married,House / apartment,-21043.0,-8858.0,1.0,1.0,1.0,0.0,Accountants,2.0,0
357,5009202,F,N,N,0,296877.48,State servant,Secondary / secondary special,Married,House / apartment,-20730.0,-8637.0,1.0,1.0,1.0,0.0,Accountants,2.0,1
358,5009203,F,N,N,0,296142.55,State servant,Secondary / secondary special,Married,House / apartment,-20976.0,-8873.0,1.0,1.0,1.0,0.0,Accountants,2.0,0
359,5009204,F,N,N,0,293264.29,State servant,Secondary / secondary special,Married,House / apartment,-20618.0,-8568.0,1.0,1.0,1.0,0.0,Accountants,2.0,1
360,5009205,F,N,N,0,288109.83,State servant,Secondary / secondary special,Married,House / apartment,-21384.0,-8540.0,1.0,1.0,1.0,0.0,Accountants,2.0,0
361,5009206,F,N,N,0,298386.72,State servant,Secondary / secondary special,Married,House / apartment,-20578.0,-8734.0,1.0,1.0,1.0,0.0,Accountants,2.0,0
362,5009207,F,N,N,0,292761.41,State servant,Secondary / secondary special,Married,House / apartment,-20770.0,-8676.0,1.0,1.0,1.0,0.0,Accountants,2.0,0
363,5009208,F,N,N,0,287163.2,State servant,Secondary / secondary special,Married,House / apartment,-21626.0,-9014.0,1.0,1.0,1.0,0.0,Accountants,2.0,1
364,5009209,F,N,N,0,302840.05,State servant,Secondary / secondary special,Married,House / apartment,-21095.0,-8860.0,1.0,1.0,1.0,0.0,Accountants,2.0,0
365,5009210,F,N,N,0,294026.66,State servant,Secondary / secondary special,Married,House / apartment,-21249.0,-8643.0,1.0,1.0,1.0,0.0,Accountants,2.0,0
366,6153808,F,N,N,0,297025.88,State servant,Secondary / secondary special,Married,House / apartment,-21213.0,-8636.0,1.0,1.0,1.0,0.0,Accountants,2.0,1
367,6153809,F,N,N,0,293286.03,State servant,Secondary / secondary special,Married,House / apartment,-20581.0,-8622.0,1.0,1.0,1.0,0.0,Accountants,2.0,1
368,5009213,F,N,N,0,275468.17,Working,Higher education,Married,House / apartment,-12756.0,-854.0,1.0,1.0,1.0,0.0,Accountants,2.0,0
369,5009215,F,N,N,0,269868.28,Working,Higher education,Married,House / apartment,-12063.0,-856.0,1.0,1.0,1.0,0.0,Accountants,2.0,0
370,5009216,F,N,N,0,265889.14,Working,Higher education,Married,House / apartment,-12128.0,-856.0,1.0,1.0,1.0,0.0,Accountants,2.0,0
371,5009217,F,N,N,0,263283.85,Working,Higher education,Married,House / apartment,-12117.0,-856.0,1.0,1.0,1.0,0.0,Accountants,2.0,0
372,6153550,F,N,N,0,276327.51,Working,Higher education,Married,House / apartment,-12195.0,-848.0,1.0,1.0,1.0,0.0,Accountants,2.0,0
373,6153551,F,N,N,0,265291.34,Working,Higher education,Married,House / apartment,-12378.0,-839.0,1.0,1.0,1.0,0.0,Accountants,2.0,0
374,5009220,F,Y,N,0,226015.36,Working,Secondary / secondary special,Married,House / apartment,-14685.0,-768.0,1.0,1.0,0.0,0.0,Managers,2.0,0
375,5009222,F,Y,N,0,226823.71,Working,Secondary / secondary special,Married,House / apartment,-15498.0,-809.0,1.0,1.0,0.0,0.0,Managers,2.0,0
376,5009223,F,Y,N,0,230753.72,Working,Secondary / secondary special,Married,House / apartment,-14835.0,-811.0,1.0,1.0,0.0,0.0,Managers,2.0,0
377,5009224,F,Y,N,0,222657.0,Working,Secondary / secondary special,Married,House / apartment,-14457.0,-829.0,1.0,1.0,0.0,0.0,Managers,2.0,0
378,5009225,F,Y,N,0,224727.31,Working,Secondary / secondary special,Married,House / apartment,-14206.0,-787.0,1.0,1.0,0.0,0.0,Managers,2.0,0
379,5009226,F,Y,N,0,226791.11,Working,Secondary / secondary special,Married,House / apartment,-14774.0,-829.0,1.0,1.0,0.0,0.0,Managers,2.0,0
380,5009227,F,Y,N,0,220965.38,Working,Secondary / secondary special,Married,House / apartment,-14554.0,-812.0,1.0,1.0,0.0,0.0,Managers,2.0,0
381,5009232,F,Y,N,0,220020.39,Working,Secondary / secondary special,Married,House / apartment,-14678.0,-806.0,1.0,1.0,0.0,0.0,Managers,2.0,0
382,5009233,F,Y,N,0,219285.84,Working,Secondary / secondary special,Married,House / apartment,-14621.0,-799.0,1.0,1.0,0.0,0.0,Managers,2.0,0
383,5009234,F,Y,N,0,220358.02,Working,Secondary / secondary special,Married,House / apartment,-14717.0,-792.0,1.0,1.0,0.0,0.0,Managers,2.0,0
384,5009236,F,Y,N,0,221383.41,Working,Secondary / secondary special,Married,House / apartment,-15317.0,-777.0,1.0,1.0,0.0,0.0,Managers,2.0,0
385,6153552,F,Y,N,0,232953.19,Working,Secondary / secondary special,Married,House / apartment,-15169.0,-785.0,1.0,1.0,0.0,0.0,Managers,2.0,0
386,6153554,F,Y,N,0,220193.74,Working,Secondary / secondary special,Married,House / apartment,-14882.0,-797.0,1.0,1.0,0.0,0.0,Managers,2.0,0
387,6153555,F,Y,N,0,226151.27,Working,Secondary / secondary special,Married,House / apartment,-14515.0,-766.0,1.0,1.0,0.0,0.0,Managers,2.0,0
388,5009238,M,Y,N,0,156406.31,Working,Incomplete higher,Married,With parents,-10818.0,-1026.0,1.0,0.0,1.0,0.0,Drivers,2.0,0
389,5009239,M,Y,N,0,165137.36,Working,Incomplete higher,Married,With parents,-10733.0,-1007.0,1.0,0.0,1.0,0.0,Drivers,2.0,0
390,5009240,M,Y,N,0,160155.27,Working,Incomplete higher,Married,With parents,-10399.0,-957.0,1.0,0.0,1.0,0.0,Drivers,2.0,0
391,5009241,M,Y,N,0,158242.32,Working,Incomplete higher,Married,With parents,-10821.0,-991.0,1.0,0.0,1.0,0.0,Drivers,2.0,0
392,6153556,M,Y,N,0,156892.31,Working,Incomplete higher,Married,With parents,-10829.0,-966.0,1.0,0.0,1.0,0.0,Drivers,2.0,0
393,5009242,F,N,N,0,77131.6,Working,Higher education,Separated,Municipal apartment,-19250.0,-5035.0,1.0,0.0,1.0,0.0,Core staff,1.0,0
394,5009243,F,N,N,0,72798.43,Working,Higher education,Separated,Municipal apartment,-19037.0,-5305.0,1.0,0.0,1.0,0.0,Core staff,1.0,0
395,5009244,F,N,N,0,73472.05,Working,Higher education,Separated,Municipal apartment,-18798.0,-5480.0,1.0,0.0,1.0,0.0,Core staff,1.0,0
396,5009246,F,N,N,0,133090.59,Commercial associate,Secondary / secondary special,Married,House / apartment,-14558.0,-2121.0,1.0,0.0,1.0,0.0,,2.0,0
397,5009247,F,N,N,0,137771.19,Commercial associate,Secondary / secondary special,Married,House / apartment,-14384.0,-2189.0,1.0,0.0,1.0,0.0,,2.0,0
398,5009248,F,N,N,0,131667.55,Commercial associate,Secondary / secondary special,Married,House / apartment,-14357.0,-2162.0,1.0,0.0,1.0,0.0,,2.0,0
399,5009249,M,Y,N,1,136823.64,Working,Secondary / secondary special,Married,House / apartment,-10200.0,-914.0,1.0,1.0,0.0,0.0,Drivers,3.0,0
400,5009250,M,Y,N,1,134435.3,Working,Secondary / secondary special,Married,House / apartment,-9997.0,-915.0,1.0,1.0,0.0,0.0,Drivers,3.0,0
401,5009251,M,Y,N,1,134046.86,Working,Secondary / secondary special,Married,House / apartment,-9850.0,-918.0,1.0,1.0,0.0,0.0,Drivers,3.0,0
402,5009252,M,Y,N,1,132886.84,Working,Secondary / secondary special,Married,House / apartment,-9925.0,-944.0,1.0,1.0,0.0,0.0,Drivers,3.0,0
403,5009253,M,Y,N,1,133203.04,Working,Secondary / secondary special,Married,House / apartment,-10081.0,-928.0,1.0,1.0,0.0,0.0,Drivers,3.0,0
404,6153557,M,Y,N,1,132695.88,Working,Secondary / secondary special,Married,House / apartment,-9912.0,-886.0,1.0,1.0,0.0,0.0,Drivers,3.0,0
405,5009255,F,N,N,0,144272.33,Working,Secondary / secondary special,Single / not married,House / apartment,-15723.0,-8784.0,1.0,0.0,0.0,0.0,Cleaning staff,1.0,0
406,5009257,F,N,N,0,145241.29,Working,Secondary / secondary special,Single / not married,House / apartment,-16185.0,-8740.0,1.0,0.0,0.0,0.0,Cleaning staff,1.0,0
407,5009258,F,N,N,0,141197.5,Working,Secondary / secondary special,Single / not married,House / apartment,-15416.0,-9375.0,1.0,0.0,0.0,0.0,Cleaning staff,1.0,0
408,5009260,F,N,N,0,202964.64,State servant,Higher education,Married,With parents,-14625.0,-1273.0,1.0,0.0,1.0,0.0,Core staff,2.0,0
409,5009261,F,N,N,0,204857.37,State servant,Higher education,Married,With parents,-15187.0,-1301.0,1.0,0.0,1.0,0.0,Core staff,2.0,0
410,5009262,F,N,N,0,194409.01,State servant,Higher education,Married,With parents,-14864.0,-1307.0,1.0,0.0,1.0,0.0,Core staff,2.0,0
411,5009263,F,N,N,0,200412.0,State servant,Higher education,Married,With parents,-14294.0,-1290.0,1.0,0.0,1.0,0.0,Core staff,2.0,0
412,6153558,F,N,N,0,206638.6,State servant,Higher education,Married,With parents,-14533.0,-1283.0,1.0,0.0,1.0,0.0,Core staff,2.0,0
413,5009264,F,N,N,0,40300.46,Pensioner,Secondary / secondary special,Single / not married,House / apartment,-20913.0,363011.0,1.0,0.0,0.0,0.0,,1.0,0
414,5009265,M,Y,N,0,331829.04,State servant,Higher education,Married,With parents,-10056.0,-1672.0,1.0,1.0,1.0,0.0,Managers,2.0,0
415,5009266,M,Y,N,0,340925.23,State servant,Higher education,Married,With parents,-10351.0,-1597.0,1.0,1.0,1.0,0.0,Managers,2.0,0
416,5009267,M,Y,N,0,344984.77,State servant,Higher education,Married,With parents,-10200.0,-1668.0,1.0,1.0,1.0,0.0,Managers,2.0,0
417,5009268,M,Y,N,0,327684.31,State servant,Higher education,Married,With parents,-10477.0,-1648.0,1.0,1.0,1.0,0.0,Managers,2.0,0
418,5009269,M,Y,N,0,341112.31,State servant,Higher education,Married,With parents,-10063.0,-1666.0,1.0,1.0,1.0,0.0,Managers,2.0,0
419,5009270,M,N,N,0,186437.53,Commercial associate,Secondary / secondary special,Married,Municipal apartment,-15108.0,-2400.0,1.0,0.0,1.0,0.0,Laborers,2.0,0
420,5009271,M,N,N,0,186879.46,Commercial associate,Secondary / secondary special,Married,Municipal apartment,-14719.0,-2505.0,1.0,0.0,1.0,0.0,Laborers,2.0,0
421,5009272,M,N,N,0,180480.01,Commercial associate,Secondary / secondary special,Married,Municipal apartment,-14542.0,-2439.0,1.0,0.0,1.0,0.0,Laborers,2.0,0
422,5009274,M,N,N,0,185045.51,Commercial associate,Secondary / secondary special,Married,Municipal apartment,-14606.0,-2524.0,1.0,0.0,1.0,0.0,Laborers,2.0,0
423,5009275,M,N,N,0,179027.75,Commercial associate,Secondary / secondary special,Married,Municipal apartment,-14767.0,-2436.0,1.0,0.0,1.0,0.0,Laborers,2.0,0
424,5009276,M,N,N,0,185889.63,Commercial associate,Secondary / secondary special,Married,Municipal apartment,-14916.0,-2510.0,1.0,0.0,1.0,0.0,Laborers,2.0,0
425,5009277,M,N,N,0,183641.09,Commercial associate,Secondary / secondary special,Married,Municipal apartment,-14619.0,-2369.0,1.0,0.0,1.0,0.0,Laborers,2.0,0
426,5009278,F,N,N,0,129224.65,Working,Secondary / secondary special,Civil marriage,House / apartment,-15334.0,-4843.0,1.0,0.0,1.0,0.0,Cleaning staff,2.0,0
427,5009279,F,N,N,0,132121.85,Working,Secondary / secondary special,Civil marriage,House / apartment,-14466.0,-4825.0,1.0,0.0,1.0,0.0,Cleaning staff,2.0,0
428,5009280,F,N,N,0,131098.79,Working,Secondary / secondary special,Civil marriage,House / apartment,-14568.0,-4812.0,1.0,0.0,1.0,0.0,Cleaning staff,2.0,0
429,5009281,F,N,N,0,133873.64,Working,Secondary / secondary special,Civil marriage,House / apartment,-15487.0,-4725.0,1.0,0.0,1.0,0.0,Cleaning staff,2.0,0
430,5009284,F,N,N,0,133699.87,Working,Secondary / secondary special,Civil marriage,House / apartment,-14823.0,-4808.0,1.0,0.0,1.0,0.0,Cleaning staff,2.0,0
431,5009285,F,N,N,0,133116.36,Working,Secondary / secondary special,Civil marriage,House / apartment,-15315.0,-4627.0,1.0,0.0,1.0,0.0,Cleaning staff,2.0,0
432,5009286,F,N,N,0,130586.25,Working,Secondary / secondary special,Civil marriage,House / apartment,-14970.0,-4828.0,1.0,0.0,1.0,0.0,Cleaning staff,2.0,0
433,5009287,F,N,N,0,128396.08,Working,Secondary / secondary special,Civil marriage,House / apartment,-15226.0,-4778.0,1.0,0.0,1.0,0.0,Cleaning staff,2.0,0
434,5009289,F,N,N,0,129949.87,Working,Secondary / secondary special,Civil marriage,House / apartment,-14775.0,-4845.0,1.0,0.0,1.0,0.0,Cleaning staff,2.0,0
435,5009290,F,N,N,0,128417.11,Working,Secondary / secondary special,Civil marriage,House / apartment,-15147.0,-4869.0,1.0,0.0,1.0,0.0,Cleaning staff,2.0,0
436,5009291,F,N,N,0,129025.33,Working,Secondary / secondary special,Civil marriage,House / apartment,-15188.0,-4724.0,1.0,0.0,1.0,0.0,Cleaning staff,2.0,0
437,5009292,F,N,N,0,132963.04,Working,Secondary / secondary special,Civil marriage,House / apartment,-14938.0,-4835.0,1.0,0.0,1.0,0.0,Cleaning staff,2.0,0
438,5009293,F,N,N,0,129663.58,Working,Secondary / secondary special,Civil marriage,House / apartment,-14993.0,-4768.0,1.0,0.0,1.0,0.0,Cleaning staff,2.0,0
439,5009294,F,N,N,0,133514.15,Working,Secondary / secondary special,Civil marriage,House / apartment,-14617.0,-4754.0,1.0,0.0,1.0,0.0,Cleaning staff,2.0,0
440,5009295,F,N,N,0,142160.33,Pensioner,Secondary / secondary special,Married,House / apartment,-21030.0,364332.0,1.0,0.0,1.0,0.0,,2.0,0
441,5009296,F,N,N,0,143929.78,Pensioner,Secondary / secondary special,Married,House / apartment,-21465.0,374678.0,1.0,0.0,1.0,0.0,,2.0,0
442,5009297,F,N,N,0,193103.8,Working,Secondary / secondary special,Single / not married,Municipal apartment,-16351.0,-1865.0,1.0,0.0,1.0,0.0,Laborers,1.0,0
443,5009299,F,N,N,0,197132.26,Working,Secondary / secondary special,Single / not married,Municipal apartment,-16322.0,-1883.0,1.0,0.0,1.0,0.0,Laborers,1.0,1
444,5009300,F,N,N,0,195055.04,Working,Secondary / secondary special,Single / not married,Municipal apartment,-16084.0,-1816.0,1.0,0.0,1.0,0.0,Laborers,1.0,0
445,5009301,F,N,N,0,195557.98,Working,Secondary / secondary special,Single / not married,Municipal apartment,-15718.0,-1868.0,1.0,0.0,1.0,0.0,Laborers,1.0,1
446,6153561,F,N,N,0,203145.21,Working,Secondary / secondary special,Single / not married,Municipal apartment,-16115.0,-1903.0,1.0,0.0,1.0,0.0,Laborers,1.0,1
447,5009302,F,N,N,0,112430.34,Pensioner,Secondary / secondary special,Widow,House / apartment,-22639.0,363940.0,1.0,0.0,0.0,0.0,,1.0,0
448,5009303,F,N,N,0,115335.27,Pensioner,Secondary / secondary special,Widow,House / apartment,-21788.0,350502.0,1.0,0.0,0.0,0.0,,1.0,0
449,5009304,F,N,N,0,108329.59,Pensioner,Secondary / secondary special,Widow,House / apartment,-22196.0,354094.0,1.0,0.0,0.0,0.0,,1.0,0
450,5009305,F,N,N,0,114824.03,Pensioner,Secondary / secondary special,Widow,House / apartment,-22197.0,367121.0,1.0,0.0,0.0,0.0,,1.0,0
451,5009306,F,Y,N,0,137459.33,Pensioner,Secondary / secondary special,Married,House / apartment,-20623.0,371828.0,1.0,0.0,1.0,1.0,,2.0,0
452,5009307,F,Y,N,0,137712.89,Pensioner,Secondary / secondary special,Married,House / apartment,-21182.0,380698.0,1.0,0.0,1.0,1.0,,2.0,0
453,5009308,F,Y,N,0,136419.29,Pensioner,Secondary / secondary special,Married,House / apartment,-19923.0,359967.0,1.0,0.0,1.0,1.0,,2.0,0
454,5009309,F,Y,N,0,132769.21,Pensioner,Secondary / secondary special,Married,House / apartment,-20429.0,377937.0,1.0,0.0,1.0,1.0,,2.0,0
455,5009310,F,Y,N,0,133007.02,Pensioner,Secondary / secondary special,Married,House / apartment,-19754.0,376302.0,1.0,0.0,1.0,1.0,,2.0,0
456,5009311,F,Y,N,0,132526.09,Pensioner,Secondary / secondary special,Married,House / apartment,-19626.0,369624.0,1.0,0.0,1.0,1.0,,2.0,0
457,5009312,F,Y,N,0,137931.39,Pensioner,Secondary / secondary special,Married,House / apartment,-20066.0,370553.0,1.0,0.0,1.0,1.0,,2.0,0
458,5009313,F,Y,N,0,134524.45,Pensioner,Secondary / secondary special,Married,House / apartment,-19737.0,370864.0,1.0,0.0,1.0,1.0,,2.0,0
459,5009314,F,Y,N,0,131737.42,Pensioner,Secondary / secondary special,Married,House / apartment,-20192.0,366343.0,1.0,0.0,1.0,1.0,,2.0,0
460,5009315,F,Y,N,0,133052.48,Pensioner,Secondary / secondary special,Married,House / apartment,-19520.0,361876.0,1.0,0.0,1.0,1.0,,2.0,0
461,5009316,F,Y,N,0,134897.25,Pensioner,Secondary / secondary special,Married,House / apartment,-20932.0,367010.0,1.0,0.0,1.0,1.0,,2.0,0
462,5009317,F,Y,N,0,135705.39,Pensioner,Secondary / secondary special,Married,House / apartment,-20623.0,370634.0,1.0,0.0,1.0,1.0,,2.0,0
463,5009318,F,Y,N,0,129983.33,Pensioner,Secondary / secondary special,Married,House / apartment,-19729.0,360938.0,1.0,0.0,1.0,1.0,,2.0,0
464,5009319,F,Y,N,0,137962.78,Pensioner,Secondary / secondary special,Married,House / apartment,-20089.0,361450.0,1.0,0.0,1.0,1.0,,2.0,0
465,5009325,M,Y,N,0,263128.18,Working,Higher education,Married,House / apartment,-20580.0,-4741.0,1.0,0.0,1.0,0.0,Laborers,2.0,1
466,5009327,M,Y,N,0,267482.63,Working,Higher education,Married,House / apartment,-20992.0,-4688.0,1.0,0.0,1.0,0.0,Laborers,2.0,1
467,5009328,M,Y,N,0,269420.08,Working,Higher education,Married,House / apartment,-20832.0,-4872.0,1.0,0.0,1.0,0.0,Laborers,2.0,1
468,5009329,M,Y,N,0,270009.64,Working,Higher education,Married,House / apartment,-20933.0,-4695.0,1.0,0.0,1.0,0.0,Laborers,2.0,0
469,5009330,M,Y,N,0,277426.29,Working,Higher education,Married,House / apartment,-20349.0,-4732.0,1.0,0.0,1.0,0.0,Laborers,2.0,0
470,5009331,M,Y,N,0,257073.89,Working,Higher education,Married,House / apartment,-20589.0,-4610.0,1.0,0.0,1.0,0.0,Laborers,2.0,0
471,5009332,M,Y,N,0,262039.35,Working,Higher education,Married,House / apartment,-21564.0,-4808.0,1.0,0.0,1.0,0.0,Laborers,2.0,0
472,5009333,M,Y,N,0,269440.85,Working,Higher education,Married,House / apartment,-21468.0,-4694.0,1.0,0.0,1.0,0.0,Laborers,2.0,0
473,5009335,F,N,N,0,140919.6,Working,Higher education,Separated,House / apartment,-16585.0,-6916.0,1.0,0.0,0.0,0.0,Managers,1.0,0
474,5009336,F,N,N,0,138266.45,Working,Higher education,Separated,House / apartment,-16312.0,-7033.0,1.0,0.0,0.0,0.0,Managers,1.0,0
475,5009337,F,N,N,0,135121.18,Working,Higher education,Separated,House / apartment,-15930.0,-7344.0,1.0,0.0,0.0,0.0,Managers,1.0,0
476,6153581,F,N,N,0,142928.16,Working,Higher education,Separated,House / apartment,-15586.0,-7240.0,1.0,0.0,0.0,0.0,Managers,1.0,0
477,5009338,M,N,N,0,68059.83,Working,Secondary / secondary special,Married,House / apartment,-17867.0,-5290.0,1.0,1.0,1.0,0.0,Security staff,2.0,0
478,5009339,M,N,N,0,67801.94,Working,Secondary / secondary special,Married,House / apartment,-18498.0,-5317.0,1.0,1.0,1.0,0.0,Security staff,2.0,0
479,5009340,M,Y,N,0,254093.14,Working,Secondary / secondary special,Married,House / apartment,-10285.0,-2431.0,1.0,0.0,0.0,0.0,High skill tech staff,2.0,0
480,5009341,M,Y,N,0,255644.86,Working,Secondary / secondary special,Married,House / apartment,-10476.0,-2485.0,1.0,0.0,0.0,0.0,High skill tech staff,2.0,0
481,5009342,M,Y,N,0,258002.65,Working,Secondary / secondary special,Married,House / apartment,-10608.0,-2389.0,1.0,0.0,0.0,0.0,High skill tech staff,2.0,0
482,5009343,M,Y,N,0,257107.53,Working,Secondary / secondary special,Married,House / apartment,-11012.0,-2430.0,1.0,0.0,0.0,0.0,High skill tech staff,2.0,0
483,5009344,M,Y,N,0,254397.76,Working,Secondary / secondary special,Married,House / apartment,-10829.0,-2468.0,1.0,0.0,0.0,0.0,High skill tech staff,2.0,0
484,5009345,M,Y,N,0,259445.93,Working,Secondary / secondary special,Married,House / apartment,-10473.0,-2465.0,1.0,0.0,0.0,0.0,High skill tech staff,2.0,0
485,5009346,M,Y,N,0,244177.74,Working,Secondary / secondary special,Married,House / apartment,-10608.0,-2576.0,1.0,0.0,0.0,0.0,High skill tech staff,2.0,0
486,5009349,M,N,N,0,181226.35,Commercial associate,Lower secondary,Married,House / apartment,-21766.0,-126.0,1.0,0.0,1.0,0.0,Drivers,2.0,0
487,5009354,M,N,N,0,176567.74,Commercial associate,Lower secondary,Married,House / apartment,-20602.0,-125.0,1.0,0.0,1.0,0.0,Drivers,2.0,0
488,6153582,M,N,N,0,181840.57,Commercial associate,Lower secondary,Married,House / apartment,-20465.0,-128.0,1.0,0.0,1.0,0.0,Drivers,2.0,0
489,6153584,M,N,N,0,185049.79,Commercial associate,Lower secondary,Married,House / apartment,-20523.0,-130.0,1.0,0.0,1.0,0.0,Drivers,2.0,0
490,5009355,F,N,N,0,133284.96,Commercial associate,Secondary / secondary special,Married,House / apartment,-19103.0,-5146.0,1.0,1.0,1.0,0.0,Laborers,2.0,0
491,5009358,F,N,N,0,140985.7,Commercial associate,Secondary / secondary special,Married,House / apartment,-19851.0,-5241.0,1.0,1.0,1.0,0.0,Laborers,2.0,0
492,5009359,F,Y,N,0,914367.04,Working,Higher education,Single / not married,House / apartment,-19486.0,-7380.0,1.0,0.0,0.0,0.0,Managers,1.0,1
493,5009360,F,Y,N,0,932029.53,Working,Higher education,Single / not married,House / apartment,-19661.0,-7284.0,1.0,0.0,0.0,0.0,Managers,1.0,1
494,5009361,M,Y,N,0,180816.52,Commercial associate,Higher education,Civil marriage,House / apartment,-14938.0,-591.0,1.0,1.0,0.0,0.0,Drivers,2.0,0
495,5009362,M,Y,N,0,183819.83,Commercial associate,Higher education,Civil marriage,House / apartment,-15074.0,-589.0,1.0,1.0,0.0,0.0,Drivers,2.0,0
496,5009363,M,Y,N,0,179037.52,Commercial associate,Higher education,Civil marriage,House / apartment,-15006.0,-596.0,1.0,1.0,0.0,0.0,Drivers,2.0,0
497,5009364,M,Y,N,0,185576.93,Commercial associate,Higher education,Civil marriage,House / apartment,-15036.0,-593.0,1.0,1.0,0.0,0.0,Drivers,2.0,0
498,5009365,M,Y,N,0,181699.63,Commercial associate,Higher education,Civil marriage,House / apartment,-14689.0,-596.0,1.0,1.0,0.0,0.0,Drivers,2.0,0
499,5009366,M,Y,N,0,178668.76,Commercial associate,Higher education,Civil marriage,House / apartment,-14933.0,-595.0,1.0,1.0,0.0,0.0,Drivers,2.0,0
500,5009367,M,Y,N,0,180867.27,Commercial associate,Higher education,Civil marriage,House / apartment,-15329.0,-579.0,1.0,1.0,0.0,0.0,Drivers,2.0,0
501,5009368,M,Y,N,0,112960.17,Pensioner,Secondary / secondary special,Married,House / apartment,-23718.0,363696.0,1.0,0.0,1.0,1.0,,2.0,0
502,5009369,M,Y,N,0,116050.19,Pensioner,Secondary / secondary special,Married,House / apartment,-23111.0,362992.0,1.0,0.0,1.0,1.0,,2.0,0
503,5009370,M,Y,N,0,116336.96,Pensioner,Secondary / secondary special,Married,House / apartment,-23894.0,361444.0,1.0,0.0,1.0,1.0,,2.0,0
504,5009371,M,Y,N,0,115151.51,Pensioner,Secondary / secondary special,Married,House / apartment,-24410.0,355692.0,1.0,0.0,1.0,1.0,,2.0,0
505,5009372,M,Y,N,0,117503.46,Pensioner,Secondary / secondary special,Married,House / apartment,-23584.0,360168.0,1.0,0.0,1.0,1.0,,2.0,0
506,5009373,M,Y,N,0,116580.27,Pensioner,Secondary / secondary special,Married,House / apartment,-23466.0,360563.0,1.0,0.0,1.0,1.0,,2.0,0
507,6153586,M,Y,N,0,115849.87,Pensioner,Secondary / secondary special,Married,House / apartment,-22804.0,378608.0,1.0,0.0,1.0,1.0,,2.0,0
508,6153587,M,Y,N,0,116211.55,Pensioner,Secondary / secondary special,Married,House / apartment,-22939.0,352444.0,1.0,0.0,1.0,1.0,,2.0,0
509,5009378,F,N,N,2,230307.13,Working,Higher education,Married,House / apartment,-11307.0,-1658.0,1.0,1.0,0.0,1.0,Core staff,4.0,0
510,6153588,F,N,N,2,226295.87,Working,Higher education,Married,House / apartment,-11454.0,-1806.0,1.0,1.0,0.0,1.0,Core staff,4.0,0
511,6153589,F,N,N,2,227576.78,Working,Higher education,Married,House / apartment,-11243.0,-1728.0,1.0,1.0,0.0,1.0,Core staff,4.0,0
512,5009379,M,Y,N,1,131816.57,Working,Secondary / secondary special,Married,House / apartment,-9543.0,-1208.0,1.0,1.0,0.0,0.0,Sales staff,3.0,0
513,5009380,M,Y,N,1,134535.15,Working,Secondary / secondary special,Married,House / apartment,-9616.0,-1201.0,1.0,1.0,0.0,0.0,Sales staff,3.0,0
514,5009381,M,Y,N,1,139562.84,Working,Secondary / secondary special,Married,House / apartment,-9553.0,-1192.0,1.0,1.0,0.0,0.0,Sales staff,3.0,0
515,5009382,M,Y,N,1,128201.24,Working,Secondary / secondary special,Married,House / apartment,-9474.0,-1213.0,1.0,1.0,0.0,0.0,Sales staff,3.0,0
516,6153590,M,Y,N,1,133804.71,Working,Secondary / secondary special,Married,House / apartment,-9366.0,-1175.0,1.0,1.0,0.0,0.0,Sales staff,3.0,0
517,5009383,F,N,N,0,456047.19,State servant,Higher education,Married,House / apartment,-15091.0,-5515.0,1.0,0.0,1.0,0.0,Managers,2.0,0
518,5009384,F,N,N,0,444042.92,State servant,Higher education,Married,House / apartment,-14984.0,-5675.0,1.0,0.0,1.0,0.0,Managers,2.0,0
519,5009386,F,N,N,0,443998.97,State servant,Higher education,Married,House / apartment,-14939.0,-5507.0,1.0,0.0,1.0,0.0,Managers,2.0,0
520,5009387,F,N,N,0,462880.22,State servant,Higher education,Married,House / apartment,-14838.0,-5503.0,1.0,0.0,1.0,0.0,Managers,2.0,0
521,5009389,M,N,N,0,288515.89,State servant,Higher education,Single / not married,House / apartment,-10735.0,-3263.0,1.0,0.0,0.0,0.0,Core staff,1.0,0
522,5009391,M,N,N,0,278968.9,State servant,Higher education,Single / not married,House / apartment,-11119.0,-3216.0,1.0,0.0,0.0,0.0,Core staff,1.0,0
523,5009392,M,N,N,0,281778.94,State servant,Higher education,Single / not married,House / apartment,-11076.0,-3095.0,1.0,0.0,0.0,0.0,Core staff,1.0,0
524,5009393,M,N,N,0,285076.85,State servant,Higher education,Single / not married,House / apartment,-11012.0,-2997.0,1.0,0.0,0.0,0.0,Core staff,1.0,0
525,5009394,M,N,N,0,275380.16,State servant,Higher education,Single / not married,House / apartment,-11194.0,-3264.0,1.0,0.0,0.0,0.0,Core staff,1.0,0
526,5009395,M,N,N,0,275028.69,State servant,Higher education,Single / not married,House / apartment,-11111.0,-3160.0,1.0,0.0,0.0,0.0,Core staff,1.0,0
527,6153591,M,N,N,0,277558.68,State servant,Higher education,Single / not married,House / apartment,-10801.0,-3188.0,1.0,0.0,0.0,0.0,Core staff,1.0,0
528,6153592,M,N,N,0,289966.39,State servant,Higher education,Single / not married,House / apartment,-11221.0,-3198.0,1.0,0.0,0.0,0.0,Core staff,1.0,0
529,5009396,F,N,N,1,76298.95,Working,Higher education,Civil marriage,House / apartment,-13161.0,-497.0,1.0,1.0,0.0,0.0,Accountants,3.0,0
530,5009397,F,N,N,1,73745.18,Working,Higher education,Civil marriage,House / apartment,-12259.0,-485.0,1.0,1.0,0.0,0.0,Accountants,3.0,0
531,5009398,F,N,N,1,75321.77,Working,Higher education,Civil marriage,House / apartment,-12483.0,-490.0,1.0,1.0,0.0,0.0,Accountants,3.0,0
532,5009399,F,N,N,1,77912.37,Working,Higher education,Civil marriage,House / apartment,-12322.0,-490.0,1.0,1.0,0.0,0.0,Accountants,3.0,0
533,5009400,F,N,N,1,74618.1,Working,Higher education,Civil marriage,House / apartment,-12142.0,-505.0,1.0,1.0,0.0,0.0,Accountants,3.0,0
534,5009401,F,N,N,1,77953.25,Working,Higher education,Civil marriage,House / apartment,-12801.0,-486.0,1.0,1.0,0.0,0.0,Accountants,3.0,0
535,5009402,M,N,N,0,204928.23,Commercial associate,Secondary / secondary special,Married,House / apartment,-19949.0,-246.0,1.0,1.0,1.0,0.0,Security staff,2.0,0
536,5009403,M,N,N,0,202782.71,Commercial associate,Secondary / secondary special,Married,House / apartment,-20923.0,-241.0,1.0,1.0,1.0,0.0,Security staff,2.0,0
537,5009404,F,N,N,2,70152.8,Commercial associate,Higher education,Married,House / apartment,-10683.0,-414.0,1.0,0.0,1.0,0.0,Core staff,4.0,0
538,6153594,F,N,N,2,67140.66,Commercial associate,Higher education,Married,House / apartment,-9959.0,-422.0,1.0,0.0,1.0,0.0,Core staff,4.0,0
539,5009405,M,N,N,0,239529.57,Working,Incomplete higher,Married,House / apartment,-13927.0,-2250.0,1.0,1.0,1.0,0.0,Drivers,2.0,0
540,5009406,M,N,N,0,240267.03,Working,Incomplete higher,Married,House / apartment,-13844.0,-2215.0,1.0,1.0,1.0,0.0,Drivers,2.0,0
541,5009408,M,N,N,0,238119.86,Working,Incomplete higher,Married,House / apartment,-14163.0,-2288.0,1.0,1.0,1.0,0.0,Drivers,2.0,0
542,5009410,M,N,N,0,240266.18,Working,Incomplete higher,Married,House / apartment,-13967.0,-2255.0,1.0,1.0,1.0,0.0,Drivers,2.0,0
543,5112901,M,N,N,0,231312.93,Working,Incomplete higher,Married,House / apartment,-14381.0,-2396.0,1.0,1.0,1.0,0.0,Drivers,2.0,0
544,5009415,F,N,N,0,89720.47,Working,Secondary / secondary special,Single / not married,House / apartment,-20083.0,-459.0,1.0,1.0,1.0,0.0,Core staff,1.0,0
545,5009416,F,N,N,0,90405.68,Working,Secondary / secondary special,Single / not married,House / apartment,-19217.0,-466.0,1.0,1.0,1.0,0.0,Core staff,1.0,0
546,5009417,F,N,N,0,88542.31,Working,Secondary / secondary special,Single / not married,House / apartment,-18915.0,-482.0,1.0,1.0,1.0,0.0,Core staff,1.0,0
547,5009418,F,N,N,0,90152.64,Working,Secondary / secondary special,Single / not married,House / apartment,-19362.0,-479.0,1.0,1.0,1.0,0.0,Core staff,1.0,0
548,5009419,F,N,N,0,89581.51,Working,Secondary / secondary special,Single / not married,House / apartment,-19485.0,-470.0,1.0,1.0,1.0,0.0,Core staff,1.0,0
549,5009420,F,N,N,0,90875.13,Working,Secondary / secondary special,Single / not married,House / apartment,-19471.0,-468.0,1.0,1.0,1.0,0.0,Core staff,1.0,0
550,5009421,F,N,N,0,88104.64,Working,Secondary / secondary special,Single / not married,House / apartment,-19805.0,-458.0,1.0,1.0,1.0,0.0,Core staff,1.0,0
551,6153606,F,N,N,0,88727.38,Working,Secondary / secondary special,Single / not married,House / apartment,-19866.0,-478.0,1.0,1.0,1.0,0.0,Core staff,1.0,0
552,6153607,F,N,N,0,87024.38,Working,Secondary / secondary special,Single / not married,House / apartment,-19682.0,-475.0,1.0,1.0,1.0,0.0,Core staff,1.0,0
553,5009423,F,N,N,0,80712.22,Working,Secondary / secondary special,Civil marriage,House / apartment,-18923.0,-1020.0,1.0,0.0,0.0,0.0,Security staff,2.0,0
554,5009424,M,N,N,0,105761.72,Working,Secondary / secondary special,Single / not married,Co-op apartment,-8410.0,-1306.0,1.0,1.0,0.0,0.0,Cooking staff,1.0,0
555,5009425,M,N,N,0,107344.06,Working,Secondary / secondary special,Single / not married,Co-op apartment,-8308.0,-1374.0,1.0,1.0,0.0,0.0,Cooking staff,1.0,0
556,5009426,M,N,N,0,98170.67,Pensioner,Secondary / secondary special,Married,House / apartment,-20232.0,371692.0,1.0,0.0,0.0,0.0,,2.0,0
557,5009427,M,N,N,0,98833.38,Pensioner,Secondary / secondary special,Married,House / apartment,-19471.0,374299.0,1.0,0.0,0.0,0.0,,2.0,0
558,5009428,M,N,N,0,200212.03,Working,Secondary / secondary special,Single / not married,With parents,-8337.0,-1190.0,1.0,1.0,0.0,0.0,Laborers,1.0,0
559,5009429,M,N,N,0,194145.88,Working,Secondary / secondary special,Single / not married,With parents,-8775.0,-1126.0,1.0,1.0,0.0,0.0,Laborers,1.0,0
560,5009431,M,Y,N,0,354497.92,State servant,Higher education,Married,Municipal apartment,-14980.0,-1242.0,1.0,1.0,1.0,0.0,Drivers,2.0,0
561,6153608,M,Y,N,0,349308.83,State servant,Higher education,Married,Municipal apartment,-14738.0,-1173.0,1.0,1.0,1.0,0.0,Drivers,2.0,0
562,5009435,F,N,N,0,132212.4,Pensioner,Secondary / secondary special,Married,House / apartment,-19450.0,378076.0,1.0,0.0,1.0,0.0,,2.0,0
563,5090746,F,N,N,0,134896.06,Pensioner,Secondary / secondary special,Married,House / apartment,-19866.0,364407.0,1.0,0.0,1.0,0.0,,2.0,0
564,5009436,F,N,N,0,75185.71,Pensioner,Secondary / secondary special,Married,House / apartment,-23204.0,350491.0,1.0,0.0,0.0,0.0,,2.0,0
565,5009437,F,N,N,0,77341.13,Pensioner,Secondary / secondary special,Married,House / apartment,-22461.0,362313.0,1.0,0.0,0.0,0.0,,2.0,0
566,5009438,F,N,N,0,75719.94,Pensioner,Secondary / secondary special,Married,House / apartment,-23266.0,365810.0,1.0,0.0,0.0,0.0,,2.0,0
567,5009439,F,N,N,0,73836.93,Pensioner,Secondary / secondary special,Married,House / apartment,-22948.0,367327.0,1.0,0.0,0.0,0.0,,2.0,0
568,5009440,F,N,N,0,76940.42,Pensioner,Secondary / secondary special,Married,House / apartment,-23813.0,369009.0,1.0,0.0,0.0,0.0,,2.0,0
569,5009441,F,N,N,0,88254.78,State servant,Secondary / secondary special,Married,House / apartment,-9572.0,-1676.0,1.0,0.0,1.0,0.0,,2.0,0
570,5009442,F,N,N,0,92447.6,State servant,Secondary / secondary special,Married,House / apartment,-9312.0,-1718.0,1.0,0.0,1.0,0.0,,2.0,0
571,5009443,F,N,N,0,92397.95,State servant,Secondary / secondary special,Married,House / apartment,-9665.0,-1716.0,1.0,0.0,1.0,0.0,,2.0,0
572,5009444,F,N,N,0,89119.48,State servant,Secondary / secondary special,Married,House / apartment,-9199.0,-1693.0,1.0,0.0,1.0,0.0,,2.0,0
573,6153611,F,N,N,0,91346.7,State servant,Secondary / secondary special,Married,House / apartment,-9287.0,-1677.0,1.0,0.0,1.0,0.0,,2.0,0
574,5009445,F,Y,N,0,269834.15,Commercial associate,Incomplete higher,Civil marriage,House / apartment,-13850.0,-725.0,1.0,1.0,0.0,0.0,,2.0,0
575,6153612,F,Y,N,0,269732.81,Commercial associate,Incomplete higher,Civil marriage,House / apartment,-13398.0,-734.0,1.0,1.0,0.0,0.0,,2.0,0
576,5009447,M,Y,N,0,82176.22,Working,Secondary / secondary special,Married,With parents,-14713.0,-3454.0,1.0,1.0,0.0,0.0,Drivers,2.0,0
577,5009448,M,Y,N,0,80320.66,Working,Secondary / secondary special,Married,With parents,-14134.0,-3359.0,1.0,1.0,0.0,0.0,Drivers,2.0,0
578,6153613,M,Y,N,0,81630.91,Working,Secondary / secondary special,Married,With parents,-14194.0,-3368.0,1.0,1.0,0.0,0.0,Drivers,2.0,0
579,5009450,F,N,N,0,202381.37,State servant,Higher education,Married,House / apartment,-17394.0,-1365.0,1.0,0.0,1.0,0.0,Laborers,2.0,0
580,5009451,F,N,N,0,204593.74,State servant,Higher education,Married,House / apartment,-17142.0,-1319.0,1.0,0.0,1.0,0.0,Laborers,2.0,0
581,5009452,F,N,N,0,206822.84,State servant,Higher education,Married,House / apartment,-16762.0,-1375.0,1.0,0.0,1.0,0.0,Laborers,2.0,0
582,5009453,F,N,N,0,204822.1,State servant,Higher education,Married,House / apartment,-17861.0,-1288.0,1.0,0.0,1.0,0.0,Laborers,2.0,0
583,5009454,F,N,N,0,200964.68,State servant,Higher education,Married,House / apartment,-16984.0,-1336.0,1.0,0.0,1.0,0.0,Laborers,2.0,0
584,5009455,F,N,N,0,206999.77,State servant,Higher education,Married,House / apartment,-17428.0,-1335.0,1.0,0.0,1.0,0.0,Laborers,2.0,0
585,5009456,F,N,N,0,204178.55,State servant,Higher education,Married,House / apartment,-17188.0,-1394.0,1.0,0.0,1.0,0.0,Laborers,2.0,0
586,5009457,F,N,N,0,201088.46,State servant,Higher education,Married,House / apartment,-16743.0,-1312.0,1.0,0.0,1.0,0.0,Laborers,2.0,0
587,5009458,F,N,N,0,208204.93,State servant,Higher education,Married,House / apartment,-17079.0,-1370.0,1.0,0.0,1.0,0.0,Laborers,2.0,0
588,6153614,F,N,N,0,199969.56,State servant,Higher education,Married,House / apartment,-17343.0,-1412.0,1.0,0.0,1.0,0.0,Laborers,2.0,0
589,6153615,F,N,N,0,210768.24,State servant,Higher education,Married,House / apartment,-17502.0,-1380.0,1.0,0.0,1.0,0.0,Laborers,2.0,0
590,5009459,F,N,N,0,156443.29,Working,Secondary / secondary special,Married,House / apartment,-18957.0,-9883.0,1.0,1.0,1.0,0.0,,2.0,0
591,5009460,F,N,N,0,158694.01,Working,Secondary / secondary special,Married,House / apartment,-19685.0,-9977.0,1.0,1.0,1.0,0.0,,2.0,0
592,5009465,F,N,N,0,163283.2,Working,Secondary / secondary special,Married,House / apartment,-19769.0,-9795.0,1.0,1.0,1.0,0.0,,2.0,0
593,5009466,F,N,N,0,158374.58,Working,Secondary / secondary special,Married,House / apartment,-19876.0,-9656.0,1.0,1.0,1.0,0.0,,2.0,0
594,5009468,F,N,N,0,152150.53,Working,Secondary / secondary special,Married,House / apartment,-20305.0,-9774.0,1.0,1.0,1.0,0.0,,2.0,0
595,5009469,F,N,N,0,157426.46,Working,Secondary / secondary special,Married,House / apartment,-19213.0,-9805.0,1.0,1.0,1.0,0.0,,2.0,0
596,5009470,F,N,N,0,162315.0,Working,Secondary / secondary special,Married,House / apartment,-19846.0,-10040.0,1.0,1.0,1.0,0.0,,2.0,0
597,5009471,F,N,N,0,154926.29,Working,Secondary / secondary special,Married,House / apartment,-19644.0,-9825.0,1.0,1.0,1.0,0.0,,2.0,0
598,5009472,F,N,N,0,161864.62,Working,Secondary / secondary special,Married,House / apartment,-20352.0,-10269.0,1.0,1.0,1.0,0.0,,2.0,0
599,6153617,F,N,N,0,157345.3,Working,Secondary / secondary special,Married,House / apartment,-19355.0,-9615.0,1.0,1.0,1.0,0.0,,2.0,0
600,5009473,F,N,N,0,184802.15,Commercial associate,Higher education,Married,House / apartment,-13684.0,-4468.0,1.0,0.0,1.0,0.0,,2.0,0
601,5009481,F,N,N,0,181678.45,Commercial associate,Higher education,Married,House / apartment,-13346.0,-4639.0,1.0,0.0,1.0,0.0,,2.0,0
602,5009482,F,N,N,0,179235.63,Commercial associate,Higher education,Married,House / apartment,-13365.0,-4482.0,1.0,0.0,1.0,0.0,,2.0,0
603,6153627,F,N,N,0,181116.04,Commercial associate,Higher education,Married,House / apartment,-13494.0,-4597.0,1.0,0.0,1.0,0.0,,2.0,0
604,6153630,F,N,N,0,183621.12,Commercial associate,Higher education,Married,House / apartment,-13313.0,-4424.0,1.0,0.0,1.0,0.0,,2.0,0
605,5009484,F,N,N,0,134710.66,Working,Secondary / secondary special,Married,Municipal apartment,-12693.0,-787.0,1.0,0.0,0.0,0.0,Cooking staff,2.0,0
606,5009485,F,N,N,0,132235.0,Working,Secondary / secondary special,Married,Municipal apartment,-12282.0,-778.0,1.0,0.0,0.0,0.0,Cooking staff,2.0,0
607,6153632,F,N,N,0,137494.13,Working,Secondary / secondary special,Married,Municipal apartment,-12407.0,-833.0,1.0,0.0,0.0,0.0,Cooking staff,2.0,0
608,5009487,F,N,N,2,133971.26,Working,Secondary / secondary special,Married,House / apartment,-9543.0,-2897.0,1.0,0.0,0.0,0.0,,4.0,0
609,5009488,F,N,N,2,131523.77,Working,Secondary / secondary special,Married,House / apartment,-9659.0,-2842.0,1.0,0.0,0.0,0.0,,4.0,0
610,5009489,F,N,N,2,136195.11,Working,Secondary / secondary special,Married,House / apartment,-10069.0,-2814.0,1.0,0.0,0.0,0.0,,4.0,0
611,5009490,M,Y,N,0,134771.1,Commercial associate,Secondary / secondary special,Married,House / apartment,-16142.0,-6070.0,1.0,1.0,1.0,0.0,Laborers,2.0,0
612,5009492,M,Y,N,0,131828.99,Commercial associate,Secondary / secondary special,Married,House / apartment,-16075.0,-6224.0,1.0,1.0,1.0,0.0,Laborers,2.0,0
613,6153634,M,Y,N,0,132324.54,Commercial associate,Secondary / secondary special,Married,House / apartment,-16098.0,-6120.0,1.0,1.0,1.0,0.0,Laborers,2.0,0
614,5009493,M,Y,N,0,270700.79,Commercial associate,Secondary / secondary special,Married,House / apartment,-11940.0,-1162.0,1.0,1.0,0.0,1.0,Drivers,2.0,0
615,5009494,M,Y,N,0,254285.44,Commercial associate,Secondary / secondary special,Married,House / apartment,-11890.0,-1159.0,1.0,1.0,0.0,1.0,Drivers,2.0,0
616,5009495,M,Y,N,0,267671.88,Commercial associate,Secondary / secondary special,Married,House / apartment,-11547.0,-1151.0,1.0,1.0,0.0,1.0,Drivers,2.0,0
617,5009497,M,Y,N,0,265329.29,Commercial associate,Secondary / secondary special,Married,House / apartment,-11733.0,-1145.0,1.0,1.0,0.0,1.0,Drivers,2.0,0
618,5009498,M,Y,N,0,261857.44,Commercial associate,Secondary / secondary special,Married,House / apartment,-12088.0,-1137.0,1.0,1.0,0.0,1.0,Drivers,2.0,0
619,5009499,M,Y,N,0,272458.92,Commercial associate,Secondary / secondary special,Married,House / apartment,-11451.0,-1182.0,1.0,1.0,0.0,1.0,Drivers,2.0,0
620,5009500,M,Y,N,0,267899.96,Commercial associate,Secondary / secondary special,Married,House / apartment,-11861.0,-1162.0,1.0,1.0,0.0,1.0,Drivers,2.0,0
621,5009501,M,Y,N,0,270285.68,Commercial associate,Secondary / secondary special,Married,House / apartment,-11952.0,-1148.0,1.0,1.0,0.0,1.0,Drivers,2.0,0
622,5009502,M,Y,N,0,272814.74,Commercial associate,Secondary / secondary special,Married,House / apartment,-11703.0,-1129.0,1.0,1.0,0.0,1.0,Drivers,2.0,0
623,5009503,M,Y,N,0,268909.27,Commercial associate,Secondary / secondary special,Married,House / apartment,-11965.0,-1168.0,1.0,1.0,0.0,1.0,Drivers,2.0,0
624,6153635,M,Y,N,0,268419.54,Commercial associate,Secondary / secondary special,Married,House / apartment,-11401.0,-1166.0,1.0,1.0,0.0,1.0,Drivers,2.0,0
625,5009507,F,N,N,0,197993.65,Working,Higher education,Married,House / apartment,-16093.0,-5017.0,1.0,0.0,1.0,0.0,Core staff,2.0,0
626,5009508,F,N,N,0,202377.52,Working,Higher education,Married,House / apartment,-15870.0,-4878.0,1.0,0.0,1.0,0.0,Core staff,2.0,1
627,5009509,F,N,N,0,199330.83,Working,Higher education,Married,House / apartment,-15885.0,-4862.0,1.0,0.0,1.0,0.0,Core staff,2.0,1
628,5009510,F,N,N,0,211512.03,Working,Higher education,Married,House / apartment,-16016.0,-5012.0,1.0,0.0,1.0,0.0,Core staff,2.0,0
629,6153637,F,N,N,0,199469.71,Working,Higher education,Married,House / apartment,-16295.0,-5004.0,1.0,0.0,1.0,0.0,Core staff,2.0,1
630,5009512,F,N,N,0,157942.2,Working,Incomplete higher,Married,House / apartment,-16879.0,-2628.0,1.0,0.0,0.0,0.0,Core staff,2.0,0
631,5009513,F,N,N,0,154890.37,Working,Incomplete higher,Married,House / apartment,-17146.0,-2583.0,1.0,0.0,0.0,0.0,Core staff,2.0,0
632,5009515,F,N,N,0,152929.88,Working,Incomplete higher,Married,House / apartment,-16918.0,-2690.0,1.0,0.0,0.0,0.0,Core staff,2.0,0
633,5009516,F,N,N,0,154220.43,Working,Incomplete higher,Married,House / apartment,-17042.0,-2762.0,1.0,0.0,0.0,0.0,Core staff,2.0,0
634,5009517,F,N,N,0,151779.29,Working,Incomplete higher,Married,House / apartment,-17266.0,-2676.0,1.0,0.0,0.0,0.0,Core staff,2.0,0
635,6153638,F,N,N,0,158475.3,Working,Incomplete higher,Married,House / apartment,-16616.0,-2590.0,1.0,0.0,0.0,0.0,Core staff,2.0,0
636,6153639,F,N,N,0,162842.98,Working,Incomplete higher,Married,House / apartment,-16441.0,-2751.0,1.0,0.0,0.0,0.0,Core staff,2.0,0
637,5009518,M,Y,N,2,177748.62,Working,Incomplete higher,Married,House / apartment,-12435.0,-2190.0,1.0,1.0,0.0,0.0,Laborers,4.0,0
638,5009519,M,Y,N,2,176802.82,Working,Incomplete higher,Married,House / apartment,-12285.0,-2088.0,1.0,1.0,0.0,0.0,Laborers,4.0,0
639,5009521,M,Y,N,2,179511.87,Working,Incomplete higher,Married,House / apartment,-12650.0,-2156.0,1.0,1.0,0.0,0.0,Laborers,4.0,0
640,6153640,M,Y,N,2,180355.6,Working,Incomplete higher,Married,House / apartment,-12665.0,-2182.0,1.0,1.0,0.0,0.0,Laborers,4.0,0
641,5009523,M,Y,N,1,117735.29,Working,Secondary / secondary special,Separated,Co-op apartment,-11933.0,-1148.0,1.0,1.0,0.0,0.0,Laborers,2.0,0
642,5009525,M,Y,N,1,110687.05,Working,Secondary / secondary special,Separated,Co-op apartment,-11667.0,-1120.0,1.0,1.0,0.0,0.0,Laborers,2.0,0
643,5009526,F,Y,N,0,158745.35,Commercial associate,Secondary / secondary special,Married,House / apartment,-13641.0,-989.0,1.0,0.0,1.0,0.0,,2.0,0
644,5009527,F,Y,N,0,156928.53,Commercial associate,Secondary / secondary special,Married,House / apartment,-13538.0,-966.0,1.0,0.0,1.0,0.0,,2.0,0
645,5009529,F,Y,N,0,160997.34,Commercial associate,Secondary / secondary special,Married,House / apartment,-13871.0,-982.0,1.0,0.0,1.0,0.0,,2.0,0
646,5009530,F,Y,N,0,160678.15,Commercial associate,Secondary / secondary special,Married,House / apartment,-13785.0,-991.0,1.0,0.0,1.0,0.0,,2.0,0
647,5009531,F,Y,N,0,160595.55,Commercial associate,Secondary / secondary special,Married,House / apartment,-13643.0,-951.0,1.0,0.0,1.0,0.0,,2.0,0
648,5009533,F,Y,N,0,157328.44,Commercial associate,Secondary / secondary special,Married,House / apartment,-13749.0,-1014.0,1.0,0.0,1.0,0.0,,2.0,0
649,5009534,F,Y,N,0,155474.92,Commercial associate,Secondary / secondary special,Married,House / apartment,-14337.0,-972.0,1.0,0.0,1.0,0.0,,2.0,0
650,5009535,F,Y,N,0,164870.81,Commercial associate,Secondary / secondary special,Married,House / apartment,-14194.0,-1017.0,1.0,0.0,1.0,0.0,,2.0,0
651,6153642,F,Y,N,0,156600.37,Commercial associate,Secondary / secondary special,Married,House / apartment,-13938.0,-951.0,1.0,0.0,1.0,0.0,,2.0,0
652,6153643,F,Y,N,0,156222.67,Commercial associate,Secondary / secondary special,Married,House / apartment,-13417.0,-1007.0,1.0,0.0,1.0,0.0,,2.0,0
653,5009536,M,Y,N,0,218511.86,Working,Secondary / secondary special,Married,House / apartment,-15575.0,-890.0,1.0,1.0,0.0,0.0,Laborers,2.0,0
654,5009537,F,Y,N,0,200807.26,Commercial associate,Secondary / secondary special,Married,House / apartment,-15798.0,-1748.0,1.0,1.0,1.0,0.0,Sales staff,2.0,0
655,5009540,F,Y,N,0,198818.08,Commercial associate,Secondary / secondary special,Married,House / apartment,-15535.0,-1758.0,1.0,1.0,1.0,0.0,Sales staff,2.0,0
656,5009541,F,Y,N,0,200884.72,Commercial associate,Secondary / secondary special,Married,House / apartment,-15494.0,-1757.0,1.0,1.0,1.0,0.0,Sales staff,2.0,0
657,6153652,F,Y,N,0,198074.2,Commercial associate,Secondary / secondary special,Married,House / apartment,-15022.0,-1769.0,1.0,1.0,1.0,0.0,Sales staff,2.0,0
658,5009543,F,N,N,0,203262.48,Commercial associate,Secondary / secondary special,Civil marriage,House / apartment,-19126.0,-9990.0,1.0,0.0,0.0,0.0,Laborers,2.0,0
659,5009545,F,N,N,0,199077.7,Commercial associate,Secondary / secondary special,Civil marriage,House / apartment,-18945.0,-9556.0,1.0,0.0,0.0,0.0,Laborers,2.0,1
660,5009546,F,N,N,0,193336.49,Commercial associate,Secondary / secondary special,Civil marriage,House / apartment,-19707.0,-9855.0,1.0,0.0,0.0,0.0,Laborers,2.0,1
661,5009548,F,N,N,0,202553.32,Commercial associate,Secondary / secondary special,Civil marriage,House / apartment,-18580.0,-9637.0,1.0,0.0,0.0,0.0,Laborers,2.0,1
662,5009551,F,N,N,0,192198.73,Commercial associate,Secondary / secondary special,Civil marriage,House / apartment,-18827.0,-9701.0,1.0,0.0,0.0,0.0,Laborers,2.0,1
663,5009553,F,N,N,0,199702.39,Commercial associate,Secondary / secondary special,Civil marriage,House / apartment,-19067.0,-9924.0,1.0,0.0,0.0,0.0,Laborers,2.0,0
664,5009554,F,N,N,0,198744.62,Commercial associate,Secondary / secondary special,Civil marriage,House / apartment,-18456.0,-9967.0,1.0,0.0,0.0,0.0,Laborers,2.0,1
665,5009555,F,N,N,0,197659.01,Commercial associate,Secondary / secondary special,Civil marriage,House / apartment,-19152.0,-9409.0,1.0,0.0,0.0,0.0,Laborers,2.0,0
666,5009556,F,N,N,0,192174.23,Commercial associate,Secondary / secondary special,Civil marriage,House / apartment,-18795.0,-9543.0,1.0,0.0,0.0,0.0,Laborers,2.0,0
667,5009557,F,N,N,0,198286.35,Commercial associate,Secondary / secondary special,Civil marriage,House / apartment,-18086.0,-9827.0,1.0,0.0,0.0,0.0,Laborers,2.0,1
668,5009558,F,N,N,0,195784.25,Commercial associate,Secondary / secondary special,Civil marriage,House / apartment,-18304.0,-9332.0,1.0,0.0,0.0,0.0,Laborers,2.0,0
669,5009559,F,N,N,0,201875.04,Commercial associate,Secondary / secondary special,Civil marriage,House / apartment,-19253.0,-9478.0,1.0,0.0,0.0,0.0,Laborers,2.0,1
670,5009560,F,N,N,0,197945.39,Commercial associate,Secondary / secondary special,Civil marriage,House / apartment,-18526.0,-9332.0,1.0,0.0,0.0,0.0,Laborers,2.0,0
671,5009561,F,N,N,0,198423.52,Commercial associate,Secondary / secondary special,Civil marriage,House / apartment,-19298.0,-9617.0,1.0,0.0,0.0,0.0,Laborers,2.0,1
672,5009562,F,N,N,0,160849.28,Pensioner,Secondary / secondary special,Widow,House / apartment,-20252.0,366771.0,1.0,0.0,1.0,0.0,,1.0,0
673,5009563,F,N,N,0,153517.65,Pensioner,Secondary / secondary special,Widow,House / apartment,-20461.0,380319.0,1.0,0.0,1.0,0.0,,1.0,0
674,5009564,F,N,N,0,162262.4,Pensioner,Secondary / secondary special,Widow,House / apartment,-20816.0,365192.0,1.0,0.0,1.0,0.0,,1.0,0
675,6153653,F,N,N,0,157505.13,Pensioner,Secondary / secondary special,Widow,House / apartment,-20177.0,356114.0,1.0,0.0,1.0,0.0,,1.0,0
676,5009565,M,Y,N,0,179132.19,Working,Secondary / secondary special,Married,House / apartment,-15103.0,-3202.0,1.0,1.0,1.0,0.0,Laborers,2.0,0
677,5009566,M,Y,N,0,185840.33,Working,Secondary / secondary special,Married,House / apartment,-14807.0,-3062.0,1.0,1.0,1.0,0.0,Laborers,2.0,0
678,5009567,M,Y,N,0,181818.14,Working,Secondary / secondary special,Married,House / apartment,-15513.0,-3237.0,1.0,1.0,1.0,0.0,Laborers,2.0,0
679,5009568,M,Y,N,0,180370.93,Working,Secondary / secondary special,Married,House / apartment,-15545.0,-3150.0,1.0,1.0,1.0,0.0,Laborers,2.0,0
680,5009569,M,Y,N,0,184731.03,Working,Secondary / secondary special,Married,House / apartment,-15127.0,-3170.0,1.0,1.0,1.0,0.0,Laborers,2.0,0
681,5009570,M,Y,N,0,182542.03,Working,Secondary / secondary special,Married,House / apartment,-14964.0,-3186.0,1.0,1.0,1.0,0.0,Laborers,2.0,0
682,5009571,M,Y,N,0,174689.19,Working,Secondary / secondary special,Married,House / apartment,-15256.0,-3197.0,1.0,1.0,1.0,0.0,Laborers,2.0,0
683,5009572,M,Y,N,0,171825.18,Working,Secondary / secondary special,Married,House / apartment,-15592.0,-3174.0,1.0,1.0,1.0,0.0,Laborers,2.0,0
684,5009573,M,Y,N,0,187502.53,Working,Secondary / secondary special,Married,House / apartment,-15365.0,-3187.0,1.0,1.0,1.0,0.0,Laborers,2.0,0
685,5009574,M,Y,N,0,177432.91,Working,Secondary / secondary special,Married,House / apartment,-15090.0,-3155.0,1.0,1.0,1.0,0.0,Laborers,2.0,0
686,5009575,F,Y,N,0,313675.89,Working,Secondary / secondary special,Married,House / apartment,-16902.0,-808.0,1.0,0.0,0.0,0.0,Accountants,2.0,0
687,5009576,F,Y,N,0,308164.85,Working,Secondary / secondary special,Married,House / apartment,-17201.0,-790.0,1.0,0.0,0.0,0.0,Accountants,2.0,0
688,6153654,F,Y,N,0,308035.83,Working,Secondary / secondary special,Married,House / apartment,-16790.0,-792.0,1.0,0.0,0.0,0.0,Accountants,2.0,0
689,5009577,F,N,N,0,111505.93,Pensioner,Secondary / secondary special,Married,House / apartment,-21968.0,364100.0,1.0,0.0,0.0,0.0,,2.0,0
690,5009578,F,N,N,0,111724.04,Pensioner,Secondary / secondary special,Married,House / apartment,-21819.0,356154.0,1.0,0.0,0.0,0.0,,2.0,0
691,5009579,F,N,N,0,114706.74,Pensioner,Secondary / secondary special,Married,House / apartment,-20769.0,369458.0,1.0,0.0,0.0,0.0,,2.0,0
692,5009580,F,N,N,0,114397.21,Pensioner,Secondary / secondary special,Married,House / apartment,-21750.0,363144.0,1.0,0.0,0.0,0.0,,2.0,0
693,5009581,F,N,N,0,111257.59,Pensioner,Secondary / secondary special,Married,House / apartment,-21221.0,355787.0,1.0,0.0,0.0,0.0,,2.0,0
694,5009582,F,N,N,0,88436.82,Working,Secondary / secondary special,Separated,House / apartment,-11528.0,-661.0,1.0,0.0,0.0,0.0,Sales staff,1.0,0
695,5009583,F,N,N,0,89253.29,Working,Secondary / secondary special,Separated,House / apartment,-11971.0,-682.0,1.0,0.0,0.0,0.0,Sales staff,1.0,0
696,5009584,F,N,N,0,90634.32,Working,Secondary / secondary special,Separated,House / apartment,-11560.0,-652.0,1.0,0.0,0.0,0.0,Sales staff,1.0,0
697,5009585,F,N,N,0,44273.15,Working,Secondary / secondary special,Separated,House / apartment,-14367.0,-805.0,1.0,0.0,1.0,0.0,Sales staff,1.0,0
698,5009586,F,N,N,0,46784.73,Working,Secondary / secondary special,Separated,House / apartment,-14209.0,-812.0,1.0,0.0,1.0,0.0,Sales staff,1.0,0
699,5009590,F,Y,N,0,227873.36,Working,Secondary / secondary special,Married,House / apartment,-8482.0,-1830.0,1.0,0.0,1.0,0.0,,2.0,0
700,5009591,F,Y,N,0,219035.94,Working,Secondary / secondary special,Married,House / apartment,-8603.0,-1892.0,1.0,0.0,1.0,0.0,,2.0,0
701,5009592,F,N,N,0,114224.42,Pensioner,Secondary / secondary special,Single / not married,Rented apartment,-23291.0,365535.0,1.0,0.0,1.0,0.0,,1.0,0
702,5090748,F,N,N,0,114012.73,Pensioner,Secondary / secondary special,Single / not married,Rented apartment,-23213.0,366726.0,1.0,0.0,1.0,0.0,,1.0,0
703,5009593,F,Y,N,0,144009.34,Working,Secondary / secondary special,Married,House / apartment,-17256.0,-884.0,1.0,1.0,1.0,0.0,Core staff,2.0,0
704,5009594,F,Y,N,0,144826.98,Working,Secondary / secondary special,Married,House / apartment,-17679.0,-893.0,1.0,1.0,1.0,0.0,Core staff,2.0,0
705,5009595,F,Y,N,0,146271.95,Working,Secondary / secondary special,Married,House / apartment,-17483.0,-906.0,1.0,1.0,1.0,0.0,Core staff,2.0,0
706,5009597,F,Y,N,0,144578.51,Working,Secondary / secondary special,Married,House / apartment,-17382.0,-888.0,1.0,1.0,1.0,0.0,Core staff,2.0,0
707,5009599,F,Y,N,0,147911.0,Working,Secondary / secondary special,Married,House / apartment,-17188.0,-848.0,1.0,1.0,1.0,0.0,Core staff,2.0,0
708,5009600,F,Y,N,0,147170.19,Working,Secondary / secondary special,Married,House / apartment,-17311.0,-883.0,1.0,1.0,1.0,0.0,Core staff,2.0,0
709,5009602,F,Y,N,0,317593.13,Commercial associate,Higher education,Married,House / apartment,-13780.0,-2810.0,1.0,1.0,1.0,0.0,Sales staff,2.0,0
710,6153655,F,Y,N,0,324547.16,Commercial associate,Higher education,Married,House / apartment,-13484.0,-2764.0,1.0,1.0,1.0,0.0,Sales staff,2.0,0
711,5009603,F,N,N,1,113568.03,Working,Secondary / secondary special,Married,House / apartment,-12595.0,-3737.0,1.0,1.0,0.0,0.0,Sales staff,3.0,0
712,5009605,F,N,N,1,111782.08,Working,Secondary / secondary special,Married,House / apartment,-12648.0,-3823.0,1.0,1.0,0.0,0.0,Sales staff,3.0,0
713,5009606,F,N,N,1,113136.3,Working,Secondary / secondary special,Married,House / apartment,-13044.0,-3681.0,1.0,1.0,0.0,0.0,Sales staff,3.0,0
714,5009607,F,N,N,2,143202.38,Working,Secondary / secondary special,Married,House / apartment,-12267.0,-1006.0,1.0,1.0,1.0,0.0,High skill tech staff,4.0,0
715,5009608,F,N,N,2,141224.41,Working,Secondary / secondary special,Married,House / apartment,-12309.0,-946.0,1.0,1.0,1.0,0.0,High skill tech staff,4.0,0
716,5009609,F,N,N,2,138954.34,Working,Secondary / secondary special,Married,House / apartment,-12312.0,-1014.0,1.0,1.0,1.0,0.0,High skill tech staff,4.0,0
717,5009610,F,N,N,2,149063.05,Working,Secondary / secondary special,Married,House / apartment,-12198.0,-973.0,1.0,1.0,1.0,0.0,High skill tech staff,4.0,0
718,5009611,F,N,N,2,142550.09,Working,Secondary / secondary special,Married,House / apartment,-12576.0,-1005.0,1.0,1.0,1.0,0.0,High skill tech staff,4.0,0
719,5009612,F,N,N,2,142712.03,Working,Secondary / secondary special,Married,House / apartment,-12428.0,-944.0,1.0,1.0,1.0,0.0,High skill tech staff,4.0,0
720,5009613,F,N,N,2,146541.18,Working,Secondary / secondary special,Married,House / apartment,-12113.0,-1015.0,1.0,1.0,1.0,0.0,High skill tech staff,4.0,0
721,5009614,F,N,N,2,146554.3,Working,Secondary / secondary special,Married,House / apartment,-12142.0,-984.0,1.0,1.0,1.0,0.0,High skill tech staff,4.0,0
722,6153656,F,N,N,2,147802.76,Working,Secondary / secondary special,Married,House / apartment,-12553.0,-977.0,1.0,1.0,1.0,0.0,High skill tech staff,4.0,0
723,5009617,M,Y,N,0,222954.72,Pensioner,Secondary / secondary special,Married,House / apartment,-17876.0,363216.0,1.0,0.0,0.0,0.0,,2.0,0
724,5009618,M,Y,N,0,220057.38,Pensioner,Secondary / secondary special,Married,House / apartment,-17226.0,364671.0,1.0,0.0,0.0,0.0,,2.0,0
725,6153657,M,Y,N,0,225801.47,Pensioner,Secondary / secondary special,Married,House / apartment,-16886.0,368546.0,1.0,0.0,0.0,0.0,,2.0,0
726,5009620,M,Y,N,0,137246.34,Working,Secondary / secondary special,Married,House / apartment,-18486.0,-98.0,1.0,1.0,0.0,0.0,Drivers,2.0,0
727,5009622,M,Y,N,0,132797.61,Working,Secondary / secondary special,Married,House / apartment,-18603.0,-95.0,1.0,1.0,0.0,0.0,Drivers,2.0,0
728,5009623,M,Y,N,0,135887.48,Working,Secondary / secondary special,Married,House / apartment,-18415.0,-95.0,1.0,1.0,0.0,0.0,Drivers,2.0,0
729,5009624,M,Y,N,0,136835.38,Working,Secondary / secondary special,Married,House / apartment,-18906.0,-96.0,1.0,1.0,0.0,0.0,Drivers,2.0,0
730,5009625,F,N,N,0,244027.24,Working,Secondary / secondary special,Married,House / apartment,-19693.0,-3276.0,1.0,1.0,0.0,0.0,Laborers,2.0,0
731,5009627,F,N,N,0,240367.74,Working,Secondary / secondary special,Married,House / apartment,-19178.0,-3295.0,1.0,1.0,0.0,0.0,Laborers,2.0,1
732,5009628,F,N,N,0,246082.72,Working,Secondary / secondary special,Married,House / apartment,-19199.0,-3275.0,1.0,1.0,0.0,0.0,Laborers,2.0,1
733,5009629,F,N,N,0,240357.69,Working,Secondary / secondary special,Married,House / apartment,-19953.0,-3289.0,1.0,1.0,0.0,0.0,Laborers,2.0,0
734,6153658,F,N,N,0,232719.26,Working,Secondary / secondary special,Married,House / apartment,-19325.0,-3282.0,1.0,1.0,0.0,0.0,Laborers,2.0,1
735,6153659,F,N,N,0,229060.56,Working,Secondary / secondary special,Married,House / apartment,-19368.0,-3292.0,1.0,1.0,0.0,0.0,Laborers,2.0,1
736,5009631,F,N,N,0,114407.28,Working,Secondary / secondary special,Married,House / apartment,-9676.0,-2056.0,1.0,0.0,1.0,0.0,Laborers,2.0,0
737,5009632,F,N,N,0,114741.98,Working,Secondary / secondary special,Married,House / apartment,-9737.0,-2080.0,1.0,0.0,1.0,0.0,Laborers,2.0,0
738,6153660,F,N,N,0,114962.11,Working,Secondary / secondary special,Married,House / apartment,-10166.0,-2090.0,1.0,0.0,1.0,0.0,Laborers,2.0,0
739,5009633,M,Y,N,1,142098.16,Working,Incomplete higher,Married,House / apartment,-10092.0,-282.0,1.0,1.0,0.0,0.0,Drivers,3.0,0
740,5009634,M,Y,N,1,143570.6,Working,Incomplete higher,Married,House / apartment,-9882.0,-281.0,1.0,1.0,0.0,0.0,Drivers,3.0,0
741,5009636,F,N,N,0,90294.46,Pensioner,Secondary / secondary special,Married,House / apartment,-21182.0,364517.0,1.0,0.0,1.0,0.0,,2.0,0
742,5009637,F,N,N,0,89191.59,Pensioner,Secondary / secondary special,Married,House / apartment,-20887.0,375032.0,1.0,0.0,1.0,0.0,,2.0,0
743,5009638,F,N,N,0,91573.52,Pensioner,Secondary / secondary special,Married,House / apartment,-21150.0,359903.0,1.0,0.0,1.0,0.0,,2.0,0
744,5009639,F,N,N,0,90940.07,Pensioner,Secondary / secondary special,Married,House / apartment,-21267.0,364716.0,1.0,0.0,1.0,0.0,,2.0,0
745,5009642,M,N,N,0,198779.54,Commercial associate,Secondary / secondary special,Single / not married,With parents,-8524.0,-904.0,1.0,1.0,0.0,0.0,,1.0,0
746,5009643,M,N,N,0,204848.71,Commercial associate,Secondary / secondary special,Single / not married,With parents,-8372.0,-929.0,1.0,1.0,0.0,0.0,,1.0,0
747,5009646,M,N,N,0,117401.18,Working,Secondary / secondary special,Single / not married,House / apartment,-15243.0,-3745.0,1.0,1.0,0.0,0.0,Low-skill Laborers,1.0,0
748,5009647,M,N,N,0,119195.67,Working,Secondary / secondary special,Single / not married,House / apartment,-14572.0,-3718.0,1.0,1.0,0.0,0.0,Low-skill Laborers,1.0,0
749,5009648,M,N,N,0,114174.98,Working,Secondary / secondary special,Single / not married,House / apartment,-13923.0,-3642.0,1.0,1.0,0.0,0.0,Low-skill Laborers,1.0,0
750,5090751,M,N,N,0,118010.69,Working,Secondary / secondary special,Single / not married,House / apartment,-14004.0,-3764.0,1.0,1.0,0.0,0.0,Low-skill Laborers,1.0,0
751,6153670,M,N,N,0,118172.34,Working,Secondary / secondary special,Single / not married,House / apartment,-14632.0,-3563.0,1.0,1.0,0.0,0.0,Low-skill Laborers,1.0,0
752,5009651,F,N,N,0,136414.05,State servant,Secondary / secondary special,Married,House / apartment,-18153.0,-11115.0,1.0,0.0,1.0,0.0,,2.0,0
753,5009653,F,N,N,0,137576.2,State servant,Secondary / secondary special,Married,House / apartment,-18901.0,-10852.0,1.0,0.0,1.0,0.0,,2.0,0
754,5009654,F,N,N,0,136595.28,State servant,Secondary / secondary special,Married,House / apartment,-18409.0,-10450.0,1.0,0.0,1.0,0.0,,2.0,0
755,5009655,F,N,N,0,138098.85,State servant,Secondary / secondary special,Married,House / apartment,-19333.0,-11365.0,1.0,0.0,1.0,0.0,,2.0,0
756,5009656,F,N,N,0,126867.32,State servant,Secondary / secondary special,Married,House / apartment,-18318.0,-11084.0,1.0,0.0,1.0,0.0,,2.0,0
757,5009657,F,N,N,0,133267.84,State servant,Secondary / secondary special,Married,House / apartment,-18538.0,-11029.0,1.0,0.0,1.0,0.0,,2.0,0
758,5009658,F,N,N,0,137574.84,State servant,Secondary / secondary special,Married,House / apartment,-18767.0,-10431.0,1.0,0.0,1.0,0.0,,2.0,0
759,6153672,F,N,N,0,136812.09,State servant,Secondary / secondary special,Married,House / apartment,-18248.0,-10856.0,1.0,0.0,1.0,0.0,,2.0,0
760,5009660,M,N,N,0,233977.75,Working,Higher education,Single / not married,House / apartment,-9976.0,-1762.0,1.0,1.0,0.0,0.0,,1.0,0
761,5009661,M,N,N,0,229956.15,Working,Higher education,Single / not married,House / apartment,-10150.0,-1809.0,1.0,1.0,0.0,0.0,,1.0,0
762,5009662,M,N,N,0,227793.5,Working,Higher education,Single / not married,House / apartment,-10127.0,-1786.0,1.0,1.0,0.0,0.0,,1.0,0
763,5009663,M,N,N,0,222692.31,Working,Higher education,Single / not married,House / apartment,-10120.0,-1748.0,1.0,1.0,0.0,0.0,,1.0,0
764,5009664,F,N,N,0,128768.77,Pensioner,Secondary / secondary special,Separated,House / apartment,-19170.0,348766.0,1.0,0.0,0.0,0.0,,1.0,0
765,5009665,F,N,N,0,127579.61,Pensioner,Secondary / secondary special,Separated,House / apartment,-19009.0,352524.0,1.0,0.0,0.0,0.0,,1.0,0
766,5009666,F,N,N,0,130465.85,Pensioner,Secondary / secondary special,Separated,House / apartment,-19763.0,356193.0,1.0,0.0,0.0,0.0,,1.0,0
767,5009667,F,N,N,0,124157.16,Pensioner,Secondary / secondary special,Separated,House / apartment,-19477.0,368953.0,1.0,0.0,0.0,0.0,,1.0,0
768,5009668,F,N,N,0,126401.87,Pensioner,Secondary / secondary special,Separated,House / apartment,-19002.0,364267.0,1.0,0.0,0.0,0.0,,1.0,0
769,6153673,F,N,N,0,127592.21,Pensioner,Secondary / secondary special,Separated,House / apartment,-19104.0,365267.0,1.0,0.0,0.0,0.0,,1.0,0
770,5009671,F,N,N,0,134498.01,Commercial associate,Secondary / secondary special,Civil marriage,House / apartment,-15965.0,-442.0,1.0,1.0,0.0,0.0,Core staff,2.0,0
771,5009672,F,N,N,0,130028.83,Commercial associate,Secondary / secondary special,Civil marriage,House / apartment,-15807.0,-440.0,1.0,1.0,0.0,0.0,Core staff,2.0,0
772,5009673,F,N,N,0,91584.74,Pensioner,Secondary / secondary special,Widow,House / apartment,-22208.0,360101.0,1.0,0.0,1.0,0.0,,1.0,0
773,5009674,F,N,N,0,93088.43,Pensioner,Secondary / secondary special,Widow,House / apartment,-21323.0,372943.0,1.0,0.0,1.0,0.0,,1.0,0
774,5009675,F,N,N,0,90250.54,Pensioner,Secondary / secondary special,Widow,House / apartment,-21580.0,382338.0,1.0,0.0,1.0,0.0,,1.0,0
775,5009676,F,N,N,0,89768.45,Pensioner,Secondary / secondary special,Widow,House / apartment,-21400.0,362205.0,1.0,0.0,1.0,0.0,,1.0,0
776,5009677,F,N,N,0,89792.88,Pensioner,Secondary / secondary special,Widow,House / apartment,-21556.0,363114.0,1.0,0.0,1.0,0.0,,1.0,0
777,5009678,F,N,N,0,90584.43,Pensioner,Secondary / secondary special,Widow,House / apartment,-21518.0,374885.0,1.0,0.0,1.0,0.0,,1.0,0
778,5009680,F,N,N,0,90634.44,Pensioner,Secondary / secondary special,Widow,House / apartment,-21842.0,365901.0,1.0,0.0,1.0,0.0,,1.0,0
779,5009681,F,N,N,0,86128.07,Pensioner,Secondary / secondary special,Widow,House / apartment,-21504.0,364905.0,1.0,0.0,1.0,0.0,,1.0,0
780,5009682,F,N,N,0,94147.57,Pensioner,Secondary / secondary special,Widow,House / apartment,-22346.0,363193.0,1.0,0.0,1.0,0.0,,1.0,0
781,5009683,F,N,N,0,90733.01,Pensioner,Secondary / secondary special,Widow,House / apartment,-21906.0,362866.0,1.0,0.0,1.0,0.0,,1.0,0
782,5009684,F,N,N,0,90397.81,Pensioner,Secondary / secondary special,Widow,House / apartment,-21849.0,362041.0,1.0,0.0,1.0,0.0,,1.0,0
783,5009685,F,N,N,0,89470.51,Pensioner,Secondary / secondary special,Widow,House / apartment,-21837.0,363554.0,1.0,0.0,1.0,0.0,,1.0,0
784,5009686,F,N,N,0,90237.47,Pensioner,Secondary / secondary special,Widow,House / apartment,-21031.0,363710.0,1.0,0.0,1.0,0.0,,1.0,0
785,5009687,F,N,N,0,92208.96,Pensioner,Secondary / secondary special,Widow,House / apartment,-21740.0,366754.0,1.0,0.0,1.0,0.0,,1.0,0
786,5009688,F,N,N,0,83967.15,Pensioner,Secondary / secondary special,Widow,House / apartment,-21094.0,384328.0,1.0,0.0,1.0,0.0,,1.0,0
787,5009689,F,N,N,0,160881.53,Pensioner,Secondary / secondary special,Separated,House / apartment,-23807.0,353021.0,1.0,0.0,1.0,0.0,,1.0,0
788,5009690,F,N,N,0,151265.12,Pensioner,Secondary / secondary special,Separated,House / apartment,-23140.0,361832.0,1.0,0.0,1.0,0.0,,1.0,0
789,5009691,F,N,N,0,150354.46,Pensioner,Secondary / secondary special,Separated,House / apartment,-23594.0,375603.0,1.0,0.0,1.0,0.0,,1.0,0
790,5009693,F,N,N,0,156572.25,Pensioner,Secondary / secondary special,Separated,House / apartment,-24432.0,358898.0,1.0,0.0,1.0,0.0,,1.0,0
791,6153677,F,N,N,0,154237.04,Pensioner,Secondary / secondary special,Separated,House / apartment,-22990.0,365877.0,1.0,0.0,1.0,0.0,,1.0,0
792,5009694,M,Y,N,0,1345536.06,Commercial associate,Higher education,Married,Municipal apartment,-12920.0,-1520.0,1.0,0.0,1.0,1.0,Managers,2.0,0
793,5009695,M,Y,N,0,1358216.89,Commercial associate,Higher education,Married,Municipal apartment,-13375.0,-1524.0,1.0,0.0,1.0,1.0,Managers,2.0,0
794,5009698,M,Y,N,0,1354348.59,Commercial associate,Higher education,Married,Municipal apartment,-13264.0,-1544.0,1.0,0.0,1.0,1.0,Managers,2.0,0
795,5009699,M,Y,N,0,1373806.45,Commercial associate,Higher education,Married,Municipal apartment,-12715.0,-1561.0,1.0,0.0,1.0,1.0,Managers,2.0,0
796,5009700,M,Y,N,0,1370993.75,Commercial associate,Higher education,Married,Municipal apartment,-12947.0,-1554.0,1.0,0.0,1.0,1.0,Managers,2.0,0
797,5090752,M,Y,N,0,1355075.02,Commercial associate,Higher education,Married,Municipal apartment,-13051.0,-1512.0,1.0,0.0,1.0,1.0,Managers,2.0,0
798,6153678,M,Y,N,0,1354357.99,Commercial associate,Higher education,Married,Municipal apartment,-12749.0,-1610.0,1.0,0.0,1.0,1.0,Managers,2.0,0
799,5009701,F,N,N,0,139791.59,Pensioner,Secondary / secondary special,Married,House / apartment,-20941.0,348407.0,1.0,0.0,0.0,0.0,,2.0,0
800,5009702,F,N,N,0,140771.82,Pensioner,Secondary / secondary special,Married,House / apartment,-20140.0,372470.0,1.0,0.0,0.0,0.0,,2.0,0
801,5009703,F,N,N,0,137671.5,Pensioner,Secondary / secondary special,Married,House / apartment,-21155.0,377515.0,1.0,0.0,0.0,0.0,,2.0,0
802,5009704,F,N,N,0,142479.44,Pensioner,Secondary / secondary special,Married,House / apartment,-20438.0,347673.0,1.0,0.0,0.0,0.0,,2.0,0
803,5009705,F,N,N,0,144740.29,Pensioner,Secondary / secondary special,Married,House / apartment,-21287.0,364382.0,1.0,0.0,0.0,0.0,,2.0,0
804,5009706,F,N,N,0,158500.99,Working,Higher education,Married,House / apartment,-11616.0,-345.0,1.0,0.0,0.0,0.0,Managers,2.0,0
805,5009707,F,N,N,0,160439.06,Working,Higher education,Married,House / apartment,-11410.0,-337.0,1.0,0.0,0.0,0.0,Managers,2.0,0
806,5009709,F,N,N,0,158503.76,Working,Higher education,Married,House / apartment,-11760.0,-354.0,1.0,0.0,0.0,0.0,Managers,2.0,0
807,6153679,F,N,N,0,161914.9,Working,Higher education,Married,House / apartment,-11563.0,-357.0,1.0,0.0,0.0,0.0,Managers,2.0,0
808,5009711,F,Y,N,0,129967.15,Working,Secondary / secondary special,Civil marriage,With parents,-11046.0,-442.0,1.0,1.0,1.0,0.0,Sales staff,2.0,0
809,5009712,F,Y,N,0,135838.68,Working,Secondary / secondary special,Civil marriage,With parents,-10976.0,-431.0,1.0,1.0,1.0,0.0,Sales staff,2.0,0
810,5009713,M,N,N,0,176291.14,Working,Secondary / secondary special,Single / not married,House / apartment,-9633.0,-1718.0,1.0,1.0,1.0,0.0,,1.0,0
811,5009714,M,N,N,0,173499.7,Working,Secondary / secondary special,Single / not married,House / apartment,-9585.0,-1675.0,1.0,1.0,1.0,0.0,,1.0,0
812,5009715,M,N,N,0,182850.17,Working,Secondary / secondary special,Single / not married,House / apartment,-9352.0,-1725.0,1.0,1.0,1.0,0.0,,1.0,0
813,5009716,M,N,N,0,181664.4,Working,Secondary / secondary special,Single / not married,House / apartment,-9408.0,-1705.0,1.0,1.0,1.0,0.0,,1.0,0
814,5009717,M,N,N,0,178372.06,Working,Secondary / secondary special,Single / not married,House / apartment,-9680.0,-1752.0,1.0,1.0,1.0,0.0,,1.0,0
815,5009718,M,N,N,0,182807.21,Working,Secondary / secondary special,Single / not married,House / apartment,-9265.0,-1696.0,1.0,1.0,1.0,0.0,,1.0,0
816,5009719,F,N,N,0,222751.2,Working,Secondary / secondary special,Single / not married,House / apartment,-19995.0,-4634.0,1.0,1.0,1.0,0.0,,1.0,1
817,5009722,F,N,N,0,226714.49,Working,Secondary / secondary special,Single / not married,House / apartment,-18982.0,-4428.0,1.0,1.0,1.0,0.0,,1.0,0
818,5009724,F,N,N,0,135210.84,Working,Higher education,Married,House / apartment,-9777.0,-2512.0,1.0,0.0,1.0,0.0,Sales staff,2.0,0
819,5009725,F,N,N,0,136457.44,Working,Higher education,Married,House / apartment,-9745.0,-2545.0,1.0,0.0,1.0,0.0,Sales staff,2.0,0
820,5009726,F,N,N,0,134121.71,Working,Higher education,Married,House / apartment,-10015.0,-2381.0,1.0,0.0,1.0,0.0,Sales staff,2.0,0
821,5009727,F,N,N,0,136632.25,Working,Higher education,Married,House / apartment,-9522.0,-2469.0,1.0,0.0,1.0,0.0,Sales staff,2.0,0
822,5009729,M,Y,N,0,290503.91,Working,Secondary / secondary special,Married,House / apartment,-13550.0,-1314.0,1.0,1.0,0.0,0.0,Laborers,2.0,0
823,5009730,M,Y,N,0,288060.76,Working,Secondary / secondary special,Married,House / apartment,-12463.0,-1335.0,1.0,1.0,0.0,0.0,Laborers,2.0,0
824,5009731,M,Y,N,0,283485.63,Working,Secondary / secondary special,Married,House / apartment,-13395.0,-1312.0,1.0,1.0,0.0,0.0,Laborers,2.0,0
825,5009732,F,Y,N,0,270210.88,Commercial associate,Higher education,Married,House / apartment,-18930.0,-7350.0,1.0,1.0,1.0,0.0,Managers,2.0,1
826,5009733,F,Y,N,0,263925.69,Commercial associate,Higher education,Married,House / apartment,-19301.0,-7448.0,1.0,1.0,1.0,0.0,Managers,2.0,1
827,5009734,F,Y,N,0,272298.03,Commercial associate,Higher education,Married,House / apartment,-19035.0,-7285.0,1.0,1.0,1.0,0.0,Managers,2.0,1
828,6153684,F,Y,N,0,269660.64,Commercial associate,Higher education,Married,House / apartment,-19812.0,-7350.0,1.0,1.0,1.0,0.0,Managers,2.0,1
829,5009736,F,Y,N,0,99849.27,Working,Secondary / secondary special,Married,House / apartment,-14723.0,-4507.0,1.0,1.0,1.0,0.0,Core staff,2.0,0
830,5009737,F,Y,N,0,98542.3,Working,Secondary / secondary special,Married,House / apartment,-14404.0,-4213.0,1.0,1.0,1.0,0.0,Core staff,2.0,0
831,5009738,F,Y,N,0,96479.18,Working,Secondary / secondary special,Married,House / apartment,-14209.0,-4585.0,1.0,1.0,1.0,0.0,Core staff,2.0,0
832,5009739,F,Y,N,0,92878.7,Working,Secondary / secondary special,Married,House / apartment,-14718.0,-4286.0,1.0,1.0,1.0,0.0,Core staff,2.0,0
833,5009740,F,Y,N,0,97824.57,Working,Secondary / secondary special,Married,House / apartment,-14924.0,-4481.0,1.0,1.0,1.0,0.0,Core staff,2.0,0
834,5009741,F,Y,N,0,96794.02,Working,Secondary / secondary special,Married,House / apartment,-14436.0,-4490.0,1.0,1.0,1.0,0.0,Core staff,2.0,0
835,5009742,F,N,N,0,132668.93,Working,Secondary / secondary special,Married,House / apartment,-12396.0,-2474.0,1.0,1.0,1.0,0.0,Sales staff,2.0,0
836,5009743,F,N,N,0,134087.36,Working,Secondary / secondary special,Married,House / apartment,-11916.0,-2493.0,1.0,1.0,1.0,0.0,Sales staff,2.0,0
837,5009745,F,Y,N,0,317128.14,Commercial associate,Higher education,Married,House / apartment,-13366.0,-597.0,1.0,1.0,1.0,0.0,,2.0,0
838,5009746,F,Y,N,0,321958.06,Commercial associate,Higher education,Married,House / apartment,-13588.0,-596.0,1.0,1.0,1.0,0.0,,2.0,0
839,5009748,F,Y,N,0,306650.89,Commercial associate,Higher education,Married,House / apartment,-13532.0,-573.0,1.0,1.0,1.0,0.0,,2.0,0
840,5009750,F,Y,N,0,316370.89,Commercial associate,Higher education,Married,House / apartment,-13006.0,-588.0,1.0,1.0,1.0,0.0,,2.0,0
841,5009751,F,Y,N,0,311610.63,Commercial associate,Higher education,Married,House / apartment,-13044.0,-601.0,1.0,1.0,1.0,0.0,,2.0,0
842,5009755,F,Y,N,0,319620.0,Commercial associate,Higher education,Married,House / apartment,-13906.0,-597.0,1.0,1.0,1.0,0.0,,2.0,0
843,5090754,F,Y,N,0,326396.59,Commercial associate,Higher education,Married,House / apartment,-13751.0,-591.0,1.0,1.0,1.0,0.0,,2.0,0
844,6153696,F,Y,N,0,318882.4,Commercial associate,Higher education,Married,House / apartment,-13559.0,-602.0,1.0,1.0,1.0,0.0,,2.0,0
845,5009757,M,Y,N,0,268189.74,Working,Higher education,Single / not married,House / apartment,-9217.0,-1646.0,1.0,0.0,0.0,0.0,Laborers,1.0,0
846,5009758,M,Y,N,0,261157.96,Working,Higher education,Single / not married,House / apartment,-9116.0,-1686.0,1.0,0.0,0.0,0.0,Laborers,1.0,0
847,5009759,M,Y,N,0,266360.83,Working,Higher education,Single / not married,House / apartment,-9057.0,-1634.0,1.0,0.0,0.0,0.0,Laborers,1.0,0
848,5009760,M,Y,N,0,267441.69,Working,Higher education,Single / not married,House / apartment,-9016.0,-1766.0,1.0,0.0,0.0,0.0,Laborers,1.0,0
849,5009761,M,Y,N,0,275404.51,Working,Higher education,Single / not married,House / apartment,-9228.0,-1676.0,1.0,0.0,0.0,0.0,Laborers,1.0,0
850,6153697,M,Y,N,0,272464.59,Working,Higher education,Single / not married,House / apartment,-9077.0,-1626.0,1.0,0.0,0.0,0.0,Laborers,1.0,0
851,5009762,M,N,N,0,130541.14,Working,Secondary / secondary special,Separated,House / apartment,-14088.0,-3119.0,1.0,0.0,0.0,0.0,Laborers,1.0,0
852,5009764,M,N,N,0,140197.92,Working,Secondary / secondary special,Separated,House / apartment,-14121.0,-3149.0,1.0,0.0,0.0,0.0,Laborers,1.0,0
853,5009765,M,N,N,0,130496.51,Working,Secondary / secondary special,Separated,House / apartment,-13990.0,-3145.0,1.0,0.0,0.0,0.0,Laborers,1.0,0
854,5009766,M,N,N,0,132704.76,Working,Secondary / secondary special,Separated,House / apartment,-14257.0,-3274.0,1.0,0.0,0.0,0.0,Laborers,1.0,0
855,5009767,M,N,N,0,133624.76,Working,Secondary / secondary special,Separated,House / apartment,-14506.0,-3222.0,1.0,0.0,0.0,0.0,Laborers,1.0,0
856,5009768,M,N,N,0,133059.02,Working,Secondary / secondary special,Separated,House / apartment,-14073.0,-3128.0,1.0,0.0,0.0,0.0,Laborers,1.0,0
857,5009773,M,N,N,0,131871.6,Working,Secondary / secondary special,Separated,House / apartment,-14179.0,-3204.0,1.0,0.0,0.0,0.0,Laborers,1.0,0
858,5009774,M,N,N,0,134499.21,Working,Secondary / secondary special,Separated,House / apartment,-14450.0,-3089.0,1.0,0.0,0.0,0.0,Laborers,1.0,0
859,5009775,M,N,N,0,134667.53,Working,Secondary / secondary special,Separated,House / apartment,-13808.0,-3161.0,1.0,0.0,0.0,0.0,Laborers,1.0,0
860,5009777,M,N,N,0,132528.29,Working,Secondary / secondary special,Separated,House / apartment,-14092.0,-3178.0,1.0,0.0,0.0,0.0,Laborers,1.0,0
861,5009779,M,N,N,0,136796.94,Working,Secondary / secondary special,Separated,House / apartment,-14183.0,-3153.0,1.0,0.0,0.0,0.0,Laborers,1.0,0
862,6153698,M,N,N,0,137392.91,Working,Secondary / secondary special,Separated,House / apartment,-14200.0,-3128.0,1.0,0.0,0.0,0.0,Laborers,1.0,0
863,5009783,M,Y,N,2,441063.36,State servant,Higher education,Married,Municipal apartment,-14935.0,-6709.0,1.0,1.0,0.0,0.0,Core staff,4.0,0
864,5009784,M,Y,N,2,435751.62,State servant,Higher education,Married,Municipal apartment,-14993.0,-7118.0,1.0,1.0,0.0,0.0,Core staff,4.0,0
865,5009785,F,N,N,0,203174.95,Pensioner,Secondary / secondary special,Widow,House / apartment,-22458.0,372336.0,1.0,0.0,1.0,0.0,,1.0,0
866,5009788,F,N,N,0,196744.49,Pensioner,Secondary / secondary special,Widow,House / apartment,-21860.0,363580.0,1.0,0.0,1.0,0.0,,1.0,0
867,5009789,F,N,N,0,201906.92,Pensioner,Secondary / secondary special,Widow,House / apartment,-22255.0,372252.0,1.0,0.0,1.0,0.0,,1.0,0
868,5009790,F,N,N,0,203779.6,Pensioner,Secondary / secondary special,Widow,House / apartment,-22040.0,373404.0,1.0,0.0,1.0,0.0,,1.0,0
869,5009791,F,N,N,0,192115.43,Pensioner,Secondary / secondary special,Widow,House / apartment,-21908.0,366553.0,1.0,0.0,1.0,0.0,,1.0,0
870,5009792,F,N,N,0,198072.38,Pensioner,Secondary / secondary special,Widow,House / apartment,-21986.0,349207.0,1.0,0.0,1.0,0.0,,1.0,0
871,5009794,F,N,N,0,206125.35,Pensioner,Secondary / secondary special,Widow,House / apartment,-22176.0,375151.0,1.0,0.0,1.0,0.0,,1.0,0
872,5009796,F,N,N,0,198560.09,Pensioner,Secondary / secondary special,Widow,House / apartment,-22295.0,366299.0,1.0,0.0,1.0,0.0,,1.0,0
873,5009797,F,N,N,0,196288.77,Pensioner,Secondary / secondary special,Widow,House / apartment,-22951.0,366509.0,1.0,0.0,1.0,0.0,,1.0,0
874,5009798,F,N,N,0,195713.41,Pensioner,Secondary / secondary special,Widow,House / apartment,-21278.0,352050.0,1.0,0.0,1.0,0.0,,1.0,0
875,6153701,F,N,N,0,199178.39,Pensioner,Secondary / secondary special,Widow,House / apartment,-21812.0,354634.0,1.0,0.0,1.0,0.0,,1.0,0
876,5009799,F,Y,N,0,397561.16,Working,Higher education,Married,House / apartment,-15306.0,-3863.0,1.0,1.0,1.0,0.0,,2.0,0
877,5009800,F,Y,N,0,380261.25,Working,Higher education,Married,House / apartment,-15453.0,-4006.0,1.0,1.0,1.0,0.0,,2.0,0
878,5009801,F,Y,N,0,383877.06,Working,Higher education,Married,House / apartment,-15622.0,-4051.0,1.0,1.0,1.0,0.0,,2.0,0
879,5009802,F,Y,N,0,393072.32,Working,Higher education,Married,House / apartment,-15174.0,-3937.0,1.0,1.0,1.0,0.0,,2.0,0
880,5009803,F,Y,N,0,371903.99,Working,Higher education,Married,House / apartment,-15153.0,-3880.0,1.0,1.0,1.0,0.0,,2.0,0
881,5009804,F,Y,N,0,381270.24,Working,Higher education,Married,House / apartment,-16065.0,-4023.0,1.0,1.0,1.0,0.0,,2.0,0
882,5090756,F,Y,N,0,383786.22,Working,Higher education,Married,House / apartment,-15252.0,-4010.0,1.0,1.0,1.0,0.0,,2.0,0
883,5009805,F,N,N,1,203792.93,Working,Secondary / secondary special,Married,House / apartment,-11977.0,-3189.0,1.0,1.0,1.0,0.0,Sales staff,3.0,0
884,5009806,F,N,N,1,193534.3,Working,Secondary / secondary special,Married,House / apartment,-11765.0,-3331.0,1.0,1.0,1.0,0.0,Sales staff,3.0,0
885,5009807,F,N,N,1,205366.13,Working,Secondary / secondary special,Married,House / apartment,-11624.0,-3203.0,1.0,1.0,1.0,0.0,Sales staff,3.0,0
886,5009808,F,N,N,1,202235.25,Working,Secondary / secondary special,Married,House / apartment,-11724.0,-3270.0,1.0,1.0,1.0,0.0,Sales staff,3.0,0
887,5009809,F,N,N,1,202427.78,Working,Secondary / secondary special,Married,House / apartment,-11903.0,-3297.0,1.0,1.0,1.0,0.0,Sales staff,3.0,0
888,5009810,F,N,N,1,193661.19,Working,Secondary / secondary special,Married,House / apartment,-11710.0,-3238.0,1.0,1.0,1.0,0.0,Sales staff,3.0,0
889,5009811,F,N,N,1,203402.33,Working,Secondary / secondary special,Married,House / apartment,-11711.0,-3175.0,1.0,1.0,1.0,0.0,Sales staff,3.0,0
890,5009812,F,N,N,1,203158.81,Working,Secondary / secondary special,Married,House / apartment,-11956.0,-3203.0,1.0,1.0,1.0,0.0,Sales staff,3.0,0
891,5009813,F,N,N,1,204574.72,Working,Secondary / secondary special,Married,House / apartment,-12255.0,-3290.0,1.0,1.0,1.0,0.0,Sales staff,3.0,0
892,5009814,F,N,N,1,203846.16,Working,Secondary / secondary special,Married,House / apartment,-12081.0,-3238.0,1.0,1.0,1.0,0.0,Sales staff,3.0,0
893,5009816,F,N,N,1,201161.57,Working,Secondary / secondary special,Married,House / apartment,-11707.0,-3300.0,1.0,1.0,1.0,0.0,Sales staff,3.0,0
894,5009817,F,N,N,1,205017.8,Working,Secondary / secondary special,Married,House / apartment,-11469.0,-3357.0,1.0,1.0,1.0,0.0,Sales staff,3.0,0
895,5090772,F,N,N,1,206573.64,Working,Secondary / secondary special,Married,House / apartment,-11882.0,-3287.0,1.0,1.0,1.0,0.0,Sales staff,3.0,0
896,5090773,F,N,N,1,208584.04,Working,Secondary / secondary special,Married,House / apartment,-11850.0,-3353.0,1.0,1.0,1.0,0.0,Sales staff,3.0,0
897,6153702,F,N,N,1,199979.38,Working,Secondary / secondary special,Married,House / apartment,-11938.0,-3186.0,1.0,1.0,1.0,0.0,Sales staff,3.0,0
898,5009819,F,Y,N,0,100061.22,Working,Secondary / secondary special,Married,House / apartment,-14958.0,-5360.0,1.0,0.0,1.0,0.0,Cooking staff,2.0,0
899,5009820,F,Y,N,0,100006.9,Working,Secondary / secondary special,Married,House / apartment,-14834.0,-5406.0,1.0,0.0,1.0,0.0,Cooking staff,2.0,0
900,5009821,F,Y,N,0,97513.97,Working,Secondary / secondary special,Married,House / apartment,-15061.0,-5527.0,1.0,0.0,1.0,0.0,Cooking staff,2.0,0
901,5009822,F,Y,N,0,99876.27,Working,Secondary / secondary special,Married,House / apartment,-15426.0,-5431.0,1.0,0.0,1.0,0.0,Cooking staff,2.0,0
902,5009823,F,Y,N,0,101321.79,Working,Secondary / secondary special,Married,House / apartment,-14260.0,-5370.0,1.0,0.0,1.0,0.0,Cooking staff,2.0,0
903,5009824,F,Y,N,0,96891.86,Working,Secondary / secondary special,Married,House / apartment,-14956.0,-5265.0,1.0,0.0,1.0,0.0,Cooking staff,2.0,0
904,5009825,F,Y,N,0,99308.46,Working,Secondary / secondary special,Married,House / apartment,-15120.0,-5507.0,1.0,0.0,1.0,0.0,Cooking staff,2.0,0
905,5009826,F,N,N,0,113704.58,Working,Secondary / secondary special,Married,House / apartment,-15468.0,-370.0,1.0,1.0,0.0,0.0,Sales staff,2.0,0
906,5009827,F,N,N,0,113826.57,Working,Secondary / secondary special,Married,House / apartment,-15379.0,-387.0,1.0,1.0,0.0,0.0,Sales staff,2.0,0
907,5009828,F,N,N,0,111805.89,Working,Secondary / secondary special,Married,House / apartment,-15567.0,-379.0,1.0,1.0,0.0,0.0,Sales staff,2.0,0
908,5009829,F,N,N,0,114812.15,Working,Secondary / secondary special,Married,House / apartment,-15269.0,-376.0,1.0,1.0,0.0,0.0,Sales staff,2.0,0
909,5009830,F,N,N,0,114011.66,Working,Secondary / secondary special,Married,House / apartment,-16249.0,-376.0,1.0,1.0,0.0,0.0,Sales staff,2.0,0
910,5009831,M,Y,N,0,169156.41,Working,Higher education,Married,With parents,-11008.0,-1730.0,1.0,1.0,0.0,0.0,Core staff,2.0,0
911,5009832,M,Y,N,0,173296.05,Working,Higher education,Married,With parents,-10594.0,-1689.0,1.0,1.0,0.0,0.0,Core staff,2.0,0
912,5009833,M,Y,N,0,169225.46,Working,Higher education,Married,With parents,-10319.0,-1715.0,1.0,1.0,0.0,0.0,Core staff,2.0,0
913,5009834,M,Y,N,0,170183.07,Working,Higher education,Married,With parents,-10485.0,-1688.0,1.0,1.0,0.0,0.0,Core staff,2.0,0
914,5009835,M,Y,N,0,169761.03,Working,Higher education,Married,With parents,-10719.0,-1704.0,1.0,1.0,0.0,0.0,Core staff,2.0,0
915,5009836,M,Y,N,0,168451.95,Working,Higher education,Married,With parents,-10503.0,-1719.0,1.0,1.0,0.0,0.0,Core staff,2.0,0
916,6153704,M,Y,N,0,166615.14,Working,Higher education,Married,With parents,-10682.0,-1715.0,1.0,1.0,0.0,0.0,Core staff,2.0,0
917,5009837,F,N,N,0,135093.03,State servant,Secondary / secondary special,Civil marriage,House / apartment,-12837.0,-5492.0,1.0,0.0,0.0,0.0,Medicine staff,2.0,0
918,5009838,F,N,N,0,132629.42,State servant,Secondary / secondary special,Civil marriage,House / apartment,-12955.0,-5808.0,1.0,0.0,0.0,0.0,Medicine staff,2.0,0
919,5009839,M,Y,N,0,206884.5,Working,Secondary / secondary special,Civil marriage,House / apartment,-12770.0,-400.0,1.0,0.0,0.0,0.0,Laborers,2.0,0
920,5009841,M,Y,N,0,203972.6,Working,Secondary / secondary special,Civil marriage,House / apartment,-12328.0,-403.0,1.0,0.0,0.0,0.0,Laborers,2.0,0
921,5009843,F,N,N,0,78205.18,Commercial associate,Secondary / secondary special,Separated,House / apartment,-17990.0,-1496.0,1.0,0.0,0.0,0.0,Sales staff,1.0,0
922,5009844,M,Y,N,0,179733.44,Working,Secondary / secondary special,Married,House / apartment,-15824.0,-129.0,1.0,1.0,0.0,0.0,Security staff,2.0,0
923,5009845,M,Y,N,0,179862.39,Working,Secondary / secondary special,Married,House / apartment,-15684.0,-133.0,1.0,1.0,0.0,0.0,Security staff,2.0,0
924,5009846,M,N,N,0,222153.84,Commercial associate,Higher education,Civil marriage,House / apartment,-12424.0,-396.0,1.0,0.0,1.0,0.0,Managers,2.0,0
925,5009847,F,N,N,0,97066.85,Commercial associate,Higher education,Married,House / apartment,-10141.0,-714.0,1.0,0.0,0.0,0.0,Sales staff,2.0,0
926,5009848,F,N,N,0,95970.45,Commercial associate,Higher education,Married,House / apartment,-10041.0,-684.0,1.0,0.0,0.0,0.0,Sales staff,2.0,0
927,5009849,F,N,N,0,101320.34,Commercial associate,Higher education,Married,House / apartment,-10159.0,-661.0,1.0,0.0,0.0,0.0,Sales staff,2.0,0
928,5009850,M,Y,N,0,354783.85,Commercial associate,Secondary / secondary special,Separated,With parents,-10483.0,-555.0,1.0,1.0,1.0,0.0,Drivers,1.0,0
929,5009851,M,Y,N,0,367308.07,Commercial associate,Secondary / secondary special,Separated,With parents,-10214.0,-561.0,1.0,1.0,1.0,0.0,Drivers,1.0,0
930,5009852,M,Y,N,0,351967.49,Commercial associate,Secondary / secondary special,Separated,With parents,-10158.0,-560.0,1.0,1.0,1.0,0.0,Drivers,1.0,0
931,5009853,M,Y,N,0,355025.31,Commercial associate,Secondary / secondary special,Separated,With parents,-10189.0,-569.0,1.0,1.0,1.0,0.0,Drivers,1.0,0
932,5009854,M,Y,N,0,373401.75,Commercial associate,Secondary / secondary special,Separated,With parents,-10645.0,-556.0,1.0,1.0,1.0,0.0,Drivers,1.0,0
933,5009856,M,Y,N,0,362225.7,Commercial associate,Secondary / secondary special,Separated,With parents,-10671.0,-548.0,1.0,1.0,1.0,0.0,Drivers,1.0,0
934,5009857,M,Y,N,0,359232.35,Commercial associate,Secondary / secondary special,Separated,With parents,-10384.0,-575.0,1.0,1.0,1.0,0.0,Drivers,1.0,0
935,5009858,M,Y,N,0,355521.93,Commercial associate,Secondary / secondary special,Separated,With parents,-10131.0,-569.0,1.0,1.0,1.0,0.0,Drivers,1.0,0
936,5009859,M,Y,N,0,361658.5,Commercial associate,Secondary / secondary special,Separated,With parents,-10135.0,-575.0,1.0,1.0,1.0,0.0,Drivers,1.0,0
937,5009860,M,Y,N,0,369126.37,Commercial associate,Secondary / secondary special,Separated,With parents,-10366.0,-574.0,1.0,1.0,1.0,0.0,Drivers,1.0,0
938,5009864,M,Y,N,0,224872.18,Working,Higher education,Civil marriage,Rented apartment,-14231.0,-1218.0,1.0,1.0,0.0,0.0,Managers,2.0,0
939,5009865,M,Y,N,0,226915.71,Working,Higher education,Civil marriage,Rented apartment,-14586.0,-1225.0,1.0,1.0,0.0,0.0,Managers,2.0,0
940,5009866,M,Y,N,0,225985.97,Working,Higher education,Civil marriage,Rented apartment,-14770.0,-1253.0,1.0,1.0,0.0,0.0,Managers,2.0,0
941,5009867,M,Y,N,0,226855.43,Working,Higher education,Civil marriage,Rented apartment,-14811.0,-1203.0,1.0,1.0,0.0,0.0,Managers,2.0,0
942,5009868,M,Y,N,0,232415.1,Working,Higher education,Civil marriage,Rented apartment,-14445.0,-1234.0,1.0,1.0,0.0,0.0,Managers,2.0,0
943,5009872,M,Y,N,2,438265.76,Commercial associate,Higher education,Married,House / apartment,-15123.0,-6527.0,1.0,1.0,0.0,0.0,Managers,4.0,0
944,5009873,M,Y,N,2,426894.3,Commercial associate,Higher education,Married,House / apartment,-15422.0,-6487.0,1.0,1.0,0.0,0.0,Managers,4.0,0
945,5009874,M,Y,N,2,426438.98,Commercial associate,Higher education,Married,House / apartment,-14627.0,-6227.0,1.0,1.0,0.0,0.0,Managers,4.0,0
946,5009875,M,Y,N,2,433862.36,Commercial associate,Higher education,Married,House / apartment,-14974.0,-6231.0,1.0,1.0,0.0,0.0,Managers,4.0,0
947,6153768,M,Y,N,2,417131.43,Commercial associate,Higher education,Married,House / apartment,-14608.0,-6501.0,1.0,1.0,0.0,0.0,Managers,4.0,0
948,5009877,F,N,Y,2,154092.84,State servant,Higher education,Married,House / apartment,-15785.0,-1273.0,1.0,1.0,1.0,0.0,Core staff,4.0,0
949,5009878,F,N,Y,2,154707.42,State servant,Higher education,Married,House / apartment,-14906.0,-1329.0,1.0,1.0,1.0,0.0,Core staff,4.0,0
950,5009879,F,N,Y,2,146707.22,Working,Secondary / secondary special,Married,Municipal apartment,-9773.0,-1831.0,1.0,1.0,0.0,0.0,Laborers,4.0,0
951,5009880,F,N,Y,0,157345.5,Pensioner,Secondary / secondary special,Civil marriage,House / apartment,-21757.0,370758.0,1.0,0.0,1.0,0.0,,2.0,0
952,5009881,F,N,Y,0,157104.3,Pensioner,Secondary / secondary special,Civil marriage,House / apartment,-21803.0,360751.0,1.0,0.0,1.0,0.0,,2.0,0
953,5009882,F,N,Y,0,154020.01,Pensioner,Secondary / secondary special,Civil marriage,House / apartment,-22000.0,369787.0,1.0,0.0,1.0,0.0,,2.0,0
954,5009883,F,N,Y,0,164188.02,Pensioner,Secondary / secondary special,Civil marriage,House / apartment,-22304.0,364110.0,1.0,0.0,1.0,0.0,,2.0,0
955,5009884,F,N,Y,0,160716.17,Pensioner,Secondary / secondary special,Civil marriage,House / apartment,-21950.0,359901.0,1.0,0.0,1.0,0.0,,2.0,0
956,5009885,F,N,Y,0,156671.86,Pensioner,Secondary / secondary special,Civil marriage,House / apartment,-21693.0,367532.0,1.0,0.0,1.0,0.0,,2.0,0
957,5009886,F,N,Y,0,160471.24,Pensioner,Secondary / secondary special,Civil marriage,House / apartment,-21405.0,369524.0,1.0,0.0,1.0,0.0,,2.0,0
958,5009887,F,N,Y,0,158091.6,Pensioner,Secondary / secondary special,Civil marriage,House / apartment,-21562.0,361390.0,1.0,0.0,1.0,0.0,,2.0,0
959,5009888,F,N,Y,0,153816.6,Pensioner,Secondary / secondary special,Civil marriage,House / apartment,-21476.0,354197.0,1.0,0.0,1.0,0.0,,2.0,0
960,6153776,F,N,Y,0,160267.75,Pensioner,Secondary / secondary special,Civil marriage,House / apartment,-21431.0,371874.0,1.0,0.0,1.0,0.0,,2.0,0
961,6153777,F,N,Y,0,153359.51,Pensioner,Secondary / secondary special,Civil marriage,House / apartment,-21169.0,361442.0,1.0,0.0,1.0,0.0,,2.0,0
962,5009889,M,Y,Y,0,272237.41,Working,Secondary / secondary special,Single / not married,House / apartment,-13378.0,-1207.0,1.0,0.0,0.0,1.0,Managers,1.0,0
963,5009890,M,Y,Y,0,264814.53,Working,Secondary / secondary special,Single / not married,House / apartment,-13039.0,-1185.0,1.0,0.0,0.0,1.0,Managers,1.0,0
964,5009893,F,Y,N,1,159094.28,Working,Higher education,Married,House / apartment,-11552.0,-2333.0,1.0,0.0,0.0,0.0,Private service staff,3.0,0
965,6153791,F,Y,N,1,158824.72,Working,Higher education,Married,House / apartment,-12428.0,-2344.0,1.0,0.0,0.0,0.0,Private service staff,3.0,0
966,5009897,F,Y,Y,2,89289.67,State servant,Higher education,Married,House / apartment,-11125.0,-405.0,1.0,0.0,0.0,0.0,Core staff,4.0,0
967,5009898,F,Y,Y,2,89349.0,State servant,Higher education,Married,House / apartment,-11774.0,-394.0,1.0,0.0,0.0,0.0,Core staff,4.0,0
968,5009899,F,Y,Y,2,87805.29,State servant,Higher education,Married,House / apartment,-11575.0,-409.0,1.0,0.0,0.0,0.0,Core staff,4.0,0
969,5009900,M,Y,N,0,191859.13,Working,Secondary / secondary special,Married,House / apartment,-18811.0,-3698.0,1.0,0.0,0.0,0.0,Drivers,2.0,0
970,5009903,M,Y,N,0,207915.55,Working,Secondary / secondary special,Married,House / apartment,-18755.0,-3606.0,1.0,0.0,0.0,0.0,Drivers,2.0,1
971,5009906,M,Y,N,0,203236.76,Working,Secondary / secondary special,Married,House / apartment,-19509.0,-3563.0,1.0,0.0,0.0,0.0,Drivers,2.0,1
972,5009907,M,Y,N,0,203310.68,Working,Secondary / secondary special,Married,House / apartment,-18844.0,-3648.0,1.0,0.0,0.0,0.0,Drivers,2.0,1
973,5009908,M,Y,N,0,205915.96,Working,Secondary / secondary special,Married,House / apartment,-19144.0,-3627.0,1.0,0.0,0.0,0.0,Drivers,2.0,1
974,5009909,M,Y,N,0,200415.23,Working,Secondary / secondary special,Married,House / apartment,-18762.0,-3755.0,1.0,0.0,0.0,0.0,Drivers,2.0,1
975,5009910,M,Y,N,0,200472.85,Working,Secondary / secondary special,Married,House / apartment,-19274.0,-3562.0,1.0,0.0,0.0,0.0,Drivers,2.0,1
976,5009911,M,Y,N,0,203280.24,Working,Secondary / secondary special,Married,House / apartment,-19942.0,-3614.0,1.0,0.0,0.0,0.0,Drivers,2.0,1
977,5009914,F,N,Y,2,97982.69,Commercial associate,Higher education,Married,House / apartment,-12279.0,-451.0,1.0,0.0,1.0,0.0,Accountants,4.0,0
978,5009915,F,N,Y,2,100538.54,Commercial associate,Higher education,Married,House / apartment,-12321.0,-436.0,1.0,0.0,1.0,0.0,Accountants,4.0,0
979,5009916,F,N,Y,2,99742.83,Commercial associate,Higher education,Married,House / apartment,-12859.0,-440.0,1.0,0.0,1.0,0.0,Accountants,4.0,0
980,5009917,F,N,Y,2,101090.03,Commercial associate,Higher education,Married,House / apartment,-12748.0,-429.0,1.0,0.0,1.0,0.0,Accountants,4.0,0
981,5009918,F,N,Y,2,98413.96,Commercial associate,Higher education,Married,House / apartment,-12591.0,-444.0,1.0,0.0,1.0,0.0,Accountants,4.0,0
982,5009919,F,N,Y,2,99638.79,Commercial associate,Higher education,Married,House / apartment,-12708.0,-436.0,1.0,0.0,1.0,0.0,Accountants,4.0,0
983,5009922,M,Y,Y,0,350438.42,Working,Higher education,Married,House / apartment,-19977.0,-7513.0,1.0,0.0,0.0,0.0,Laborers,2.0,1
984,5009923,M,Y,Y,0,363509.44,Working,Higher education,Married,House / apartment,-19440.0,-7230.0,1.0,0.0,0.0,0.0,Laborers,2.0,1
985,5009924,M,Y,Y,0,347384.1,Working,Higher education,Married,House / apartment,-19862.0,-7363.0,1.0,0.0,0.0,0.0,Laborers,2.0,1
986,5009925,M,Y,Y,0,360509.84,Working,Higher education,Married,House / apartment,-19696.0,-7429.0,1.0,0.0,0.0,0.0,Laborers,2.0,1
987,5009927,M,Y,Y,0,363319.12,Working,Higher education,Married,House / apartment,-20243.0,-7538.0,1.0,0.0,0.0,0.0,Laborers,2.0,1
988,5009928,M,Y,Y,0,360407.71,Working,Higher education,Married,House / apartment,-20510.0,-7738.0,1.0,0.0,0.0,0.0,Laborers,2.0,0
989,5009929,M,Y,Y,0,351716.68,Working,Higher education,Married,House / apartment,-19706.0,-7526.0,1.0,0.0,0.0,0.0,Laborers,2.0,1
990,5009930,M,Y,Y,0,354336.74,Working,Higher education,Married,House / apartment,-19853.0,-7432.0,1.0,0.0,0.0,0.0,Laborers,2.0,1
991,5009931,M,Y,Y,0,344415.05,Working,Higher education,Married,House / apartment,-20249.0,-7473.0,1.0,0.0,0.0,0.0,Laborers,2.0,0
992,5009932,M,Y,Y,0,350192.54,Working,Higher education,Married,House / apartment,-19694.0,-7115.0,1.0,0.0,0.0,0.0,Laborers,2.0,1
993,6153619,M,Y,Y,0,356530.28,Working,Higher education,Married,House / apartment,-19821.0,-7532.0,1.0,0.0,0.0,0.0,Laborers,2.0,1
994,6153644,M,Y,Y,0,353354.59,Working,Higher education,Married,House / apartment,-19923.0,-7600.0,1.0,0.0,0.0,0.0,Laborers,2.0,0
995,6153645,M,Y,Y,0,352849.23,Working,Higher education,Married,House / apartment,-19665.0,-7688.0,1.0,0.0,0.0,0.0,Laborers,2.0,0
996,6153646,M,Y,Y,0,358666.21,Working,Higher education,Married,House / apartment,-20163.0,-7266.0,1.0,0.0,0.0,0.0,Laborers,2.0,1
997,5009934,F,N,Y,2,161751.7,Working,Secondary / secondary special,Married,House / apartment,-11120.0,-2335.0,1.0,0.0,0.0,0.0,Sales staff,4.0,0
998,5009935,F,N,Y,2,159711.7,Working,Secondary / secondary special,Married,House / apartment,-10544.0,-2392.0,1.0,0.0,0.0,0.0,Sales staff,4.0,0
999,5009938,F,N,Y,2,156142.06,Working,Secondary / secondary special,Married,House / apartment,-10664.0,-2341.0,1.0,0.0,0.0,0.0,Sales staff,4.0,0
1000,5009939,F,N,Y,2,163057.08,Working,Secondary / secondary special,Married,House / apartment,-10834.0,-2347.0,1.0,0.0,0.0,0.0,Sales staff,4.0,0
1001,5009940,F,N,Y,2,161394.81,Working,Secondary / secondary special,Married,House / apartment,-10995.0,-2401.0,1.0,0.0,0.0,0.0,Sales staff,4.0,0
1002,5009941,F,N,Y,2,155982.92,Working,Secondary / secondary special,Married,House / apartment,-10849.0,-2413.0,1.0,0.0,0.0,0.0,Sales staff,4.0,0
1003,5009942,F,N,Y,2,156510.62,Working,Secondary / secondary special,Married,House / apartment,-10461.0,-2252.0,1.0,0.0,0.0,0.0,Sales staff,4.0,0
1004,5009943,F,N,Y,2,157845.04,Working,Secondary / secondary special,Married,House / apartment,-10874.0,-2392.0,1.0,0.0,0.0,0.0,Sales staff,4.0,0
1005,6153647,F,N,Y,2,157261.44,Working,Secondary / secondary special,Married,House / apartment,-10778.0,-2313.0,1.0,0.0,0.0,0.0,Sales staff,4.0,0
1006,6153648,F,N,Y,2,157421.95,Working,Secondary / secondary special,Married,House / apartment,-10390.0,-2366.0,1.0,0.0,0.0,0.0,Sales staff,4.0,0
1007,5009944,F,N,Y,0,137587.24,Working,Incomplete higher,Single / not married,House / apartment,-8590.0,-1493.0,1.0,1.0,0.0,1.0,,1.0,0
1008,5009945,F,Y,N,2,98522.22,Pensioner,Secondary / secondary special,Married,House / apartment,-13078.0,369890.0,1.0,0.0,0.0,1.0,,4.0,0
1009,5009946,F,Y,Y,2,91019.73,State servant,Secondary / secondary special,Married,House / apartment,-12500.0,-4404.0,1.0,0.0,0.0,0.0,Cooking staff,4.0,0
1010,5009947,F,Y,Y,2,88769.93,State servant,Secondary / secondary special,Married,House / apartment,-12683.0,-4540.0,1.0,0.0,0.0,0.0,Cooking staff,4.0,0
1011,5009949,F,Y,Y,2,90276.45,State servant,Secondary / secondary special,Married,House / apartment,-12288.0,-4593.0,1.0,0.0,0.0,0.0,Cooking staff,4.0,0
1012,5009950,F,Y,Y,2,88887.57,State servant,Secondary / secondary special,Married,House / apartment,-13131.0,-4563.0,1.0,0.0,0.0,0.0,Cooking staff,4.0,0
1013,5009951,M,N,Y,0,89719.39,Pensioner,Secondary / secondary special,Civil marriage,House / apartment,-23353.0,367470.0,1.0,0.0,0.0,0.0,,2.0,0
1014,5009952,M,Y,Y,0,112895.32,Working,Secondary / secondary special,Married,House / apartment,-15569.0,-7432.0,1.0,0.0,0.0,0.0,,2.0,0
1015,5009954,M,Y,Y,0,110659.8,Working,Secondary / secondary special,Married,House / apartment,-16214.0,-7530.0,1.0,0.0,0.0,0.0,,2.0,0
1016,5009955,M,Y,Y,0,112278.46,Working,Secondary / secondary special,Married,House / apartment,-15939.0,-7623.0,1.0,0.0,0.0,0.0,,2.0,0
1017,5009957,F,Y,Y,1,140388.37,Working,Secondary / secondary special,Married,House / apartment,-16552.0,-3307.0,1.0,0.0,0.0,0.0,,3.0,0
1018,5009958,F,Y,Y,1,135021.45,Working,Secondary / secondary special,Married,House / apartment,-17009.0,-3281.0,1.0,0.0,0.0,0.0,,3.0,0
1019,5009960,F,Y,Y,1,137008.64,Working,Secondary / secondary special,Married,House / apartment,-16839.0,-3157.0,1.0,0.0,0.0,0.0,,3.0,0
1020,5009961,F,Y,Y,1,133374.51,Working,Secondary / secondary special,Married,House / apartment,-16719.0,-3286.0,1.0,0.0,0.0,0.0,,3.0,0
1021,6153725,F,Y,Y,1,131635.31,Working,Secondary / secondary special,Married,House / apartment,-16510.0,-3382.0,1.0,0.0,0.0,0.0,,3.0,0
1022,5009965,F,Y,Y,0,180152.68,State servant,Secondary / secondary special,Married,House / apartment,-21204.0,-3969.0,1.0,0.0,0.0,0.0,Medicine staff,2.0,1
1023,5009966,F,Y,Y,0,175785.98,State servant,Secondary / secondary special,Married,House / apartment,-21120.0,-3774.0,1.0,0.0,0.0,0.0,Medicine staff,2.0,1
1024,5009967,F,Y,Y,0,183386.11,State servant,Secondary / secondary special,Married,House / apartment,-20408.0,-3853.0,1.0,0.0,0.0,0.0,Medicine staff,2.0,1
1025,5009968,F,Y,Y,0,177712.95,State servant,Secondary / secondary special,Married,House / apartment,-21316.0,-3807.0,1.0,0.0,0.0,0.0,Medicine staff,2.0,1
1026,5009969,F,Y,Y,0,179310.89,State servant,Secondary / secondary special,Married,House / apartment,-20431.0,-3962.0,1.0,0.0,0.0,0.0,Medicine staff,2.0,1
1027,5009970,F,Y,Y,0,174686.39,State servant,Secondary / secondary special,Married,House / apartment,-20969.0,-3938.0,1.0,0.0,0.0,0.0,Medicine staff,2.0,1
1028,5009971,F,Y,Y,0,183030.5,State servant,Secondary / secondary special,Married,House / apartment,-20116.0,-3919.0,1.0,0.0,0.0,0.0,Medicine staff,2.0,1
1029,5009978,F,Y,Y,0,178661.31,State servant,Secondary / secondary special,Married,House / apartment,-20598.0,-3910.0,1.0,0.0,0.0,0.0,Medicine staff,2.0,1
1030,5009979,F,Y,Y,0,182782.67,State servant,Secondary / secondary special,Married,House / apartment,-20466.0,-3960.0,1.0,0.0,0.0,0.0,Medicine staff,2.0,1
1031,5009980,F,Y,Y,0,183530.26,State servant,Secondary / secondary special,Married,House / apartment,-20364.0,-3883.0,1.0,0.0,0.0,0.0,Medicine staff,2.0,1
1032,5009981,F,Y,Y,0,187775.79,State servant,Secondary / secondary special,Married,House / apartment,-20951.0,-3916.0,1.0,0.0,0.0,0.0,Medicine staff,2.0,1
1033,5009983,F,Y,Y,0,183551.62,State servant,Secondary / secondary special,Married,House / apartment,-20972.0,-4042.0,1.0,0.0,0.0,0.0,Medicine staff,2.0,0
1034,5009984,F,Y,Y,0,183229.38,State servant,Secondary / secondary special,Married,House / apartment,-20292.0,-3808.0,1.0,0.0,0.0,0.0,Medicine staff,2.0,1
1035,5009985,F,Y,Y,0,178314.15,State servant,Secondary / secondary special,Married,House / apartment,-19854.0,-3902.0,1.0,0.0,0.0,0.0,Medicine staff,2.0,1
1036,5009986,F,Y,Y,0,176398.32,State servant,Secondary / secondary special,Married,House / apartment,-21323.0,-3778.0,1.0,0.0,0.0,0.0,Medicine staff,2.0,1
1037,6153743,F,Y,Y,0,180917.61,State servant,Secondary / secondary special,Married,House / apartment,-21050.0,-3999.0,1.0,0.0,0.0,0.0,Medicine staff,2.0,0
1038,5009988,M,Y,Y,0,491296.97,Pensioner,Higher education,Single / not married,House / apartment,-23011.0,366626.0,1.0,0.0,0.0,0.0,,1.0,0
1039,5009989,M,Y,Y,0,505987.31,Pensioner,Higher education,Single / not married,House / apartment,-23086.0,378526.0,1.0,0.0,0.0,0.0,,1.0,0
1040,5009990,M,Y,Y,0,508579.78,Pensioner,Higher education,Single / not married,House / apartment,-23841.0,362879.0,1.0,0.0,0.0,0.0,,1.0,0
1041,5009991,M,Y,N,2,153517.04,Working,Secondary / secondary special,Married,Office apartment,-14350.0,-2385.0,1.0,0.0,0.0,1.0,Drivers,4.0,0
1042,5009992,M,Y,N,2,158897.88,Working,Secondary / secondary special,Married,Office apartment,-15147.0,-2400.0,1.0,0.0,0.0,1.0,Drivers,4.0,0
1043,5009993,F,N,Y,0,129451.2,Working,Incomplete higher,Married,House / apartment,-17281.0,-3714.0,1.0,0.0,0.0,0.0,Managers,2.0,0
1044,5009994,M,Y,Y,1,349163.68,Commercial associate,Secondary / secondary special,Married,House / apartment,-13468.0,-647.0,1.0,0.0,0.0,0.0,Managers,3.0,0
1045,5009995,M,Y,Y,1,369413.43,Commercial associate,Secondary / secondary special,Married,House / apartment,-13908.0,-604.0,1.0,0.0,0.0,0.0,Managers,3.0,0
1046,5009996,M,Y,Y,1,358721.04,Commercial associate,Secondary / secondary special,Married,House / apartment,-13755.0,-620.0,1.0,0.0,0.0,0.0,Managers,3.0,0
1047,5009997,M,Y,Y,1,354831.41,Commercial associate,Secondary / secondary special,Married,House / apartment,-13695.0,-617.0,1.0,0.0,0.0,0.0,Managers,3.0,0
1048,5009998,M,Y,Y,1,358319.81,Commercial associate,Secondary / secondary special,Married,House / apartment,-13865.0,-636.0,1.0,0.0,0.0,0.0,Managers,3.0,0
1049,5009999,F,Y,N,1,155432.93,Working,Secondary / secondary special,Married,House / apartment,-12768.0,-2892.0,1.0,0.0,1.0,1.0,Accountants,3.0,0
1050,5010000,F,Y,N,1,155328.45,Working,Secondary / secondary special,Married,House / apartment,-12049.0,-2716.0,1.0,0.0,1.0,1.0,Accountants,3.0,0
1051,5010001,F,N,Y,2,158209.23,State servant,Secondary / secondary special,Married,House / apartment,-12319.0,-2120.0,1.0,0.0,0.0,0.0,Core staff,4.0,0
1052,5010002,F,N,Y,2,150450.49,State servant,Secondary / secondary special,Married,House / apartment,-12145.0,-2115.0,1.0,0.0,0.0,0.0,Core staff,4.0,0
1053,5010003,F,N,Y,2,152448.2,State servant,Secondary / secondary special,Married,House / apartment,-12508.0,-2054.0,1.0,0.0,0.0,0.0,Core staff,4.0,0
1054,5010004,F,N,Y,2,161882.49,State servant,Secondary / secondary special,Married,House / apartment,-12028.0,-2062.0,1.0,0.0,0.0,0.0,Core staff,4.0,0
1055,5010005,M,Y,Y,0,162873.74,Pensioner,Secondary / secondary special,Married,House / apartment,-23907.0,365840.0,1.0,0.0,0.0,0.0,,2.0,0
1056,5010006,M,Y,Y,0,157283.2,Pensioner,Secondary / secondary special,Married,House / apartment,-23599.0,376573.0,1.0,0.0,0.0,0.0,,2.0,0
1057,6153778,M,Y,Y,0,151765.33,Pensioner,Secondary / secondary special,Married,House / apartment,-23607.0,355893.0,1.0,0.0,0.0,0.0,,2.0,0
1058,5010007,F,N,Y,1,111175.6,State servant,Incomplete higher,Civil marriage,House / apartment,-11100.0,-3484.0,1.0,0.0,1.0,0.0,Secretaries,3.0,0
1059,5010009,F,N,Y,1,112650.42,State servant,Incomplete higher,Civil marriage,House / apartment,-10957.0,-3623.0,1.0,0.0,1.0,0.0,Secretaries,3.0,0
1060,5010010,F,N,Y,1,113140.67,State servant,Incomplete higher,Civil marriage,House / apartment,-10558.0,-3503.0,1.0,0.0,1.0,0.0,Secretaries,3.0,0
1061,5010011,F,N,Y,1,114941.26,State servant,Incomplete higher,Civil marriage,House / apartment,-10854.0,-3384.0,1.0,0.0,1.0,0.0,Secretaries,3.0,0
1062,5010012,F,N,Y,1,114497.02,State servant,Incomplete higher,Civil marriage,House / apartment,-10789.0,-3637.0,1.0,0.0,1.0,0.0,Secretaries,3.0,0
1063,6153779,F,N,Y,1,115006.24,State servant,Incomplete higher,Civil marriage,House / apartment,-11039.0,-3521.0,1.0,0.0,1.0,0.0,Secretaries,3.0,0
1064,6153780,F,N,Y,1,108861.43,State servant,Incomplete higher,Civil marriage,House / apartment,-10750.0,-3585.0,1.0,0.0,1.0,0.0,Secretaries,3.0,0
1065,5010015,F,Y,Y,1,114170.76,Commercial associate,Secondary / secondary special,Separated,House / apartment,-12839.0,-711.0,1.0,0.0,0.0,0.0,,2.0,0
1066,5010016,F,Y,Y,1,109135.07,Commercial associate,Secondary / secondary special,Separated,House / apartment,-12607.0,-725.0,1.0,0.0,0.0,0.0,,2.0,0
1067,5010017,F,Y,Y,1,113822.95,Commercial associate,Secondary / secondary special,Separated,House / apartment,-13227.0,-724.0,1.0,0.0,0.0,0.0,,2.0,0
1068,5010018,F,Y,Y,1,113112.33,Commercial associate,Secondary / secondary special,Separated,House / apartment,-12964.0,-702.0,1.0,0.0,0.0,0.0,,2.0,0
1069,5010019,F,Y,Y,1,111731.59,Commercial associate,Secondary / secondary special,Separated,House / apartment,-13123.0,-707.0,1.0,0.0,0.0,0.0,,2.0,0
1070,6153781,F,Y,Y,1,111312.41,Commercial associate,Secondary / secondary special,Separated,House / apartment,-12715.0,-711.0,1.0,0.0,0.0,0.0,,2.0,0
1071,5010020,F,N,N,0,96874.44,Commercial associate,Higher education,Single / not married,With parents,-11183.0,-2453.0,1.0,0.0,0.0,1.0,,1.0,0
1072,5010021,F,N,N,0,96048.3,Commercial associate,Higher education,Single / not married,With parents,-10893.0,-2488.0,1.0,0.0,0.0,1.0,,1.0,0
1073,5010023,F,N,Y,0,136846.36,Working,Secondary / secondary special,Married,House / apartment,-20595.0,-2347.0,1.0,0.0,0.0,0.0,Laborers,2.0,0
1074,5010025,F,N,Y,0,133824.94,Working,Secondary / secondary special,Married,House / apartment,-20775.0,-2227.0,1.0,0.0,0.0,0.0,Laborers,2.0,0
1075,5010026,F,N,Y,0,130725.07,Working,Secondary / secondary special,Married,House / apartment,-20772.0,-2334.0,1.0,0.0,0.0,0.0,Laborers,2.0,0
1076,5010027,F,N,Y,0,136884.89,Working,Secondary / secondary special,Married,House / apartment,-20412.0,-2328.0,1.0,0.0,0.0,0.0,Laborers,2.0,0
1077,5010028,F,N,Y,0,137024.21,Working,Secondary / secondary special,Married,House / apartment,-20848.0,-2371.0,1.0,0.0,0.0,0.0,Laborers,2.0,0
1078,5010031,M,Y,Y,0,86181.58,Pensioner,Secondary / secondary special,Married,House / apartment,-23259.0,357169.0,1.0,0.0,1.0,0.0,,2.0,0
1079,5010032,M,Y,Y,0,83351.68,Pensioner,Secondary / secondary special,Married,House / apartment,-22044.0,360516.0,1.0,0.0,1.0,0.0,,2.0,0
1080,5010036,F,N,Y,0,286836.92,Pensioner,Secondary / secondary special,Civil marriage,House / apartment,-22102.0,356747.0,1.0,0.0,0.0,0.0,,2.0,0
1081,5010037,F,N,Y,0,294846.66,Pensioner,Secondary / secondary special,Civil marriage,House / apartment,-21956.0,367999.0,1.0,0.0,0.0,0.0,,2.0,0
1082,5010038,F,N,Y,0,302209.47,Pensioner,Secondary / secondary special,Civil marriage,House / apartment,-21872.0,352584.0,1.0,0.0,0.0,0.0,,2.0,0
1083,5010039,F,N,Y,0,290317.25,Pensioner,Secondary / secondary special,Civil marriage,House / apartment,-22328.0,361302.0,1.0,0.0,0.0,0.0,,2.0,0
1084,5010040,F,N,Y,0,297703.99,Pensioner,Secondary / secondary special,Civil marriage,House / apartment,-22441.0,370000.0,1.0,0.0,0.0,0.0,,2.0,0
1085,6153814,F,N,Y,0,300616.63,Pensioner,Secondary / secondary special,Civil marriage,House / apartment,-22265.0,357682.0,1.0,0.0,0.0,0.0,,2.0,0
1086,6153815,F,N,Y,0,285877.95,Pensioner,Secondary / secondary special,Civil marriage,House / apartment,-22106.0,369776.0,1.0,0.0,0.0,0.0,,2.0,0
1087,5010041,F,N,Y,0,67729.72,Working,Secondary / secondary special,Married,House / apartment,-21507.0,-8564.0,1.0,1.0,0.0,0.0,Core staff,2.0,0
1088,5010042,F,N,Y,0,67969.96,Working,Secondary / secondary special,Married,House / apartment,-22371.0,-8545.0,1.0,1.0,0.0,0.0,Core staff,2.0,0
1089,5010043,F,N,Y,0,67156.42,Working,Secondary / secondary special,Married,House / apartment,-22349.0,-8297.0,1.0,1.0,0.0,0.0,Core staff,2.0,0
1090,5010044,F,N,Y,0,68191.87,Working,Secondary / secondary special,Married,House / apartment,-22149.0,-8340.0,1.0,1.0,0.0,0.0,Core staff,2.0,0
1091,5010045,F,N,Y,0,68221.25,Working,Secondary / secondary special,Married,House / apartment,-21888.0,-8439.0,1.0,1.0,0.0,0.0,Core staff,2.0,0
1092,5010046,F,N,Y,0,66640.22,Working,Secondary / secondary special,Married,House / apartment,-21460.0,-8384.0,1.0,1.0,0.0,0.0,Core staff,2.0,0
1093,5010047,F,N,Y,0,64987.18,Working,Secondary / secondary special,Married,House / apartment,-22130.0,-8569.0,1.0,1.0,0.0,0.0,Core staff,2.0,0
1094,5010048,F,N,Y,0,67785.18,Working,Secondary / secondary special,Married,House / apartment,-22469.0,-8555.0,1.0,1.0,0.0,0.0,Core staff,2.0,0
1095,5010049,F,N,Y,0,68663.51,Working,Secondary / secondary special,Married,House / apartment,-21803.0,-8626.0,1.0,1.0,0.0,0.0,Core staff,2.0,0
1096,5010052,F,N,Y,0,92627.29,Working,Secondary / secondary special,Married,House / apartment,-18619.0,-2945.0,1.0,0.0,0.0,1.0,Cleaning staff,2.0,0
1097,5010053,F,N,Y,0,90992.82,Working,Secondary / secondary special,Married,House / apartment,-18475.0,-2983.0,1.0,0.0,0.0,1.0,Cleaning staff,2.0,0
1098,5010055,F,N,Y,0,89761.72,Working,Secondary / secondary special,Married,House / apartment,-18089.0,-3165.0,1.0,0.0,0.0,1.0,Cleaning staff,2.0,0
1099,5010056,F,N,Y,0,90322.3,Working,Secondary / secondary special,Married,House / apartment,-18747.0,-3091.0,1.0,0.0,0.0,1.0,Cleaning staff,2.0,0
1100,6153595,F,N,Y,0,88264.88,Working,Secondary / secondary special,Married,House / apartment,-18665.0,-3016.0,1.0,0.0,0.0,1.0,Cleaning staff,2.0,0
1101,6153596,F,N,Y,0,91973.92,Working,Secondary / secondary special,Married,House / apartment,-18691.0,-2995.0,1.0,0.0,0.0,1.0,Cleaning staff,2.0,0
1102,5010057,M,Y,Y,0,110016.23,Working,Secondary / secondary special,Single / not married,House / apartment,-16624.0,-2574.0,1.0,0.0,1.0,1.0,Laborers,1.0,0
1103,5010058,M,Y,Y,0,114207.8,Working,Secondary / secondary special,Single / not married,House / apartment,-16707.0,-2450.0,1.0,0.0,1.0,1.0,Laborers,1.0,0
1104,5010059,F,N,Y,0,110588.96,Working,Secondary / secondary special,Married,House / apartment,-16729.0,-4605.0,1.0,0.0,0.0,0.0,,2.0,0
1105,5010060,F,N,Y,0,109291.28,Working,Secondary / secondary special,Married,House / apartment,-16499.0,-4400.0,1.0,0.0,0.0,0.0,,2.0,0
1106,5010061,F,N,Y,0,111510.35,Working,Secondary / secondary special,Married,House / apartment,-15821.0,-4393.0,1.0,0.0,0.0,0.0,,2.0,0
1107,5010062,F,N,Y,0,111560.77,Working,Secondary / secondary special,Married,House / apartment,-16787.0,-4607.0,1.0,0.0,0.0,0.0,,2.0,0
1108,5010063,F,N,Y,0,112970.89,Working,Secondary / secondary special,Married,House / apartment,-16651.0,-4450.0,1.0,0.0,0.0,0.0,,2.0,0
1109,5010064,F,N,Y,0,111723.95,Working,Secondary / secondary special,Married,House / apartment,-16675.0,-4663.0,1.0,0.0,0.0,0.0,,2.0,0
1110,5010066,F,N,Y,0,114534.05,Working,Secondary / secondary special,Married,House / apartment,-16282.0,-4475.0,1.0,0.0,0.0,0.0,,2.0,0
1111,6153597,F,N,Y,0,114212.53,Working,Secondary / secondary special,Married,House / apartment,-16406.0,-4549.0,1.0,0.0,0.0,0.0,,2.0,0
1112,6153620,F,N,Y,0,111477.77,Working,Secondary / secondary special,Married,House / apartment,-16312.0,-4447.0,1.0,0.0,0.0,0.0,,2.0,0
1113,6153621,F,N,Y,0,117043.51,Working,Secondary / secondary special,Married,House / apartment,-16122.0,-4676.0,1.0,0.0,0.0,0.0,,2.0,0
1114,5010067,F,N,Y,0,356677.89,Working,Secondary / secondary special,Widow,House / apartment,-18685.0,-7724.0,1.0,0.0,0.0,0.0,Core staff,1.0,1
1115,5010068,F,N,Y,0,354701.1,Working,Secondary / secondary special,Widow,House / apartment,-18805.0,-7580.0,1.0,0.0,0.0,0.0,Core staff,1.0,0
1116,5010070,F,N,Y,0,283846.43,State servant,Higher education,Single / not married,House / apartment,-11593.0,-623.0,1.0,0.0,0.0,1.0,Managers,1.0,0
1117,5010072,F,N,Y,0,155818.19,Working,Secondary / secondary special,Married,House / apartment,-16637.0,-3545.0,1.0,0.0,0.0,0.0,Core staff,2.0,0
1118,5010073,F,N,Y,0,159986.45,Working,Secondary / secondary special,Married,House / apartment,-16638.0,-3444.0,1.0,0.0,0.0,0.0,Core staff,2.0,0
1119,5010075,F,N,Y,0,154488.65,Working,Secondary / secondary special,Married,House / apartment,-17134.0,-3471.0,1.0,0.0,0.0,0.0,Core staff,2.0,0
1120,5010076,F,N,Y,0,158641.2,Working,Secondary / secondary special,Married,House / apartment,-16380.0,-3453.0,1.0,0.0,0.0,0.0,Core staff,2.0,0
1121,6153622,F,N,Y,0,151559.95,Working,Secondary / secondary special,Married,House / apartment,-16335.0,-3583.0,1.0,0.0,0.0,0.0,Core staff,2.0,0
1122,5010077,M,Y,N,2,154788.86,Working,Secondary / secondary special,Married,Municipal apartment,-12244.0,-1106.0,1.0,0.0,0.0,0.0,Cleaning staff,4.0,0
1123,5010078,M,Y,N,2,157777.02,Working,Secondary / secondary special,Married,Municipal apartment,-12426.0,-1123.0,1.0,0.0,0.0,0.0,Cleaning staff,4.0,0
1124,5010079,M,Y,N,2,151706.59,Working,Secondary / secondary special,Married,Municipal apartment,-12682.0,-1151.0,1.0,0.0,0.0,0.0,Cleaning staff,4.0,0
1125,5010081,M,N,Y,0,137921.58,Working,Secondary / secondary special,Married,House / apartment,-20704.0,-181.0,1.0,0.0,1.0,1.0,Security staff,2.0,0
1126,5010083,M,N,Y,0,137309.56,Working,Secondary / secondary special,Married,House / apartment,-20463.0,-194.0,1.0,0.0,1.0,1.0,Security staff,2.0,0
1127,5010084,M,N,Y,0,134954.29,Working,Secondary / secondary special,Married,House / apartment,-20629.0,-194.0,1.0,0.0,1.0,1.0,Security staff,2.0,0
1128,5010085,M,N,Y,0,134954.12,Working,Secondary / secondary special,Married,House / apartment,-20488.0,-198.0,1.0,0.0,1.0,1.0,Security staff,2.0,0
1129,5010086,M,N,Y,0,134793.47,Working,Secondary / secondary special,Married,House / apartment,-20498.0,-192.0,1.0,0.0,1.0,1.0,Security staff,2.0,0
1130,5010087,M,N,Y,0,135827.9,Working,Secondary / secondary special,Married,House / apartment,-20651.0,-196.0,1.0,0.0,1.0,1.0,Security staff,2.0,0
1131,5090855,M,N,Y,0,134157.52,Working,Secondary / secondary special,Married,House / apartment,-21295.0,-194.0,1.0,0.0,1.0,1.0,Security staff,2.0,0
1132,5010088,F,Y,Y,0,110322.94,Working,Incomplete higher,Single / not married,With parents,-8191.0,-945.0,1.0,0.0,0.0,1.0,Sales staff,1.0,0
1133,5010089,F,N,N,0,221106.15,Commercial associate,Secondary / secondary special,Married,House / apartment,-10633.0,-1619.0,1.0,0.0,0.0,0.0,Laborers,2.0,0
1134,5010090,F,N,N,0,221119.45,Commercial associate,Secondary / secondary special,Married,House / apartment,-10372.0,-1729.0,1.0,0.0,0.0,0.0,Laborers,2.0,0
1135,5010091,F,N,N,0,229832.8,Commercial associate,Secondary / secondary special,Married,House / apartment,-10278.0,-1711.0,1.0,0.0,0.0,0.0,Laborers,2.0,0
1136,5010092,F,N,N,0,224350.67,Commercial associate,Secondary / secondary special,Married,House / apartment,-10477.0,-1652.0,1.0,0.0,0.0,0.0,Laborers,2.0,0
1137,5010093,F,N,N,0,226756.8,Commercial associate,Secondary / secondary special,Married,House / apartment,-10109.0,-1666.0,1.0,0.0,0.0,0.0,Laborers,2.0,0
1138,5010094,F,N,N,0,218788.94,Commercial associate,Secondary / secondary special,Married,House / apartment,-10147.0,-1711.0,1.0,0.0,0.0,0.0,Laborers,2.0,0
1139,5010099,F,Y,Y,2,311364.29,State servant,Higher education,Married,House / apartment,-13637.0,-4000.0,1.0,0.0,0.0,0.0,Core staff,4.0,0
1140,5010101,F,Y,Y,2,312330.34,State servant,Higher education,Married,House / apartment,-13014.0,-4079.0,1.0,0.0,0.0,0.0,Core staff,4.0,0
1141,5010102,F,Y,Y,2,301788.73,State servant,Higher education,Married,House / apartment,-13389.0,-3916.0,1.0,0.0,0.0,0.0,Core staff,4.0,0
1142,5010104,F,N,Y,0,170809.81,Pensioner,Secondary / secondary special,Married,House / apartment,-23319.0,364004.0,1.0,0.0,0.0,0.0,,2.0,0
1143,5010105,F,N,Y,0,163815.9,Pensioner,Secondary / secondary special,Married,House / apartment,-22157.0,365728.0,1.0,0.0,0.0,0.0,,2.0,0
1144,5010106,F,N,Y,0,167145.23,Pensioner,Secondary / secondary special,Married,House / apartment,-22514.0,373853.0,1.0,0.0,0.0,0.0,,2.0,0
1145,5010108,F,Y,Y,0,135617.98,Pensioner,Secondary / secondary special,Married,House / apartment,-22345.0,374277.0,1.0,0.0,0.0,0.0,,2.0,0
1146,5010109,F,Y,Y,0,131264.78,Pensioner,Secondary / secondary special,Married,House / apartment,-21856.0,364341.0,1.0,0.0,0.0,0.0,,2.0,0
1147,5010110,F,Y,Y,0,137027.56,Pensioner,Secondary / secondary special,Married,House / apartment,-21884.0,359517.0,1.0,0.0,0.0,0.0,,2.0,0
1148,5010111,F,Y,Y,0,135894.88,Pensioner,Secondary / secondary special,Married,House / apartment,-21923.0,367920.0,1.0,0.0,0.0,0.0,,2.0,0
1149,5010112,F,Y,Y,0,126936.37,Pensioner,Secondary / secondary special,Married,House / apartment,-21704.0,354024.0,1.0,0.0,0.0,0.0,,2.0,0
1150,5010113,F,Y,Y,0,200916.43,Pensioner,Higher education,Widow,House / apartment,-21048.0,370374.0,1.0,0.0,0.0,1.0,,1.0,0
1151,5010114,F,Y,Y,0,204993.36,Pensioner,Higher education,Widow,House / apartment,-21190.0,379605.0,1.0,0.0,0.0,1.0,,1.0,0
1152,5010115,F,Y,Y,0,204672.56,Pensioner,Higher education,Widow,House / apartment,-21962.0,376561.0,1.0,0.0,0.0,1.0,,1.0,0
1153,5010116,F,Y,Y,0,197167.77,Pensioner,Higher education,Widow,House / apartment,-21679.0,366030.0,1.0,0.0,0.0,1.0,,1.0,0
1154,6153663,F,Y,Y,0,210297.81,Pensioner,Higher education,Widow,House / apartment,-21731.0,352766.0,1.0,0.0,0.0,1.0,,1.0,0
1155,5010117,F,N,Y,1,68646.21,State servant,Secondary / secondary special,Married,Municipal apartment,-14711.0,-1912.0,1.0,1.0,1.0,0.0,Core staff,3.0,0
1156,5010118,M,N,Y,0,181093.79,Working,Secondary / secondary special,Single / not married,House / apartment,-8489.0,-523.0,1.0,0.0,0.0,0.0,,1.0,0
1157,5010119,M,Y,Y,0,320139.52,Working,Secondary / secondary special,Married,House / apartment,-14311.0,-942.0,1.0,0.0,0.0,0.0,Managers,2.0,0
1158,5010120,M,Y,Y,0,313710.01,Working,Secondary / secondary special,Married,House / apartment,-14233.0,-912.0,1.0,0.0,0.0,0.0,Managers,2.0,0
1159,5010121,M,Y,Y,0,311121.79,Working,Secondary / secondary special,Married,House / apartment,-13999.0,-912.0,1.0,0.0,0.0,0.0,Managers,2.0,0
1160,5010122,M,Y,Y,0,316621.47,Working,Secondary / secondary special,Married,House / apartment,-13797.0,-915.0,1.0,0.0,0.0,0.0,Managers,2.0,0
1161,5010123,M,Y,Y,0,319571.24,Working,Secondary / secondary special,Married,House / apartment,-14881.0,-920.0,1.0,0.0,0.0,0.0,Managers,2.0,0
1162,5010124,F,Y,Y,1,205566.84,Working,Secondary / secondary special,Married,House / apartment,-15178.0,-5059.0,1.0,0.0,0.0,1.0,,3.0,0
1163,5010126,F,N,Y,2,263293.42,Working,Secondary / secondary special,Married,House / apartment,-13074.0,-2099.0,1.0,1.0,1.0,1.0,Managers,4.0,0
1164,5010127,F,N,Y,2,275967.89,Working,Secondary / secondary special,Married,House / apartment,-13123.0,-2122.0,1.0,1.0,1.0,1.0,Managers,4.0,0
1165,5010128,F,N,Y,2,276510.56,Working,Secondary / secondary special,Married,House / apartment,-12860.0,-2131.0,1.0,1.0,1.0,1.0,Managers,4.0,0
1166,5010129,F,N,Y,2,277217.98,Working,Secondary / secondary special,Married,House / apartment,-12902.0,-2035.0,1.0,1.0,1.0,1.0,Managers,4.0,0
1167,5010133,F,N,Y,2,269675.61,Working,Secondary / secondary special,Married,House / apartment,-12677.0,-2098.0,1.0,1.0,1.0,1.0,Managers,4.0,0
1168,5010135,F,N,Y,2,268724.22,Working,Secondary / secondary special,Married,House / apartment,-13065.0,-2123.0,1.0,1.0,1.0,1.0,Managers,4.0,0
1169,5010136,F,N,Y,2,266310.5,Working,Secondary / secondary special,Married,House / apartment,-13064.0,-2046.0,1.0,1.0,1.0,1.0,Managers,4.0,0
1170,5010137,F,N,Y,2,281639.0,Working,Secondary / secondary special,Married,House / apartment,-13114.0,-2112.0,1.0,1.0,1.0,1.0,Managers,4.0,0
1171,6153705,F,N,Y,2,273609.57,Working,Secondary / secondary special,Married,House / apartment,-13086.0,-2109.0,1.0,1.0,1.0,1.0,Managers,4.0,0
1172,6153706,F,N,Y,2,270054.56,Working,Secondary / secondary special,Married,House / apartment,-13276.0,-2083.0,1.0,1.0,1.0,1.0,Managers,4.0,0
1173,6153707,F,N,Y,2,272557.36,Working,Secondary / secondary special,Married,House / apartment,-13028.0,-2115.0,1.0,1.0,1.0,1.0,Managers,4.0,0
1174,5010138,M,Y,Y,0,113634.51,Pensioner,Secondary / secondary special,Married,House / apartment,-23258.0,367879.0,1.0,0.0,0.0,0.0,,2.0,0
1175,5010139,M,Y,Y,0,110731.77,Pensioner,Secondary / secondary special,Married,House / apartment,-23128.0,370038.0,1.0,0.0,0.0,0.0,,2.0,0
1176,5010140,M,Y,Y,0,114659.71,Pensioner,Secondary / secondary special,Married,House / apartment,-22969.0,369641.0,1.0,0.0,0.0,0.0,,2.0,0
1177,5010141,M,Y,Y,0,111616.28,Pensioner,Secondary / secondary special,Married,House / apartment,-23717.0,363237.0,1.0,0.0,0.0,0.0,,2.0,0
1178,5010143,M,Y,Y,0,111378.14,Pensioner,Secondary / secondary special,Married,House / apartment,-24061.0,363447.0,1.0,0.0,0.0,0.0,,2.0,0
1179,5010144,M,Y,Y,0,111060.25,Pensioner,Secondary / secondary special,Married,House / apartment,-23667.0,368985.0,1.0,0.0,0.0,0.0,,2.0,0
1180,5010145,M,Y,Y,0,109028.46,Pensioner,Secondary / secondary special,Married,House / apartment,-23520.0,356336.0,1.0,0.0,0.0,0.0,,2.0,0
1181,5010146,M,Y,Y,0,113620.54,Pensioner,Secondary / secondary special,Married,House / apartment,-23757.0,355151.0,1.0,0.0,0.0,0.0,,2.0,0
1182,6153713,M,Y,Y,0,112505.61,Pensioner,Secondary / secondary special,Married,House / apartment,-22824.0,361183.0,1.0,0.0,0.0,0.0,,2.0,0
1183,6153714,M,Y,Y,0,113549.58,Pensioner,Secondary / secondary special,Married,House / apartment,-23140.0,370704.0,1.0,0.0,0.0,0.0,,2.0,0
1184,5010147,F,Y,Y,1,158566.44,Working,Secondary / secondary special,Married,House / apartment,-12469.0,-5777.0,1.0,0.0,0.0,0.0,Managers,3.0,0
1185,5010150,F,Y,Y,1,159751.5,Working,Secondary / secondary special,Married,House / apartment,-12438.0,-5702.0,1.0,0.0,0.0,0.0,Managers,3.0,0
1186,5010151,F,Y,Y,1,155211.03,Working,Secondary / secondary special,Married,House / apartment,-12217.0,-5814.0,1.0,0.0,0.0,0.0,Managers,3.0,0
1187,5010152,F,Y,Y,1,155698.89,Working,Secondary / secondary special,Married,House / apartment,-12270.0,-5751.0,1.0,0.0,0.0,0.0,Managers,3.0,0
1188,5010153,F,Y,Y,1,158922.99,Working,Secondary / secondary special,Married,House / apartment,-12424.0,-5924.0,1.0,0.0,0.0,0.0,Managers,3.0,0
1189,5010154,F,Y,Y,1,163589.8,Working,Secondary / secondary special,Married,House / apartment,-12194.0,-5602.0,1.0,0.0,0.0,0.0,Managers,3.0,0
1190,5010156,F,Y,Y,1,153554.33,Working,Secondary / secondary special,Married,House / apartment,-12006.0,-5765.0,1.0,0.0,0.0,0.0,Managers,3.0,0
1191,5090887,F,Y,Y,1,156842.65,Working,Secondary / secondary special,Married,House / apartment,-12413.0,-5562.0,1.0,0.0,0.0,0.0,Managers,3.0,0
1192,5010158,M,Y,Y,0,201018.16,Commercial associate,Lower secondary,Married,House / apartment,-18855.0,-7559.0,1.0,0.0,0.0,0.0,,2.0,1
1193,5010159,M,Y,Y,0,204638.44,Commercial associate,Lower secondary,Married,House / apartment,-18542.0,-7939.0,1.0,0.0,0.0,0.0,,2.0,0
1194,5010160,M,Y,Y,0,251976.79,Working,Secondary / secondary special,Married,House / apartment,-21707.0,-1627.0,1.0,0.0,1.0,1.0,Security staff,2.0,1
1195,5010161,M,Y,Y,0,247239.98,Working,Secondary / secondary special,Married,House / apartment,-22779.0,-1536.0,1.0,0.0,1.0,1.0,Security staff,2.0,1
1196,5010162,M,Y,Y,0,260698.42,Working,Secondary / secondary special,Married,House / apartment,-21600.0,-1642.0,1.0,0.0,1.0,1.0,Security staff,2.0,1
1197,5010163,M,Y,Y,0,249267.91,Working,Secondary / secondary special,Married,House / apartment,-22119.0,-1575.0,1.0,0.0,1.0,1.0,Security staff,2.0,1
1198,5010164,M,Y,Y,0,249524.73,Working,Secondary / secondary special,Married,House / apartment,-21738.0,-1641.0,1.0,0.0,1.0,1.0,Security staff,2.0,0
1199,5010165,F,N,Y,0,135053.59,State servant,Secondary / secondary special,Married,House / apartment,-18453.0,-1821.0,1.0,0.0,0.0,0.0,Medicine staff,2.0,0
1200,5010166,F,N,Y,0,135481.0,State servant,Secondary / secondary special,Married,House / apartment,-18169.0,-1872.0,1.0,0.0,0.0,0.0,Medicine staff,2.0,0
1201,5010170,F,N,Y,0,132040.66,State servant,Secondary / secondary special,Married,House / apartment,-18337.0,-1830.0,1.0,0.0,0.0,0.0,Medicine staff,2.0,0
1202,5010172,F,N,Y,0,133100.79,Commercial associate,Secondary / secondary special,Married,House / apartment,-20955.0,-475.0,1.0,0.0,0.0,0.0,Laborers,2.0,0
1203,5010173,F,N,Y,0,138939.06,Commercial associate,Secondary / secondary special,Married,House / apartment,-21214.0,-452.0,1.0,0.0,0.0,0.0,Laborers,2.0,0
1204,6153758,F,N,Y,0,133864.27,Commercial associate,Secondary / secondary special,Married,House / apartment,-21483.0,-466.0,1.0,0.0,0.0,0.0,Laborers,2.0,0
1205,5010174,M,N,Y,0,90224.39,Working,Secondary / secondary special,Married,House / apartment,-9026.0,-765.0,1.0,0.0,0.0,1.0,Laborers,2.0,0
1206,5010175,M,Y,Y,2,227104.88,Commercial associate,Secondary / secondary special,Civil marriage,House / apartment,-18390.0,-4265.0,1.0,1.0,1.0,1.0,,4.0,1
1207,5010176,M,Y,Y,2,222897.37,Commercial associate,Secondary / secondary special,Civil marriage,House / apartment,-18139.0,-4453.0,1.0,1.0,1.0,1.0,,4.0,1
1208,5010177,M,Y,Y,2,230523.81,Commercial associate,Secondary / secondary special,Civil marriage,House / apartment,-18422.0,-4204.0,1.0,1.0,1.0,1.0,,4.0,1
1209,5010178,M,Y,Y,2,226392.23,Commercial associate,Secondary / secondary special,Civil marriage,House / apartment,-17711.0,-4237.0,1.0,1.0,1.0,1.0,,4.0,1
1210,5010179,M,Y,Y,2,229618.59,Commercial associate,Secondary / secondary special,Civil marriage,House / apartment,-18383.0,-4270.0,1.0,1.0,1.0,1.0,,4.0,1
1211,5010182,M,N,N,1,255160.87,Working,Secondary / secondary special,Single / not married,House / apartment,-16550.0,-6566.0,1.0,0.0,1.0,0.0,Laborers,2.0,1
1212,5010183,M,N,N,1,246528.75,Working,Secondary / secondary special,Single / not married,House / apartment,-16862.0,-6530.0,1.0,0.0,1.0,0.0,Laborers,2.0,0
1213,5010184,M,N,N,1,250216.45,Working,Secondary / secondary special,Single / not married,House / apartment,-16393.0,-6503.0,1.0,0.0,1.0,0.0,Laborers,2.0,1
1214,5010185,M,N,N,1,245286.2,Working,Secondary / secondary special,Single / not married,House / apartment,-16831.0,-6613.0,1.0,0.0,1.0,0.0,Laborers,2.0,1
1215,5010186,M,N,N,1,247806.56,Working,Secondary / secondary special,Single / not married,House / apartment,-17047.0,-6554.0,1.0,0.0,1.0,0.0,Laborers,2.0,0
1216,5010187,M,N,N,1,254532.17,Working,Secondary / secondary special,Single / not married,House / apartment,-16677.0,-6660.0,1.0,0.0,1.0,0.0,Laborers,2.0,1
1217,6153762,M,N,N,1,247692.17,Working,Secondary / secondary special,Single / not married,House / apartment,-16876.0,-6613.0,1.0,0.0,1.0,0.0,Laborers,2.0,0
1218,6153763,M,N,N,1,252011.88,Working,Secondary / secondary special,Single / not married,House / apartment,-16612.0,-6386.0,1.0,0.0,1.0,0.0,Laborers,2.0,0
1219,5010188,F,N,Y,0,75954.7,Commercial associate,Secondary / secondary special,Married,House / apartment,-16195.0,-4861.0,1.0,0.0,1.0,0.0,Sales staff,2.0,0
1220,5010190,F,N,Y,0,78046.64,Commercial associate,Secondary / secondary special,Married,House / apartment,-15422.0,-5119.0,1.0,0.0,1.0,0.0,Sales staff,2.0,0
1221,6153769,F,N,Y,0,77097.85,Commercial associate,Secondary / secondary special,Married,House / apartment,-15371.0,-5166.0,1.0,0.0,1.0,0.0,Sales staff,2.0,0
1222,5010192,F,Y,Y,0,123415.57,Pensioner,Secondary / secondary special,Married,House / apartment,-23776.0,358848.0,1.0,0.0,0.0,0.0,,2.0,0
1223,5010193,F,Y,Y,0,125509.74,Pensioner,Secondary / secondary special,Married,House / apartment,-23542.0,355628.0,1.0,0.0,0.0,0.0,,2.0,0
1224,5010195,M,N,Y,0,360096.88,Working,Secondary / secondary special,Married,House / apartment,-17792.0,-1307.0,1.0,0.0,0.0,0.0,Drivers,2.0,0
1225,5010196,F,N,Y,0,136418.48,Pensioner,Higher education,Single / not married,House / apartment,-23049.0,361174.0,1.0,0.0,1.0,0.0,,1.0,0
1226,5010197,F,N,Y,0,136510.36,Pensioner,Higher education,Single / not married,House / apartment,-22806.0,361830.0,1.0,0.0,1.0,0.0,,1.0,0
1227,5010198,M,Y,Y,0,136225.53,Working,Lower secondary,Married,With parents,-10295.0,-1973.0,1.0,0.0,0.0,1.0,Laborers,2.0,0
1228,5010199,M,Y,Y,0,133310.98,Working,Lower secondary,Married,With parents,-9982.0,-1892.0,1.0,0.0,0.0,1.0,Laborers,2.0,0
1229,5010200,M,Y,Y,0,136310.17,Working,Lower secondary,Married,With parents,-10377.0,-1829.0,1.0,0.0,0.0,1.0,Laborers,2.0,0
1230,5010201,M,Y,Y,0,137817.07,Working,Lower secondary,Married,With parents,-10105.0,-1873.0,1.0,0.0,0.0,1.0,Laborers,2.0,0
1231,5010202,M,Y,Y,0,131841.73,Working,Lower secondary,Married,With parents,-10141.0,-1883.0,1.0,0.0,0.0,1.0,Laborers,2.0,0
1232,5010203,M,Y,Y,0,133927.35,Working,Lower secondary,Married,With parents,-9900.0,-1806.0,1.0,0.0,0.0,1.0,Laborers,2.0,0
1233,5010204,M,Y,Y,0,130181.62,Working,Lower secondary,Married,With parents,-10092.0,-1921.0,1.0,0.0,0.0,1.0,Laborers,2.0,0
1234,5010205,M,Y,Y,0,131450.12,Working,Lower secondary,Married,With parents,-9848.0,-1894.0,1.0,0.0,0.0,1.0,Laborers,2.0,0
1235,5010206,M,Y,Y,0,140181.72,Working,Lower secondary,Married,With parents,-10168.0,-1869.0,1.0,0.0,0.0,1.0,Laborers,2.0,0
1236,5010207,M,Y,Y,0,139294.94,Working,Lower secondary,Married,With parents,-9588.0,-1878.0,1.0,0.0,0.0,1.0,Laborers,2.0,0
1237,5010208,F,N,Y,0,134556.53,Commercial associate,Higher education,Married,House / apartment,-13277.0,-3908.0,1.0,0.0,0.0,1.0,Core staff,2.0,0
1238,5010209,F,N,Y,0,133007.74,Commercial associate,Higher education,Married,House / apartment,-13886.0,-3988.0,1.0,0.0,0.0,1.0,Core staff,2.0,0
1239,5010210,M,Y,Y,0,206236.67,Commercial associate,Higher education,Married,House / apartment,-18689.0,-1100.0,1.0,1.0,0.0,0.0,,2.0,0
1240,5010211,M,Y,Y,0,206092.89,Commercial associate,Higher education,Married,House / apartment,-18930.0,-1055.0,1.0,1.0,0.0,0.0,,2.0,0
1241,5010212,M,Y,Y,0,203633.66,Commercial associate,Higher education,Married,House / apartment,-19134.0,-1060.0,1.0,1.0,0.0,0.0,,2.0,0
1242,5010213,M,Y,Y,0,203543.61,Commercial associate,Higher education,Married,House / apartment,-18937.0,-1095.0,1.0,1.0,0.0,0.0,,2.0,0
1243,5010215,F,Y,Y,1,91094.14,State servant,Secondary / secondary special,Married,House / apartment,-17136.0,-7924.0,1.0,0.0,0.0,0.0,Medicine staff,3.0,0
1244,5010217,F,Y,Y,1,91003.35,State servant,Secondary / secondary special,Married,House / apartment,-17687.0,-8068.0,1.0,0.0,0.0,0.0,Medicine staff,3.0,0
1245,5010218,F,Y,Y,1,93234.06,State servant,Secondary / secondary special,Married,House / apartment,-17067.0,-7885.0,1.0,0.0,0.0,0.0,Medicine staff,3.0,0
1246,5010222,F,Y,Y,1,87059.7,State servant,Secondary / secondary special,Married,House / apartment,-17502.0,-7977.0,1.0,0.0,0.0,0.0,Medicine staff,3.0,0
1247,5010223,F,Y,Y,1,92426.87,State servant,Secondary / secondary special,Married,House / apartment,-16964.0,-8055.0,1.0,0.0,0.0,0.0,Medicine staff,3.0,0
1248,5010224,F,Y,Y,1,89690.46,State servant,Secondary / secondary special,Married,House / apartment,-17901.0,-7993.0,1.0,0.0,0.0,0.0,Medicine staff,3.0,0
1249,5010225,F,Y,Y,1,90601.31,State servant,Secondary / secondary special,Married,House / apartment,-17336.0,-8075.0,1.0,0.0,0.0,0.0,Medicine staff,3.0,0
1250,5010226,F,Y,Y,1,92540.09,State servant,Secondary / secondary special,Married,House / apartment,-18065.0,-7819.0,1.0,0.0,0.0,0.0,Medicine staff,3.0,0
1251,5010227,F,Y,Y,1,91753.44,State servant,Secondary / secondary special,Married,House / apartment,-17110.0,-8050.0,1.0,0.0,0.0,0.0,Medicine staff,3.0,0
1252,5010228,M,Y,Y,0,311283.95,Commercial associate,Incomplete higher,Married,House / apartment,-21740.0,-2165.0,1.0,0.0,0.0,0.0,Secretaries,2.0,0
1253,5010230,M,Y,Y,0,322451.88,Commercial associate,Incomplete higher,Married,House / apartment,-21793.0,-2170.0,1.0,0.0,0.0,0.0,Secretaries,2.0,1
1254,5010231,M,Y,Y,0,309704.9,Commercial associate,Incomplete higher,Married,House / apartment,-21776.0,-2166.0,1.0,0.0,0.0,0.0,Secretaries,2.0,0
1255,5010234,M,Y,Y,0,225945.26,Working,Secondary / secondary special,Married,House / apartment,-16724.0,-4320.0,1.0,0.0,0.0,0.0,Drivers,2.0,1
1256,5010235,M,Y,Y,0,223950.32,Working,Secondary / secondary special,Married,House / apartment,-16191.0,-4394.0,1.0,0.0,0.0,0.0,Drivers,2.0,1
1257,5010236,M,Y,Y,0,227980.74,Working,Secondary / secondary special,Married,House / apartment,-17129.0,-4252.0,1.0,0.0,0.0,0.0,Drivers,2.0,1
1258,5010238,M,Y,Y,0,223464.68,Working,Secondary / secondary special,Married,House / apartment,-16878.0,-4254.0,1.0,0.0,0.0,0.0,Drivers,2.0,0
1259,5010239,M,Y,Y,0,225588.57,Working,Secondary / secondary special,Married,House / apartment,-16315.0,-4411.0,1.0,0.0,0.0,0.0,Drivers,2.0,0
1260,5010240,M,Y,Y,0,229920.11,Working,Secondary / secondary special,Married,House / apartment,-16905.0,-4410.0,1.0,0.0,0.0,0.0,Drivers,2.0,1
1261,5010241,M,Y,Y,0,219820.5,Working,Secondary / secondary special,Married,House / apartment,-19971.0,-1032.0,1.0,0.0,0.0,0.0,Laborers,2.0,0
1262,5010242,M,Y,Y,0,226739.69,Working,Secondary / secondary special,Married,House / apartment,-20313.0,-1024.0,1.0,0.0,0.0,0.0,Laborers,2.0,0
1263,5010243,M,Y,Y,0,224361.03,Working,Secondary / secondary special,Married,House / apartment,-20179.0,-1065.0,1.0,0.0,0.0,0.0,Laborers,2.0,0
1264,5010244,M,Y,Y,0,225321.69,Working,Secondary / secondary special,Married,House / apartment,-19924.0,-1085.0,1.0,0.0,0.0,0.0,Laborers,2.0,0
1265,5010245,M,Y,Y,0,231390.07,Working,Secondary / secondary special,Married,House / apartment,-19800.0,-1052.0,1.0,0.0,0.0,0.0,Laborers,2.0,0
1266,5010246,M,Y,Y,0,217150.37,Working,Secondary / secondary special,Married,House / apartment,-19800.0,-1015.0,1.0,0.0,0.0,0.0,Laborers,2.0,0
1267,5010247,M,Y,Y,0,222743.42,Working,Secondary / secondary special,Married,House / apartment,-19917.0,-1032.0,1.0,0.0,0.0,0.0,Laborers,2.0,0
1268,5010248,M,Y,Y,0,218409.69,Working,Secondary / secondary special,Married,House / apartment,-19856.0,-1016.0,1.0,0.0,0.0,0.0,Laborers,2.0,0
1269,5010249,M,Y,Y,0,233074.74,Working,Secondary / secondary special,Married,House / apartment,-20854.0,-1086.0,1.0,0.0,0.0,0.0,Laborers,2.0,0
1270,5010250,M,Y,Y,0,224568.31,Working,Secondary / secondary special,Married,House / apartment,-20451.0,-1011.0,1.0,0.0,0.0,0.0,Laborers,2.0,0
1271,5010253,F,Y,Y,0,241578.46,State servant,Secondary / secondary special,Married,House / apartment,-19728.0,-8403.0,1.0,0.0,0.0,0.0,Managers,2.0,1
1272,5090944,F,Y,Y,0,238227.76,State servant,Secondary / secondary special,Married,House / apartment,-19819.0,-8483.0,1.0,0.0,0.0,0.0,Managers,2.0,0
1273,6153599,F,Y,Y,0,238539.38,State servant,Secondary / secondary special,Married,House / apartment,-19570.0,-8126.0,1.0,0.0,0.0,0.0,Managers,2.0,1
1274,5010256,F,Y,Y,1,66016.78,Working,Secondary / secondary special,Civil marriage,House / apartment,-14655.0,-3582.0,1.0,1.0,0.0,0.0,Cooking staff,3.0,0
1275,5010257,F,Y,Y,1,68862.83,Working,Secondary / secondary special,Civil marriage,House / apartment,-14785.0,-3495.0,1.0,1.0,0.0,0.0,Cooking staff,3.0,0
1276,5010258,M,N,Y,1,555965.95,Working,Incomplete higher,Married,House / apartment,-14431.0,-5672.0,1.0,1.0,1.0,0.0,,3.0,0
1277,5010259,M,N,Y,1,571184.57,Working,Incomplete higher,Married,House / apartment,-13735.0,-5571.0,1.0,1.0,1.0,0.0,,3.0,0
1278,5010261,M,N,Y,1,552142.23,Working,Incomplete higher,Married,House / apartment,-14015.0,-5755.0,1.0,1.0,1.0,0.0,,3.0,0
1279,5010262,M,N,Y,1,560727.65,Working,Incomplete higher,Married,House / apartment,-13874.0,-5627.0,1.0,1.0,1.0,0.0,,3.0,0
1280,5010263,M,N,Y,1,558792.7,Working,Incomplete higher,Married,House / apartment,-13617.0,-5720.0,1.0,1.0,1.0,0.0,,3.0,0
1281,5010264,M,N,Y,1,566065.92,Working,Incomplete higher,Married,House / apartment,-14129.0,-5756.0,1.0,1.0,1.0,0.0,,3.0,0
1282,5010265,M,N,Y,1,566963.44,Working,Incomplete higher,Married,House / apartment,-13773.0,-5569.0,1.0,1.0,1.0,0.0,,3.0,0
1283,5010266,M,N,Y,1,574207.63,Working,Incomplete higher,Married,House / apartment,-13714.0,-5570.0,1.0,1.0,1.0,0.0,,3.0,0
1284,5010268,M,N,Y,1,550016.64,Working,Incomplete higher,Married,House / apartment,-13252.0,-5652.0,1.0,1.0,1.0,0.0,,3.0,0
1285,5010269,M,N,Y,1,565111.03,Working,Incomplete higher,Married,House / apartment,-13606.0,-5635.0,1.0,1.0,1.0,0.0,,3.0,0
1286,5010270,M,N,Y,1,557410.36,Working,Incomplete higher,Married,House / apartment,-14273.0,-5762.0,1.0,1.0,1.0,0.0,,3.0,0
1287,5010271,M,N,Y,1,571830.69,Working,Incomplete higher,Married,House / apartment,-13600.0,-5641.0,1.0,1.0,1.0,0.0,,3.0,0
1288,5010272,M,N,Y,1,556589.01,Working,Incomplete higher,Married,House / apartment,-13891.0,-5600.0,1.0,1.0,1.0,0.0,,3.0,0
1289,5010273,M,N,Y,1,565134.72,Working,Incomplete higher,Married,House / apartment,-14181.0,-5539.0,1.0,1.0,1.0,0.0,,3.0,0
1290,5010274,M,N,Y,1,543351.33,Working,Incomplete higher,Married,House / apartment,-14218.0,-5506.0,1.0,1.0,1.0,0.0,,3.0,0
1291,5010275,M,N,Y,1,589264.42,Working,Incomplete higher,Married,House / apartment,-13533.0,-5815.0,1.0,1.0,1.0,0.0,,3.0,0
1292,5010276,M,N,Y,1,577324.1,Working,Incomplete higher,Married,House / apartment,-13969.0,-5892.0,1.0,1.0,1.0,0.0,,3.0,0
1293,5010277,M,N,Y,1,566207.87,Working,Incomplete higher,Married,House / apartment,-13601.0,-5469.0,1.0,1.0,1.0,0.0,,3.0,0
1294,5010278,M,N,Y,1,556660.81,Working,Incomplete higher,Married,House / apartment,-13778.0,-5457.0,1.0,1.0,1.0,0.0,,3.0,0
1295,5010279,M,N,Y,1,574002.82,Working,Incomplete higher,Married,House / apartment,-13628.0,-5637.0,1.0,1.0,1.0,0.0,,3.0,0
1296,5010280,M,N,Y,1,537408.09,Working,Incomplete higher,Married,House / apartment,-14015.0,-5593.0,1.0,1.0,1.0,0.0,,3.0,0
1297,5010281,M,N,Y,1,563243.45,Working,Incomplete higher,Married,House / apartment,-13572.0,-5588.0,1.0,1.0,1.0,0.0,,3.0,0
1298,5010282,M,N,Y,1,556578.52,Working,Incomplete higher,Married,House / apartment,-13858.0,-5866.0,1.0,1.0,1.0,0.0,,3.0,0
1299,6153649,M,N,Y,1,547600.7,Working,Incomplete higher,Married,House / apartment,-13774.0,-5660.0,1.0,1.0,1.0,0.0,,3.0,0
1300,5010283,F,N,Y,0,129392.85,Pensioner,Secondary / secondary special,Married,House / apartment,-20012.0,372168.0,1.0,0.0,0.0,1.0,,2.0,0
1301,5010284,F,N,Y,0,124693.4,Pensioner,Secondary / secondary special,Married,House / apartment,-20083.0,364113.0,1.0,0.0,0.0,1.0,,2.0,0
1302,5010285,F,N,Y,0,122539.81,Pensioner,Secondary / secondary special,Married,House / apartment,-20349.0,365755.0,1.0,0.0,0.0,1.0,,2.0,0
1303,5010286,F,N,Y,0,127394.31,Pensioner,Secondary / secondary special,Married,House / apartment,-19987.0,366583.0,1.0,0.0,0.0,1.0,,2.0,0
1304,5010287,F,N,Y,0,124917.94,Pensioner,Secondary / secondary special,Married,House / apartment,-19730.0,369132.0,1.0,0.0,0.0,1.0,,2.0,0
1305,5010288,F,N,Y,0,128278.35,Pensioner,Secondary / secondary special,Married,House / apartment,-20180.0,376622.0,1.0,0.0,0.0,1.0,,2.0,0
1306,5010289,F,N,Y,0,132392.66,Pensioner,Secondary / secondary special,Married,House / apartment,-20151.0,365510.0,1.0,0.0,0.0,1.0,,2.0,0
1307,5010290,F,N,Y,0,126978.17,Pensioner,Secondary / secondary special,Married,House / apartment,-19922.0,362633.0,1.0,0.0,0.0,1.0,,2.0,0
1308,5010291,F,N,Y,0,123432.24,Pensioner,Secondary / secondary special,Married,House / apartment,-20698.0,359739.0,1.0,0.0,0.0,1.0,,2.0,0
1309,5010292,F,N,Y,0,125879.72,Pensioner,Secondary / secondary special,Married,House / apartment,-20543.0,352769.0,1.0,0.0,0.0,1.0,,2.0,0
1310,5010293,F,N,Y,0,100020.49,Working,Secondary / secondary special,Single / not married,House / apartment,-9977.0,-1177.0,1.0,1.0,0.0,0.0,Sales staff,1.0,0
1311,5010294,F,N,Y,0,97433.39,Working,Secondary / secondary special,Single / not married,House / apartment,-9773.0,-1140.0,1.0,1.0,0.0,0.0,Sales staff,1.0,0
1312,5010295,F,N,Y,0,98484.94,Working,Secondary / secondary special,Single / not married,House / apartment,-9765.0,-1167.0,1.0,1.0,0.0,0.0,Sales staff,1.0,0
1313,5010296,F,N,Y,0,132686.8,Commercial associate,Secondary / secondary special,Married,House / apartment,-14603.0,-1871.0,1.0,0.0,0.0,0.0,Sales staff,2.0,0
1314,5010297,F,N,Y,0,128285.58,Commercial associate,Secondary / secondary special,Married,House / apartment,-14797.0,-1821.0,1.0,0.0,0.0,0.0,Sales staff,2.0,0
1315,5010298,F,N,Y,0,132567.02,Commercial associate,Secondary / secondary special,Married,House / apartment,-15308.0,-1872.0,1.0,0.0,0.0,0.0,Sales staff,2.0,0
1316,5010299,F,N,Y,0,131923.57,Commercial associate,Secondary / secondary special,Married,House / apartment,-14993.0,-1839.0,1.0,0.0,0.0,0.0,Sales staff,2.0,0
1317,5010300,F,N,Y,0,134169.91,Commercial associate,Secondary / secondary special,Married,House / apartment,-14912.0,-1866.0,1.0,0.0,0.0,0.0,Sales staff,2.0,0
1318,5010302,F,N,Y,0,194945.38,Commercial associate,Secondary / secondary special,Married,House / apartment,-20115.0,-6203.0,1.0,1.0,1.0,0.0,,2.0,1
1319,5010303,F,N,Y,0,192582.42,Commercial associate,Secondary / secondary special,Married,House / apartment,-20051.0,-6299.0,1.0,1.0,1.0,0.0,,2.0,1
1320,5010304,F,N,Y,0,190052.23,Commercial associate,Secondary / secondary special,Married,House / apartment,-20416.0,-6293.0,1.0,1.0,1.0,0.0,,2.0,1
1321,5010305,F,N,Y,0,157289.91,Pensioner,Secondary / secondary special,Married,House / apartment,-22780.0,345857.0,1.0,0.0,0.0,0.0,,2.0,0
1322,5010306,F,N,Y,0,155927.35,Pensioner,Secondary / secondary special,Married,House / apartment,-23548.0,344781.0,1.0,0.0,0.0,0.0,,2.0,0
1323,5010307,F,N,Y,0,158877.0,Pensioner,Secondary / secondary special,Married,House / apartment,-23345.0,367137.0,1.0,0.0,0.0,0.0,,2.0,0
1324,6153716,F,N,Y,0,160691.9,Pensioner,Secondary / secondary special,Married,House / apartment,-23558.0,374396.0,1.0,0.0,0.0,0.0,,2.0,0
1325,5010309,F,Y,Y,1,114689.95,Commercial associate,Secondary / secondary special,Married,House / apartment,-14910.0,-1881.0,1.0,0.0,0.0,0.0,Core staff,3.0,0
1326,5010310,F,Y,Y,1,114483.02,Commercial associate,Secondary / secondary special,Married,House / apartment,-15440.0,-1949.0,1.0,0.0,0.0,0.0,Core staff,3.0,0
1327,5010311,F,Y,Y,1,110459.9,Commercial associate,Secondary / secondary special,Married,House / apartment,-15235.0,-1979.0,1.0,0.0,0.0,0.0,Core staff,3.0,0
1328,5010312,F,Y,Y,1,114029.62,Commercial associate,Secondary / secondary special,Married,House / apartment,-14794.0,-1970.0,1.0,0.0,0.0,0.0,Core staff,3.0,0
1329,5010313,F,Y,Y,1,113518.46,Commercial associate,Secondary / secondary special,Married,House / apartment,-15121.0,-1950.0,1.0,0.0,0.0,0.0,Core staff,3.0,0
1330,5010314,F,Y,Y,1,112643.52,Commercial associate,Secondary / secondary special,Married,House / apartment,-15554.0,-1973.0,1.0,0.0,0.0,0.0,Core staff,3.0,0
1331,5010315,F,Y,Y,1,114601.1,Commercial associate,Secondary / secondary special,Married,House / apartment,-14737.0,-1903.0,1.0,0.0,0.0,0.0,Core staff,3.0,0
1332,5010316,F,Y,Y,1,112562.21,Commercial associate,Secondary / secondary special,Married,House / apartment,-15053.0,-1903.0,1.0,0.0,0.0,0.0,Core staff,3.0,0
1333,5010317,M,N,N,0,139187.19,Commercial associate,Higher education,Married,House / apartment,-9381.0,-133.0,1.0,0.0,0.0,1.0,Cooking staff,2.0,0
1334,5010318,M,N,N,0,131255.47,Commercial associate,Higher education,Married,House / apartment,-9508.0,-125.0,1.0,0.0,0.0,1.0,Cooking staff,2.0,0
1335,5010319,M,N,N,0,134429.12,Commercial associate,Higher education,Married,House / apartment,-9725.0,-133.0,1.0,0.0,0.0,1.0,Cooking staff,2.0,0
1336,5010320,M,N,N,0,134322.7,Commercial associate,Higher education,Married,House / apartment,-9825.0,-129.0,1.0,0.0,0.0,1.0,Cooking staff,2.0,0
1337,5010321,M,N,N,0,134585.79,Commercial associate,Higher education,Married,House / apartment,-9350.0,-129.0,1.0,0.0,0.0,1.0,Cooking staff,2.0,0
1338,6153726,M,N,N,0,135643.84,Commercial associate,Higher education,Married,House / apartment,-9227.0,-129.0,1.0,0.0,0.0,1.0,Cooking staff,2.0,0
1339,5010322,F,N,N,0,211857.07,Pensioner,Secondary / secondary special,Married,House / apartment,-23040.0,357835.0,1.0,0.0,0.0,0.0,,2.0,0
1340,5010323,F,N,N,0,212840.9,Pensioner,Secondary / secondary special,Married,House / apartment,-23012.0,360124.0,1.0,0.0,0.0,0.0,,2.0,0
1341,5010324,F,N,N,0,219076.28,Pensioner,Secondary / secondary special,Married,House / apartment,-22328.0,370811.0,1.0,0.0,0.0,0.0,,2.0,0
1342,5010325,F,N,N,0,216936.1,Pensioner,Secondary / secondary special,Married,House / apartment,-23188.0,367753.0,1.0,0.0,0.0,0.0,,2.0,0
1343,5010326,F,N,N,0,213722.17,Pensioner,Secondary / secondary special,Married,House / apartment,-23546.0,357621.0,1.0,0.0,0.0,0.0,,2.0,0
1344,5010327,F,N,N,0,219584.51,Pensioner,Secondary / secondary special,Married,House / apartment,-23101.0,370590.0,1.0,0.0,0.0,0.0,,2.0,0
1345,5010328,F,N,N,0,212914.81,Pensioner,Secondary / secondary special,Married,House / apartment,-22840.0,366089.0,1.0,0.0,0.0,0.0,,2.0,0
1346,5010329,F,N,N,0,216911.63,Pensioner,Secondary / secondary special,Married,House / apartment,-23533.0,366445.0,1.0,0.0,0.0,0.0,,2.0,0
1347,5010330,F,N,N,0,210889.14,Pensioner,Secondary / secondary special,Married,House / apartment,-22640.0,355905.0,1.0,0.0,0.0,0.0,,2.0,0
1348,5010331,F,N,N,0,208077.79,Pensioner,Secondary / secondary special,Married,House / apartment,-22799.0,354461.0,1.0,0.0,0.0,0.0,,2.0,0
1349,5010332,F,N,N,0,211747.31,Pensioner,Secondary / secondary special,Married,House / apartment,-22016.0,354950.0,1.0,0.0,0.0,0.0,,2.0,0
1350,5010333,F,N,N,0,214814.46,Pensioner,Secondary / secondary special,Married,House / apartment,-22418.0,367311.0,1.0,0.0,0.0,0.0,,2.0,0
1351,5010334,F,N,N,0,217628.28,Pensioner,Secondary / secondary special,Married,House / apartment,-23055.0,357080.0,1.0,0.0,0.0,0.0,,2.0,0
1352,5010335,F,N,N,0,220262.53,Pensioner,Secondary / secondary special,Married,House / apartment,-22075.0,373212.0,1.0,0.0,0.0,0.0,,2.0,0
1353,5010336,F,N,N,0,221227.51,Pensioner,Secondary / secondary special,Married,House / apartment,-22853.0,362708.0,1.0,0.0,0.0,0.0,,2.0,0
1354,5010337,F,N,N,0,219275.71,Pensioner,Secondary / secondary special,Married,House / apartment,-22403.0,354934.0,1.0,0.0,0.0,0.0,,2.0,0
1355,5010338,F,N,N,0,215515.86,Pensioner,Secondary / secondary special,Married,House / apartment,-22980.0,368022.0,1.0,0.0,0.0,0.0,,2.0,0
1356,5010339,F,N,N,0,212292.82,Pensioner,Secondary / secondary special,Married,House / apartment,-22750.0,356737.0,1.0,0.0,0.0,0.0,,2.0,0
1357,5010340,F,N,N,0,205249.73,Pensioner,Secondary / secondary special,Married,House / apartment,-22344.0,359068.0,1.0,0.0,0.0,0.0,,2.0,0
1358,5010341,F,N,N,0,206268.19,Pensioner,Secondary / secondary special,Married,House / apartment,-22691.0,374655.0,1.0,0.0,0.0,0.0,,2.0,0
1359,5010342,F,N,N,0,214881.93,Pensioner,Secondary / secondary special,Married,House / apartment,-23015.0,354460.0,1.0,0.0,0.0,0.0,,2.0,0
1360,5010343,F,N,N,0,214802.96,Pensioner,Secondary / secondary special,Married,House / apartment,-22220.0,374211.0,1.0,0.0,0.0,0.0,,2.0,0
1361,5010344,F,N,N,0,221798.02,Pensioner,Secondary / secondary special,Married,House / apartment,-23271.0,371654.0,1.0,0.0,0.0,0.0,,2.0,0
1362,5010345,F,N,N,0,214905.96,Pensioner,Secondary / secondary special,Married,House / apartment,-23097.0,364984.0,1.0,0.0,0.0,0.0,,2.0,0
1363,5010346,F,N,Y,0,328441.96,Commercial associate,Secondary / secondary special,Married,House / apartment,-19695.0,-1953.0,1.0,0.0,0.0,1.0,Managers,2.0,1
1364,5010347,F,N,Y,0,318744.49,Commercial associate,Secondary / secondary special,Married,House / apartment,-20053.0,-1864.0,1.0,0.0,0.0,1.0,Managers,2.0,1
1365,6153727,F,N,Y,0,323972.06,Commercial associate,Secondary / secondary special,Married,House / apartment,-20122.0,-1920.0,1.0,0.0,0.0,1.0,Managers,2.0,1
1366,5010348,F,N,N,0,125892.31,Working,Secondary / secondary special,Single / not married,With parents,-8098.0,-933.0,1.0,0.0,0.0,0.0,Sales staff,1.0,0
1367,5010351,M,Y,N,1,180389.08,State servant,Incomplete higher,Married,With parents,-10523.0,-1216.0,1.0,0.0,0.0,0.0,Drivers,3.0,0
1368,5010352,M,Y,N,1,177503.15,State servant,Incomplete higher,Married,With parents,-10616.0,-1198.0,1.0,0.0,0.0,0.0,Drivers,3.0,0
1369,5010356,F,N,Y,0,315513.95,State servant,Higher education,Single / not married,House / apartment,-12801.0,-1319.0,1.0,0.0,0.0,1.0,Accountants,1.0,0
1370,6153746,F,N,Y,0,312775.71,State servant,Higher education,Single / not married,House / apartment,-13037.0,-1316.0,1.0,0.0,0.0,1.0,Accountants,1.0,0
1371,5010358,F,N,Y,0,124361.42,Commercial associate,Secondary / secondary special,Married,House / apartment,-14441.0,-7547.0,1.0,1.0,1.0,0.0,Laborers,2.0,0
1372,5010359,F,N,Y,0,124468.43,Commercial associate,Secondary / secondary special,Married,House / apartment,-13658.0,-7279.0,1.0,1.0,1.0,0.0,Laborers,2.0,0
1373,5010360,F,N,Y,2,65440.72,Working,Secondary / secondary special,Separated,House / apartment,-14412.0,-7197.0,1.0,1.0,0.0,0.0,,3.0,0
1374,5010361,M,Y,N,0,91335.89,Commercial associate,Secondary / secondary special,Single / not married,House / apartment,-12149.0,-2042.0,1.0,1.0,1.0,0.0,Drivers,1.0,0
1375,5010362,M,Y,N,0,87759.96,Commercial associate,Secondary / secondary special,Single / not married,House / apartment,-12733.0,-2088.0,1.0,1.0,1.0,0.0,Drivers,1.0,0
1376,5010363,M,Y,N,0,90569.23,Commercial associate,Secondary / secondary special,Single / not married,House / apartment,-12504.0,-2055.0,1.0,1.0,1.0,0.0,Drivers,1.0,0
1377,5010364,M,Y,N,0,90659.19,Commercial associate,Secondary / secondary special,Single / not married,House / apartment,-12380.0,-1999.0,1.0,1.0,1.0,0.0,Drivers,1.0,0
1378,5010365,F,Y,Y,1,159282.42,Working,Higher education,Separated,House / apartment,-9682.0,-2056.0,1.0,0.0,0.0,1.0,Medicine staff,2.0,0
1379,5010366,F,Y,Y,1,155286.85,Working,Higher education,Separated,House / apartment,-9671.0,-2029.0,1.0,0.0,0.0,1.0,Medicine staff,2.0,0
1380,5010367,F,Y,Y,1,156960.59,Working,Higher education,Separated,House / apartment,-9849.0,-2047.0,1.0,0.0,0.0,1.0,Medicine staff,2.0,0
1381,5010368,F,Y,Y,1,158311.28,Working,Higher education,Separated,House / apartment,-9932.0,-2119.0,1.0,0.0,0.0,1.0,Medicine staff,2.0,0
1382,5010369,F,Y,Y,1,154345.9,Working,Higher education,Separated,House / apartment,-9999.0,-2044.0,1.0,0.0,0.0,1.0,Medicine staff,2.0,0
1383,5010370,F,Y,Y,1,158825.19,Working,Higher education,Separated,House / apartment,-10003.0,-2063.0,1.0,0.0,0.0,1.0,Medicine staff,2.0,0
1384,6153764,F,Y,Y,1,155031.24,Working,Higher education,Separated,House / apartment,-10081.0,-2132.0,1.0,0.0,0.0,1.0,Medicine staff,2.0,0
1385,5010371,F,Y,Y,0,269474.94,Pensioner,Secondary / secondary special,Married,House / apartment,-22785.0,368239.0,1.0,0.0,0.0,0.0,,2.0,0
1386,5010372,F,Y,Y,0,276083.7,Pensioner,Secondary / secondary special,Married,House / apartment,-24077.0,365439.0,1.0,0.0,0.0,0.0,,2.0,0
1387,5010373,F,Y,Y,0,276684.82,Pensioner,Secondary / secondary special,Married,House / apartment,-24279.0,360140.0,1.0,0.0,0.0,0.0,,2.0,0
1388,5010374,F,Y,Y,0,270370.48,Pensioner,Secondary / secondary special,Married,House / apartment,-23226.0,363846.0,1.0,0.0,0.0,0.0,,2.0,0
1389,5010375,F,Y,Y,0,269023.31,Pensioner,Secondary / secondary special,Married,House / apartment,-24145.0,366721.0,1.0,0.0,0.0,0.0,,2.0,0
1390,5010376,F,Y,Y,0,276794.7,Pensioner,Secondary / secondary special,Married,House / apartment,-24505.0,375892.0,1.0,0.0,0.0,0.0,,2.0,0
1391,5010377,F,Y,Y,0,275426.87,Pensioner,Secondary / secondary special,Married,House / apartment,-24661.0,365700.0,1.0,0.0,0.0,0.0,,2.0,0
1392,5010378,F,Y,Y,0,278764.11,Pensioner,Secondary / secondary special,Married,House / apartment,-24250.0,365403.0,1.0,0.0,0.0,0.0,,2.0,0
1393,5010379,F,Y,Y,0,271764.47,Pensioner,Secondary / secondary special,Married,House / apartment,-24093.0,373110.0,1.0,0.0,0.0,0.0,,2.0,0
1394,5010380,F,Y,Y,0,270714.15,Pensioner,Secondary / secondary special,Married,House / apartment,-23904.0,369446.0,1.0,0.0,0.0,0.0,,2.0,0
1395,5010381,F,Y,Y,0,269705.15,Pensioner,Secondary / secondary special,Married,House / apartment,-24149.0,363460.0,1.0,0.0,0.0,0.0,,2.0,0
1396,5010382,F,Y,Y,0,270150.66,Pensioner,Secondary / secondary special,Married,House / apartment,-24404.0,364367.0,1.0,0.0,0.0,0.0,,2.0,0
1397,5010383,F,Y,Y,0,258138.19,Pensioner,Secondary / secondary special,Married,House / apartment,-23947.0,376628.0,1.0,0.0,0.0,0.0,,2.0,0
1398,5010385,F,Y,Y,0,538112.12,Commercial associate,Higher education,Married,House / apartment,-13341.0,-2510.0,1.0,0.0,0.0,1.0,Managers,2.0,0
1399,5010386,F,Y,Y,0,544793.87,Commercial associate,Higher education,Married,House / apartment,-13841.0,-2453.0,1.0,0.0,0.0,1.0,Managers,2.0,0
1400,5010387,F,Y,Y,0,536096.64,Commercial associate,Higher education,Married,House / apartment,-14070.0,-2588.0,1.0,0.0,0.0,1.0,Managers,2.0,0
1401,5010388,F,Y,Y,0,535668.01,Commercial associate,Higher education,Married,House / apartment,-13885.0,-2511.0,1.0,0.0,0.0,1.0,Managers,2.0,0
1402,5010389,F,Y,Y,0,536464.95,Commercial associate,Higher education,Married,House / apartment,-14367.0,-2478.0,1.0,0.0,0.0,1.0,Managers,2.0,0
1403,5010390,F,Y,Y,0,529721.04,Commercial associate,Higher education,Married,House / apartment,-13671.0,-2564.0,1.0,0.0,0.0,1.0,Managers,2.0,0
1404,5010391,F,Y,Y,0,530403.05,Commercial associate,Higher education,Married,House / apartment,-13746.0,-2592.0,1.0,0.0,0.0,1.0,Managers,2.0,0
1405,6153782,F,Y,Y,0,533340.85,Commercial associate,Higher education,Married,House / apartment,-13584.0,-2635.0,1.0,0.0,0.0,1.0,Managers,2.0,0
1406,6153783,F,Y,Y,0,526735.84,Commercial associate,Higher education,Married,House / apartment,-13613.0,-2606.0,1.0,0.0,0.0,1.0,Managers,2.0,0
1407,5010394,F,Y,Y,1,225228.92,Working,Higher education,Married,House / apartment,-14018.0,-1606.0,1.0,1.0,1.0,0.0,High skill tech staff,3.0,0
1408,5010397,F,Y,Y,1,225091.64,Working,Higher education,Married,House / apartment,-13940.0,-1556.0,1.0,1.0,1.0,0.0,High skill tech staff,3.0,0
1409,5010398,F,Y,Y,1,221852.79,Working,Higher education,Married,House / apartment,-14519.0,-1581.0,1.0,1.0,1.0,0.0,High skill tech staff,3.0,0
1410,5010400,F,Y,Y,1,227302.55,Working,Higher education,Married,House / apartment,-14139.0,-1579.0,1.0,1.0,1.0,0.0,High skill tech staff,3.0,0
1411,5010402,F,N,Y,0,208165.11,Pensioner,Secondary / secondary special,Married,House / apartment,-22773.0,362007.0,1.0,0.0,0.0,0.0,,2.0,0
1412,5010404,F,N,Y,0,206964.46,Pensioner,Secondary / secondary special,Married,House / apartment,-21611.0,356447.0,1.0,0.0,0.0,0.0,,2.0,0
1413,5010406,F,N,Y,0,205953.17,Pensioner,Secondary / secondary special,Married,House / apartment,-22092.0,370434.0,1.0,0.0,0.0,0.0,,2.0,0
1414,5010407,F,N,Y,0,204403.5,Pensioner,Secondary / secondary special,Married,House / apartment,-21331.0,368102.0,1.0,0.0,0.0,0.0,,2.0,0
1415,5010408,F,N,Y,0,204357.27,Pensioner,Secondary / secondary special,Married,House / apartment,-21972.0,361908.0,1.0,0.0,0.0,0.0,,2.0,0
1416,5010409,F,N,Y,0,203178.26,Pensioner,Secondary / secondary special,Married,House / apartment,-21591.0,361159.0,1.0,0.0,0.0,0.0,,2.0,0
1417,5010410,F,N,Y,0,196428.69,Pensioner,Secondary / secondary special,Married,House / apartment,-21795.0,361920.0,1.0,0.0,0.0,0.0,,2.0,0
1418,5010411,F,N,Y,0,199497.54,Pensioner,Secondary / secondary special,Married,House / apartment,-21958.0,365475.0,1.0,0.0,0.0,0.0,,2.0,0
1419,5010412,F,N,Y,0,194870.93,Pensioner,Secondary / secondary special,Married,House / apartment,-21407.0,369911.0,1.0,0.0,0.0,0.0,,2.0,0
1420,5010413,F,N,Y,0,201401.2,Pensioner,Secondary / secondary special,Married,House / apartment,-22130.0,359737.0,1.0,0.0,0.0,0.0,,2.0,0
1421,6153792,F,N,Y,0,207620.56,Pensioner,Secondary / secondary special,Married,House / apartment,-22413.0,358237.0,1.0,0.0,0.0,0.0,,2.0,0
1422,6153793,F,N,Y,0,201484.5,Pensioner,Secondary / secondary special,Married,House / apartment,-21379.0,360477.0,1.0,0.0,0.0,0.0,,2.0,0
1423,6153794,F,N,Y,0,198777.65,Pensioner,Secondary / secondary special,Married,House / apartment,-22178.0,365392.0,1.0,0.0,0.0,0.0,,2.0,0
1424,5010414,M,Y,N,1,273037.09,Working,Secondary / secondary special,Separated,House / apartment,-13364.0,-3183.0,1.0,0.0,0.0,0.0,Drivers,2.0,0
1425,5010416,M,Y,N,1,268791.72,Working,Secondary / secondary special,Separated,House / apartment,-13448.0,-3110.0,1.0,0.0,0.0,0.0,Drivers,2.0,0
1426,5010417,M,Y,N,1,268687.71,Working,Secondary / secondary special,Separated,House / apartment,-13487.0,-3122.0,1.0,0.0,0.0,0.0,Drivers,2.0,0
1427,5010418,M,Y,N,1,271662.63,Working,Secondary / secondary special,Separated,House / apartment,-13541.0,-3218.0,1.0,0.0,0.0,0.0,Drivers,2.0,0
1428,5010419,M,Y,N,1,273857.9,Working,Secondary / secondary special,Separated,House / apartment,-13317.0,-3147.0,1.0,0.0,0.0,0.0,Drivers,2.0,0
1429,5010420,F,N,Y,0,68357.33,Working,Secondary / secondary special,Married,House / apartment,-15575.0,-279.0,1.0,0.0,0.0,1.0,Medicine staff,2.0,0
1430,5010421,F,N,Y,0,67172.97,Working,Secondary / secondary special,Married,House / apartment,-15264.0,-282.0,1.0,0.0,0.0,1.0,Medicine staff,2.0,0
1431,5010423,F,N,Y,0,65856.01,Working,Secondary / secondary special,Married,House / apartment,-15800.0,-284.0,1.0,0.0,0.0,1.0,Medicine staff,2.0,0
1432,5010424,F,N,Y,0,68358.78,Working,Secondary / secondary special,Married,House / apartment,-15453.0,-286.0,1.0,0.0,0.0,1.0,Medicine staff,2.0,0
1433,5010425,F,N,Y,0,69115.15,Working,Secondary / secondary special,Married,House / apartment,-15314.0,-276.0,1.0,0.0,0.0,1.0,Medicine staff,2.0,0
1434,5010426,F,N,Y,0,67416.32,Working,Secondary / secondary special,Married,House / apartment,-16162.0,-284.0,1.0,0.0,0.0,1.0,Medicine staff,2.0,0
1435,5010427,F,N,Y,0,66251.81,Working,Secondary / secondary special,Married,House / apartment,-15612.0,-283.0,1.0,0.0,0.0,1.0,Medicine staff,2.0,0
1436,5010428,F,N,Y,0,67671.32,Working,Secondary / secondary special,Married,House / apartment,-16011.0,-293.0,1.0,0.0,0.0,1.0,Medicine staff,2.0,0
1437,5010429,F,N,Y,0,66444.16,Working,Secondary / secondary special,Married,House / apartment,-15891.0,-284.0,1.0,0.0,0.0,1.0,Medicine staff,2.0,0
1438,5010430,F,N,Y,0,67029.79,Working,Secondary / secondary special,Married,House / apartment,-14907.0,-285.0,1.0,0.0,0.0,1.0,Medicine staff,2.0,0
1439,6153816,F,N,Y,0,65472.77,Working,Secondary / secondary special,Married,House / apartment,-15745.0,-294.0,1.0,0.0,0.0,1.0,Medicine staff,2.0,0
1440,6153817,F,N,Y,0,68659.14,Working,Secondary / secondary special,Married,House / apartment,-15375.0,-276.0,1.0,0.0,0.0,1.0,Medicine staff,2.0,0
1441,5010431,F,Y,N,1,181037.99,Working,Secondary / secondary special,Married,House / apartment,-11163.0,-133.0,1.0,0.0,0.0,0.0,Sales staff,3.0,0
1442,5010432,F,Y,N,1,176964.35,Working,Secondary / secondary special,Married,House / apartment,-11324.0,-130.0,1.0,0.0,0.0,0.0,Sales staff,3.0,0
1443,5010434,F,N,Y,0,90772.11,Pensioner,Secondary / secondary special,Married,House / apartment,-21473.0,366240.0,1.0,0.0,0.0,0.0,,2.0,0
1444,5010435,F,N,Y,0,87457.73,Pensioner,Secondary / secondary special,Married,House / apartment,-21274.0,353393.0,1.0,0.0,0.0,0.0,,2.0,0
1445,5010436,F,N,Y,0,91869.41,Pensioner,Secondary / secondary special,Married,House / apartment,-21755.0,369114.0,1.0,0.0,0.0,0.0,,2.0,0
1446,5010437,F,N,Y,0,91353.11,Pensioner,Secondary / secondary special,Married,House / apartment,-21975.0,356159.0,1.0,0.0,0.0,0.0,,2.0,0
1447,5010438,F,N,Y,0,91114.77,Pensioner,Secondary / secondary special,Married,House / apartment,-21988.0,370456.0,1.0,0.0,0.0,0.0,,2.0,0
1448,5010439,F,N,Y,0,88341.25,Pensioner,Secondary / secondary special,Married,House / apartment,-21385.0,365230.0,1.0,0.0,0.0,0.0,,2.0,0
1449,5010443,F,N,Y,0,90368.96,Pensioner,Secondary / secondary special,Married,House / apartment,-22103.0,369028.0,1.0,0.0,0.0,0.0,,2.0,0
1450,5010444,F,N,Y,0,91277.33,Pensioner,Secondary / secondary special,Married,House / apartment,-21497.0,369422.0,1.0,0.0,0.0,0.0,,2.0,0
1451,6153563,F,N,Y,0,89571.37,Pensioner,Secondary / secondary special,Married,House / apartment,-20649.0,371725.0,1.0,0.0,0.0,0.0,,2.0,0
1452,6153565,F,N,Y,0,88126.11,Pensioner,Secondary / secondary special,Married,House / apartment,-21370.0,368284.0,1.0,0.0,0.0,0.0,,2.0,0
1453,6153566,F,N,Y,0,90540.68,Pensioner,Secondary / secondary special,Married,House / apartment,-21691.0,382923.0,1.0,0.0,0.0,0.0,,2.0,0
1454,5010447,F,N,Y,0,211469.23,Pensioner,Secondary / secondary special,Married,House / apartment,-23395.0,347836.0,1.0,0.0,0.0,0.0,,2.0,0
1455,5010448,F,N,Y,0,207330.14,Pensioner,Secondary / secondary special,Married,House / apartment,-22642.0,357689.0,1.0,0.0,0.0,0.0,,2.0,0
1456,5010449,F,N,Y,0,200900.41,Pensioner,Secondary / secondary special,Married,House / apartment,-22772.0,364501.0,1.0,0.0,0.0,0.0,,2.0,0
1457,5010450,F,N,Y,0,199196.47,Pensioner,Secondary / secondary special,Married,House / apartment,-22174.0,365915.0,1.0,0.0,0.0,0.0,,2.0,0
1458,5010451,F,N,Y,0,208532.0,Pensioner,Secondary / secondary special,Married,House / apartment,-23787.0,358619.0,1.0,0.0,0.0,0.0,,2.0,0
1459,5010452,F,N,Y,0,208033.73,Pensioner,Secondary / secondary special,Married,House / apartment,-22755.0,370377.0,1.0,0.0,0.0,0.0,,2.0,0
1460,6153568,F,N,Y,0,207116.65,Pensioner,Secondary / secondary special,Married,House / apartment,-22348.0,362515.0,1.0,0.0,0.0,0.0,,2.0,0
1461,5010453,F,Y,Y,0,163992.08,Working,Secondary / secondary special,Married,House / apartment,-13231.0,-5807.0,1.0,1.0,0.0,0.0,Core staff,2.0,0
1462,5010454,F,Y,Y,0,153432.76,Working,Secondary / secondary special,Married,House / apartment,-13492.0,-5833.0,1.0,1.0,0.0,0.0,Core staff,2.0,0
1463,5010455,F,Y,Y,0,158319.33,Working,Secondary / secondary special,Married,House / apartment,-13068.0,-5886.0,1.0,1.0,0.0,0.0,Core staff,2.0,0
1464,5010456,F,N,Y,0,164975.53,Student,Higher education,Married,House / apartment,-18678.0,-3921.0,1.0,0.0,0.0,1.0,Core staff,2.0,0
1465,5010457,F,N,Y,0,172005.05,Student,Higher education,Married,House / apartment,-18530.0,-3964.0,1.0,0.0,0.0,1.0,Core staff,2.0,0
1466,5010458,F,N,Y,0,173159.78,Student,Higher education,Married,House / apartment,-18721.0,-3919.0,1.0,0.0,0.0,1.0,Core staff,2.0,1
1467,5010459,F,N,Y,0,168751.01,Student,Higher education,Married,House / apartment,-19155.0,-3904.0,1.0,0.0,0.0,1.0,Core staff,2.0,1
1468,5010460,F,N,Y,0,174275.61,Student,Higher education,Married,House / apartment,-18504.0,-3855.0,1.0,0.0,0.0,1.0,Core staff,2.0,1
1469,5010461,F,N,Y,0,174571.74,Student,Higher education,Married,House / apartment,-18392.0,-3949.0,1.0,0.0,0.0,1.0,Core staff,2.0,0
1470,5010462,F,N,Y,0,173936.08,Student,Higher education,Married,House / apartment,-18364.0,-3971.0,1.0,0.0,0.0,1.0,Core staff,2.0,0
1471,5010463,F,N,Y,0,172596.66,Student,Higher education,Married,House / apartment,-19019.0,-3983.0,1.0,0.0,0.0,1.0,Core staff,2.0,0
1472,5010465,F,Y,Y,1,160198.73,Working,Secondary / secondary special,Married,House / apartment,-12899.0,-696.0,1.0,0.0,1.0,0.0,Sales staff,3.0,0
1473,5010466,F,Y,Y,1,158990.79,Working,Secondary / secondary special,Married,House / apartment,-12588.0,-677.0,1.0,0.0,1.0,0.0,Sales staff,3.0,0
1474,5010467,F,Y,Y,1,160118.0,Working,Secondary / secondary special,Married,House / apartment,-12532.0,-663.0,1.0,0.0,1.0,0.0,Sales staff,3.0,0
1475,5010468,M,Y,Y,0,676434.9,State servant,Higher education,Married,House / apartment,-11628.0,-2208.0,1.0,0.0,0.0,0.0,High skill tech staff,2.0,0
1476,5010470,M,Y,Y,0,672864.86,State servant,Higher education,Married,House / apartment,-12226.0,-2178.0,1.0,0.0,0.0,0.0,High skill tech staff,2.0,0
1477,5010471,M,Y,Y,0,673549.52,State servant,Higher education,Married,House / apartment,-12379.0,-2235.0,1.0,0.0,0.0,0.0,High skill tech staff,2.0,0
1478,5010472,M,Y,Y,0,661889.33,State servant,Higher education,Married,House / apartment,-12088.0,-2227.0,1.0,0.0,0.0,0.0,High skill tech staff,2.0,0
1479,5010473,M,Y,Y,0,130834.95,Commercial associate,Higher education,Civil marriage,House / apartment,-13338.0,-315.0,1.0,0.0,0.0,0.0,,2.0,0
1480,5010474,M,Y,Y,0,132532.32,Commercial associate,Higher education,Civil marriage,House / apartment,-13092.0,-311.0,1.0,0.0,0.0,0.0,,2.0,0
1481,6153650,M,Y,Y,0,137236.56,Commercial associate,Higher education,Civil marriage,House / apartment,-13140.0,-311.0,1.0,0.0,0.0,0.0,,2.0,0
1482,5010480,M,Y,Y,2,309834.11,Working,Higher education,Married,House / apartment,-13827.0,-155.0,1.0,1.0,1.0,0.0,,4.0,0
1483,5010481,M,Y,Y,2,322262.41,Working,Higher education,Married,House / apartment,-14224.0,-158.0,1.0,1.0,1.0,0.0,,4.0,0
1484,5010482,M,Y,Y,2,310516.29,Working,Higher education,Married,House / apartment,-13633.0,-156.0,1.0,1.0,1.0,0.0,,4.0,0
1485,5010483,M,Y,Y,2,312507.74,Working,Higher education,Married,House / apartment,-13460.0,-160.0,1.0,1.0,1.0,0.0,,4.0,0
1486,5010484,M,Y,Y,2,319016.68,Working,Higher education,Married,House / apartment,-13258.0,-160.0,1.0,1.0,1.0,0.0,,4.0,0
1487,5010485,M,Y,Y,0,105601.25,Pensioner,Secondary / secondary special,Married,House / apartment,-19717.0,374097.0,1.0,0.0,0.0,0.0,,2.0,0
1488,5010486,M,Y,Y,0,110290.31,Pensioner,Secondary / secondary special,Married,House / apartment,-19806.0,363182.0,1.0,0.0,0.0,0.0,,2.0,0
1489,5010487,M,Y,Y,0,115908.51,Pensioner,Secondary / secondary special,Married,House / apartment,-20663.0,353937.0,1.0,0.0,0.0,0.0,,2.0,0
1490,5010488,M,Y,Y,0,113258.17,Pensioner,Secondary / secondary special,Married,House / apartment,-20240.0,356690.0,1.0,0.0,0.0,0.0,,2.0,0
1491,5010489,M,Y,Y,0,114638.6,Pensioner,Secondary / secondary special,Married,House / apartment,-19436.0,363174.0,1.0,0.0,0.0,0.0,,2.0,0
1492,5010490,M,Y,Y,0,113564.05,Pensioner,Secondary / secondary special,Married,House / apartment,-19670.0,362359.0,1.0,0.0,0.0,0.0,,2.0,0
1493,5010491,F,Y,N,2,275002.04,State servant,Higher education,Married,House / apartment,-14202.0,-4585.0,1.0,0.0,0.0,0.0,Secretaries,4.0,0
1494,5010492,F,Y,N,2,270268.26,State servant,Higher education,Married,House / apartment,-14262.0,-4718.0,1.0,0.0,0.0,0.0,Secretaries,4.0,0
1495,5010493,F,Y,N,2,271679.23,State servant,Higher education,Married,House / apartment,-13517.0,-4477.0,1.0,0.0,0.0,0.0,Secretaries,4.0,0
1496,5010494,F,Y,N,2,266015.01,State servant,Higher education,Married,House / apartment,-13962.0,-4678.0,1.0,0.0,0.0,0.0,Secretaries,4.0,0
1497,5010496,M,Y,Y,1,206150.16,Working,Secondary / secondary special,Married,House / apartment,-10486.0,-306.0,1.0,1.0,0.0,0.0,,3.0,0
1498,5010497,M,Y,Y,1,202241.61,Working,Secondary / secondary special,Married,House / apartment,-9710.0,-316.0,1.0,1.0,0.0,0.0,,3.0,0
1499,5010498,M,Y,Y,1,203872.47,Working,Secondary / secondary special,Married,House / apartment,-10295.0,-316.0,1.0,1.0,0.0,0.0,,3.0,0
1500,5010499,M,Y,Y,1,197342.25,Working,Secondary / secondary special,Married,House / apartment,-10474.0,-312.0,1.0,1.0,0.0,0.0,,3.0,0
1501,5010500,M,Y,Y,1,204120.26,Working,Secondary / secondary special,Married,House / apartment,-10580.0,-310.0,1.0,1.0,0.0,0.0,,3.0,0
1502,5010501,F,N,N,1,88747.17,Working,Secondary / secondary special,Separated,Rented apartment,-14035.0,-343.0,1.0,0.0,0.0,1.0,Sales staff,2.0,0
1503,5010503,F,Y,Y,0,131781.03,Working,Secondary / secondary special,Single / not married,House / apartment,-17021.0,-2584.0,1.0,0.0,0.0,0.0,Sales staff,1.0,0
1504,5010504,F,Y,Y,0,133700.37,Working,Secondary / secondary special,Single / not married,House / apartment,-17548.0,-2443.0,1.0,0.0,0.0,0.0,Sales staff,1.0,0
1505,5010507,F,Y,Y,1,165599.43,Commercial associate,Secondary / secondary special,Married,House / apartment,-13835.0,-4251.0,1.0,0.0,0.0,0.0,Laborers,3.0,0
1506,5010508,F,Y,Y,1,152704.01,Commercial associate,Secondary / secondary special,Married,House / apartment,-14037.0,-4308.0,1.0,0.0,0.0,0.0,Laborers,3.0,0
1507,5010509,F,Y,Y,1,155826.42,Commercial associate,Secondary / secondary special,Married,House / apartment,-13962.0,-4207.0,1.0,0.0,0.0,0.0,Laborers,3.0,0
1508,5010511,F,Y,Y,1,157041.85,Commercial associate,Secondary / secondary special,Married,House / apartment,-13852.0,-4154.0,1.0,0.0,0.0,0.0,Laborers,3.0,0
1509,5010512,F,Y,Y,1,157333.22,Commercial associate,Secondary / secondary special,Married,House / apartment,-13738.0,-4287.0,1.0,0.0,0.0,0.0,Laborers,3.0,0
1510,5010513,F,Y,Y,1,161335.64,Commercial associate,Secondary / secondary special,Married,House / apartment,-14159.0,-4077.0,1.0,0.0,0.0,0.0,Laborers,3.0,0
1511,6153717,F,Y,Y,1,159008.55,Commercial associate,Secondary / secondary special,Married,House / apartment,-13601.0,-4239.0,1.0,0.0,0.0,0.0,Laborers,3.0,0
1512,5010515,M,Y,Y,0,113064.12,Working,Secondary / secondary special,Married,House / apartment,-10256.0,-1633.0,1.0,0.0,0.0,1.0,Sales staff,2.0,0
1513,5010516,M,Y,Y,0,109143.83,Working,Secondary / secondary special,Married,House / apartment,-9586.0,-1674.0,1.0,0.0,0.0,1.0,Sales staff,2.0,0
1514,5010517,M,Y,Y,0,115989.68,Working,Secondary / secondary special,Married,House / apartment,-10194.0,-1616.0,1.0,0.0,0.0,1.0,Sales staff,2.0,0
1515,5010518,M,Y,Y,1,458650.31,Working,Higher education,Married,Office apartment,-19041.0,-2631.0,1.0,0.0,0.0,0.0,Managers,3.0,1
1516,5010519,M,Y,Y,1,453159.75,Working,Higher education,Married,Office apartment,-18508.0,-2685.0,1.0,0.0,0.0,0.0,Managers,3.0,1
1517,5010520,M,Y,Y,1,438257.44,Working,Higher education,Married,Office apartment,-18081.0,-2552.0,1.0,0.0,0.0,0.0,Managers,3.0,1
1518,5010521,M,Y,Y,1,452151.56,Working,Higher education,Married,Office apartment,-18916.0,-2645.0,1.0,0.0,0.0,0.0,Managers,3.0,1
1519,5010522,M,Y,Y,1,449870.7,Working,Higher education,Married,Office apartment,-18449.0,-2493.0,1.0,0.0,0.0,0.0,Managers,3.0,0
1520,5010523,M,Y,Y,1,458938.72,Working,Higher education,Married,Office apartment,-17428.0,-2633.0,1.0,0.0,0.0,0.0,Managers,3.0,0
1521,5010524,M,Y,Y,1,439302.76,Working,Higher education,Married,Office apartment,-18426.0,-2613.0,1.0,0.0,0.0,0.0,Managers,3.0,0
1522,5010525,M,Y,Y,1,449674.76,Working,Higher education,Married,Office apartment,-18504.0,-2669.0,1.0,0.0,0.0,0.0,Managers,3.0,1
1523,5010526,M,Y,Y,1,466341.39,Working,Higher education,Married,Office apartment,-18772.0,-2625.0,1.0,0.0,0.0,0.0,Managers,3.0,1
1524,5010527,M,Y,Y,1,449899.57,Working,Higher education,Married,Office apartment,-17988.0,-2733.0,1.0,0.0,0.0,0.0,Managers,3.0,1
1525,5010528,M,Y,Y,1,444834.02,Working,Higher education,Married,Office apartment,-18545.0,-2567.0,1.0,0.0,0.0,0.0,Managers,3.0,1
1526,5010529,M,Y,Y,1,457531.53,Working,Higher education,Married,Office apartment,-18416.0,-2581.0,1.0,0.0,0.0,0.0,Managers,3.0,1
1527,5010530,M,Y,Y,1,447995.91,Working,Higher education,Married,Office apartment,-18420.0,-2612.0,1.0,0.0,0.0,0.0,Managers,3.0,0
1528,6153718,M,Y,Y,1,463144.77,Working,Higher education,Married,Office apartment,-18705.0,-2500.0,1.0,0.0,0.0,0.0,Managers,3.0,1
1529,5010531,F,N,Y,0,76205.92,Pensioner,Secondary / secondary special,Civil marriage,House / apartment,-20019.0,372691.0,1.0,0.0,0.0,0.0,,2.0,0
1530,5010532,F,N,Y,0,74802.27,Pensioner,Secondary / secondary special,Civil marriage,House / apartment,-20741.0,370695.0,1.0,0.0,0.0,0.0,,2.0,0
1531,5010533,F,N,Y,0,77892.49,Pensioner,Secondary / secondary special,Civil marriage,House / apartment,-20127.0,370508.0,1.0,0.0,0.0,0.0,,2.0,0
1532,5010534,M,Y,Y,0,91706.07,Working,Secondary / secondary special,Married,House / apartment,-21718.0,-1465.0,1.0,0.0,0.0,0.0,Security staff,2.0,0
1533,5010535,F,Y,N,2,138849.64,Working,Secondary / secondary special,Married,House / apartment,-14270.0,-3104.0,1.0,0.0,0.0,0.0,Laborers,4.0,0
1534,5010536,F,Y,N,2,133129.08,Working,Secondary / secondary special,Married,House / apartment,-14207.0,-3064.0,1.0,0.0,0.0,0.0,Laborers,4.0,0
1535,5010539,F,Y,N,2,136354.32,Working,Secondary / secondary special,Married,House / apartment,-14126.0,-3080.0,1.0,0.0,0.0,0.0,Laborers,4.0,0
1536,5010540,F,Y,N,2,135830.44,Working,Secondary / secondary special,Married,House / apartment,-14428.0,-3057.0,1.0,0.0,0.0,0.0,Laborers,4.0,0
1537,5010541,F,Y,N,2,133214.6,Working,Secondary / secondary special,Married,House / apartment,-13812.0,-3019.0,1.0,0.0,0.0,0.0,Laborers,4.0,0
1538,5010542,F,Y,Y,0,327146.35,Commercial associate,Secondary / secondary special,Separated,House / apartment,-17885.0,-2977.0,1.0,0.0,1.0,1.0,Laborers,1.0,0
1539,5010543,F,Y,Y,0,330171.39,Commercial associate,Secondary / secondary special,Separated,House / apartment,-18754.0,-2963.0,1.0,0.0,1.0,1.0,Laborers,1.0,0
1540,5010544,F,Y,Y,0,318499.61,Commercial associate,Secondary / secondary special,Separated,House / apartment,-17988.0,-3012.0,1.0,0.0,1.0,1.0,Laborers,1.0,1
1541,5010545,F,Y,Y,0,325348.17,Commercial associate,Secondary / secondary special,Separated,House / apartment,-18406.0,-2987.0,1.0,0.0,1.0,1.0,Laborers,1.0,1
1542,5010546,F,Y,Y,0,326637.97,Commercial associate,Secondary / secondary special,Separated,House / apartment,-18015.0,-2949.0,1.0,0.0,1.0,1.0,Laborers,1.0,1
1543,5010547,F,Y,Y,0,319523.62,Commercial associate,Secondary / secondary special,Separated,House / apartment,-17992.0,-2988.0,1.0,0.0,1.0,1.0,Laborers,1.0,1
1544,5010548,F,Y,Y,0,315748.75,Commercial associate,Secondary / secondary special,Separated,House / apartment,-17816.0,-3023.0,1.0,0.0,1.0,1.0,Laborers,1.0,1
1545,5010549,F,Y,Y,0,319051.99,Commercial associate,Secondary / secondary special,Separated,House / apartment,-17883.0,-3095.0,1.0,0.0,1.0,1.0,Laborers,1.0,1
1546,5010551,F,Y,Y,0,318200.52,Commercial associate,Secondary / secondary special,Separated,House / apartment,-17955.0,-3109.0,1.0,0.0,1.0,1.0,Laborers,1.0,1
1547,5010553,F,Y,Y,0,316531.26,Commercial associate,Secondary / secondary special,Separated,House / apartment,-18285.0,-3062.0,1.0,0.0,1.0,1.0,Laborers,1.0,0
1548,6153729,F,Y,Y,0,311862.3,Commercial associate,Secondary / secondary special,Separated,House / apartment,-18206.0,-3052.0,1.0,0.0,1.0,1.0,Laborers,1.0,1
1549,6153730,F,Y,Y,0,319558.57,Commercial associate,Secondary / secondary special,Separated,House / apartment,-17571.0,-3213.0,1.0,0.0,1.0,1.0,Laborers,1.0,0
1550,5010556,M,Y,Y,0,133337.57,Commercial associate,Secondary / secondary special,Married,House / apartment,-15822.0,-2960.0,1.0,0.0,1.0,0.0,High skill tech staff,2.0,0
1551,5010557,M,Y,Y,0,136071.89,Commercial associate,Secondary / secondary special,Married,House / apartment,-15749.0,-2829.0,1.0,0.0,1.0,0.0,High skill tech staff,2.0,0
1552,5010558,M,Y,Y,0,137479.78,Commercial associate,Secondary / secondary special,Married,House / apartment,-15281.0,-2960.0,1.0,0.0,1.0,0.0,High skill tech staff,2.0,0
1553,5010559,M,Y,Y,0,133835.16,Commercial associate,Secondary / secondary special,Married,House / apartment,-16075.0,-2976.0,1.0,0.0,1.0,0.0,High skill tech staff,2.0,0
1554,5010560,M,Y,Y,0,130919.67,Commercial associate,Secondary / secondary special,Married,House / apartment,-15672.0,-2924.0,1.0,0.0,1.0,0.0,High skill tech staff,2.0,0
1555,5010564,F,Y,Y,0,120758.58,Working,Higher education,Married,House / apartment,-10056.0,-1653.0,1.0,0.0,0.0,1.0,Sales staff,2.0,0
1556,5010565,F,Y,Y,0,122835.52,Working,Higher education,Married,House / apartment,-9979.0,-1686.0,1.0,0.0,0.0,1.0,Sales staff,2.0,0
1557,5010566,F,Y,Y,0,118300.69,Working,Higher education,Married,House / apartment,-10607.0,-1661.0,1.0,0.0,0.0,1.0,Sales staff,2.0,0
1558,5010567,F,Y,Y,0,119704.61,Working,Higher education,Married,House / apartment,-10421.0,-1667.0,1.0,0.0,0.0,1.0,Sales staff,2.0,0
1559,5010568,F,Y,Y,0,120254.95,Working,Higher education,Married,House / apartment,-10135.0,-1708.0,1.0,0.0,0.0,1.0,Sales staff,2.0,0
1560,5010569,F,Y,Y,0,121581.64,Working,Higher education,Married,House / apartment,-10258.0,-1649.0,1.0,0.0,0.0,1.0,Sales staff,2.0,0
1561,5010570,F,Y,Y,0,118943.95,Working,Higher education,Married,House / apartment,-10049.0,-1656.0,1.0,0.0,0.0,1.0,Sales staff,2.0,0
1562,5010571,F,Y,Y,0,120811.5,Working,Higher education,Married,House / apartment,-10553.0,-1684.0,1.0,0.0,0.0,1.0,Sales staff,2.0,0
1563,5010572,F,Y,Y,0,120093.52,Working,Higher education,Married,House / apartment,-10145.0,-1665.0,1.0,0.0,0.0,1.0,Sales staff,2.0,0
1564,5010573,F,Y,Y,0,120185.01,Working,Higher education,Married,House / apartment,-10238.0,-1732.0,1.0,0.0,0.0,1.0,Sales staff,2.0,0
1565,6153731,F,Y,Y,0,123664.56,Working,Higher education,Married,House / apartment,-10183.0,-1633.0,1.0,0.0,0.0,1.0,Sales staff,2.0,0
1566,5010574,M,Y,Y,1,243584.76,Working,Secondary / secondary special,Married,House / apartment,-10871.0,-1543.0,1.0,0.0,0.0,1.0,Drivers,3.0,0
1567,5010575,M,Y,Y,1,240479.14,Working,Secondary / secondary special,Married,House / apartment,-11025.0,-1594.0,1.0,0.0,0.0,1.0,Drivers,3.0,0
1568,5010578,M,Y,Y,1,251851.63,Working,Secondary / secondary special,Married,House / apartment,-11219.0,-1656.0,1.0,0.0,0.0,1.0,Drivers,3.0,0
1569,5010579,M,Y,Y,1,247568.42,Working,Secondary / secondary special,Married,House / apartment,-11178.0,-1644.0,1.0,0.0,0.0,1.0,Drivers,3.0,0
1570,5010583,F,N,N,1,72823.74,Commercial associate,Higher education,Married,House / apartment,-14301.0,-1923.0,1.0,0.0,0.0,1.0,Accountants,3.0,0
1571,6153747,F,N,N,1,71421.85,Commercial associate,Higher education,Married,House / apartment,-14167.0,-1921.0,1.0,0.0,0.0,1.0,Accountants,3.0,0
1572,5010584,M,Y,N,0,132869.35,Working,Secondary / secondary special,Married,House / apartment,-20511.0,-517.0,1.0,0.0,0.0,0.0,Drivers,2.0,0
1573,5010585,M,Y,N,0,133514.86,Working,Secondary / secondary special,Married,House / apartment,-20687.0,-524.0,1.0,0.0,0.0,0.0,Drivers,2.0,0
1574,5010586,M,Y,Y,1,179950.64,Working,Secondary / secondary special,Married,House / apartment,-16904.0,-3335.0,1.0,0.0,0.0,0.0,Managers,3.0,1
1575,5010587,M,Y,Y,1,177674.88,Working,Secondary / secondary special,Married,House / apartment,-17098.0,-3328.0,1.0,0.0,0.0,0.0,Managers,3.0,1
1576,5010588,M,Y,Y,1,180504.38,Working,Secondary / secondary special,Married,House / apartment,-16744.0,-3357.0,1.0,0.0,0.0,0.0,Managers,3.0,0
1577,5010589,M,Y,Y,1,179787.4,Working,Secondary / secondary special,Married,House / apartment,-16646.0,-3331.0,1.0,0.0,0.0,0.0,Managers,3.0,1
1578,5010590,M,Y,Y,1,185496.46,Working,Secondary / secondary special,Married,House / apartment,-16980.0,-3343.0,1.0,0.0,0.0,0.0,Managers,3.0,1
1579,5010591,M,Y,Y,1,178726.03,Working,Secondary / secondary special,Married,House / apartment,-17147.0,-3341.0,1.0,0.0,0.0,0.0,Managers,3.0,0
1580,5010592,F,N,Y,0,113188.08,Pensioner,Secondary / secondary special,Married,House / apartment,-23169.0,372045.0,1.0,0.0,0.0,0.0,,2.0,0
1581,5010593,F,N,Y,0,115736.08,Pensioner,Secondary / secondary special,Married,House / apartment,-21902.0,373973.0,1.0,0.0,0.0,0.0,,2.0,0
1582,5010594,F,N,Y,0,113194.58,Pensioner,Secondary / secondary special,Married,House / apartment,-23494.0,365138.0,1.0,0.0,0.0,0.0,,2.0,0
1583,5010595,F,N,Y,0,114076.66,Pensioner,Secondary / secondary special,Married,House / apartment,-23069.0,367273.0,1.0,0.0,0.0,0.0,,2.0,0
1584,5010596,F,N,Y,0,112755.75,Pensioner,Secondary / secondary special,Married,House / apartment,-23168.0,364543.0,1.0,0.0,0.0,0.0,,2.0,0
1585,5010597,F,N,Y,0,115506.28,Pensioner,Secondary / secondary special,Married,House / apartment,-23077.0,380000.0,1.0,0.0,0.0,0.0,,2.0,0
1586,5010598,F,N,Y,1,238830.53,Commercial associate,Incomplete higher,Married,House / apartment,-10955.0,-933.0,1.0,0.0,0.0,0.0,Accountants,3.0,0
1587,5090697,F,N,Y,1,238926.0,Commercial associate,Incomplete higher,Married,House / apartment,-10720.0,-923.0,1.0,0.0,0.0,0.0,Accountants,3.0,0
1588,5010599,F,N,Y,2,90252.2,Working,Higher education,Married,House / apartment,-11624.0,-4570.0,1.0,0.0,0.0,0.0,Drivers,4.0,0
1589,5010600,F,N,Y,2,89881.9,Working,Higher education,Married,House / apartment,-12098.0,-4448.0,1.0,0.0,0.0,0.0,Drivers,4.0,0
1590,5010601,F,N,Y,2,88144.08,Working,Higher education,Married,House / apartment,-12020.0,-4534.0,1.0,0.0,0.0,0.0,Drivers,4.0,0
1591,5010602,F,N,Y,2,90376.36,Working,Higher education,Married,House / apartment,-11991.0,-4522.0,1.0,0.0,0.0,0.0,Drivers,4.0,0
1592,5010603,F,N,Y,2,88251.76,Working,Higher education,Married,House / apartment,-11708.0,-4547.0,1.0,0.0,0.0,0.0,Drivers,4.0,0
1593,5010604,F,N,Y,2,88579.48,Working,Higher education,Married,House / apartment,-11658.0,-4437.0,1.0,0.0,0.0,0.0,Drivers,4.0,0
1594,5010605,F,N,Y,2,90004.63,Working,Higher education,Married,House / apartment,-11966.0,-4430.0,1.0,0.0,0.0,0.0,Drivers,4.0,0
1595,5010606,F,N,Y,0,65847.73,Pensioner,Secondary / secondary special,Widow,House / apartment,-19379.0,375851.0,1.0,0.0,1.0,0.0,,1.0,0
1596,5010607,F,N,Y,0,62635.32,Pensioner,Secondary / secondary special,Widow,House / apartment,-20243.0,357211.0,1.0,0.0,1.0,0.0,,1.0,0
1597,5010608,F,N,Y,0,66317.04,Pensioner,Secondary / secondary special,Widow,House / apartment,-19928.0,368627.0,1.0,0.0,1.0,0.0,,1.0,0
1598,5010609,F,N,Y,0,66144.89,Pensioner,Secondary / secondary special,Widow,House / apartment,-19597.0,367416.0,1.0,0.0,1.0,0.0,,1.0,0
1599,5010610,F,N,Y,0,66255.04,Pensioner,Secondary / secondary special,Widow,House / apartment,-20160.0,362177.0,1.0,0.0,1.0,0.0,,1.0,0
1600,6153759,F,N,Y,0,64666.69,Pensioner,Secondary / secondary special,Widow,House / apartment,-19749.0,363808.0,1.0,0.0,1.0,0.0,,1.0,0
1601,6153760,F,N,Y,0,67028.41,Pensioner,Secondary / secondary special,Widow,House / apartment,-19375.0,362870.0,1.0,0.0,1.0,0.0,,1.0,0
1602,5010613,F,N,Y,0,184732.4,Working,Secondary / secondary special,Married,House / apartment,-18360.0,-1205.0,1.0,0.0,0.0,0.0,Cleaning staff,2.0,0
1603,5010615,F,N,Y,0,91287.7,Working,Secondary / secondary special,Civil marriage,House / apartment,-20732.0,-1094.0,1.0,0.0,0.0,0.0,Cleaning staff,2.0,0
1604,5010616,F,N,Y,0,90276.56,Working,Secondary / secondary special,Civil marriage,House / apartment,-21523.0,-1092.0,1.0,0.0,0.0,0.0,Cleaning staff,2.0,0
1605,5010617,F,N,Y,0,92013.52,Working,Secondary / secondary special,Civil marriage,House / apartment,-20895.0,-1105.0,1.0,0.0,0.0,0.0,Cleaning staff,2.0,0
1606,5010620,F,N,Y,0,102592.46,Pensioner,Incomplete higher,Married,House / apartment,-22288.0,362732.0,1.0,0.0,1.0,0.0,,2.0,0
1607,5010621,F,N,Y,0,106413.34,Pensioner,Incomplete higher,Married,House / apartment,-22528.0,364228.0,1.0,0.0,1.0,0.0,,2.0,0
1608,5010622,F,N,Y,0,104413.08,Pensioner,Incomplete higher,Married,House / apartment,-21766.0,363825.0,1.0,0.0,1.0,0.0,,2.0,0
1609,5010623,F,N,Y,0,102158.12,Pensioner,Incomplete higher,Married,House / apartment,-22116.0,354857.0,1.0,0.0,1.0,0.0,,2.0,0
1610,5010624,F,N,Y,0,103972.51,Pensioner,Incomplete higher,Married,House / apartment,-22677.0,356019.0,1.0,0.0,1.0,0.0,,2.0,0
1611,5010625,F,N,Y,0,177879.64,Working,Secondary / secondary special,Single / not married,House / apartment,-19623.0,-2040.0,1.0,0.0,0.0,0.0,,1.0,0
1612,5010626,F,N,Y,0,182871.31,Working,Secondary / secondary special,Single / not married,House / apartment,-19815.0,-1993.0,1.0,0.0,0.0,0.0,,1.0,1
1613,5010627,F,N,Y,0,179102.22,Working,Secondary / secondary special,Single / not married,House / apartment,-19735.0,-2030.0,1.0,0.0,0.0,0.0,,1.0,0
1614,5010629,F,N,Y,0,181398.07,Working,Secondary / secondary special,Single / not married,House / apartment,-19864.0,-2098.0,1.0,0.0,0.0,0.0,,1.0,0
1615,5010630,F,N,Y,0,177498.48,Working,Secondary / secondary special,Single / not married,House / apartment,-19402.0,-2013.0,1.0,0.0,0.0,0.0,,1.0,1
1616,5010632,F,Y,Y,0,181104.09,Working,Secondary / secondary special,Civil marriage,House / apartment,-12270.0,-669.0,1.0,0.0,0.0,0.0,Sales staff,2.0,0
1617,5010633,F,Y,Y,0,177806.56,Working,Secondary / secondary special,Civil marriage,House / apartment,-12080.0,-677.0,1.0,0.0,0.0,0.0,Sales staff,2.0,0
1618,5010635,F,Y,Y,0,179254.86,Working,Secondary / secondary special,Civil marriage,House / apartment,-12939.0,-670.0,1.0,0.0,0.0,0.0,Sales staff,2.0,0
1619,5010636,F,Y,Y,0,179498.85,Working,Secondary / secondary special,Civil marriage,House / apartment,-12031.0,-687.0,1.0,0.0,0.0,0.0,Sales staff,2.0,0
1620,5010637,F,Y,Y,0,176732.35,Working,Secondary / secondary special,Civil marriage,House / apartment,-12242.0,-675.0,1.0,0.0,0.0,0.0,Sales staff,2.0,0
1621,5010638,F,Y,Y,0,181217.04,Working,Secondary / secondary special,Civil marriage,House / apartment,-12529.0,-693.0,1.0,0.0,0.0,0.0,Sales staff,2.0,0
1622,5010639,F,Y,Y,0,183082.31,Working,Secondary / secondary special,Civil marriage,House / apartment,-12514.0,-677.0,1.0,0.0,0.0,0.0,Sales staff,2.0,0
1623,5010640,F,Y,Y,0,185745.27,Working,Secondary / secondary special,Civil marriage,House / apartment,-12409.0,-645.0,1.0,0.0,0.0,0.0,Sales staff,2.0,0
1624,5010641,F,Y,Y,0,181080.86,Working,Secondary / secondary special,Civil marriage,House / apartment,-12733.0,-661.0,1.0,0.0,0.0,0.0,Sales staff,2.0,0
1625,5010642,F,N,N,0,182318.86,Pensioner,Secondary / secondary special,Married,Municipal apartment,-19966.0,375074.0,1.0,0.0,1.0,0.0,,2.0,0
1626,5010643,F,N,N,0,179792.86,Pensioner,Secondary / secondary special,Married,Municipal apartment,-19981.0,359797.0,1.0,0.0,1.0,0.0,,2.0,0
1627,6153785,F,N,N,0,180330.74,Pensioner,Secondary / secondary special,Married,Municipal apartment,-19417.0,370129.0,1.0,0.0,1.0,0.0,,2.0,0
1628,5010644,M,N,Y,0,152267.69,Pensioner,Secondary / secondary special,Married,House / apartment,-18294.0,370056.0,1.0,0.0,0.0,0.0,,2.0,0
1629,5010645,F,Y,Y,2,67210.0,Working,Higher education,Married,House / apartment,-11810.0,-1615.0,1.0,0.0,0.0,0.0,,4.0,0
1630,5010646,F,Y,Y,2,66368.02,Working,Higher education,Married,House / apartment,-11735.0,-1627.0,1.0,0.0,0.0,0.0,,4.0,0
1631,5010647,M,N,N,1,116301.22,Working,Secondary / secondary special,Married,House / apartment,-8869.0,-491.0,1.0,1.0,1.0,0.0,Laborers,3.0,0
1632,5010648,M,N,N,1,111564.25,Working,Secondary / secondary special,Married,House / apartment,-9105.0,-490.0,1.0,1.0,1.0,0.0,Laborers,3.0,0
1633,5010649,M,N,N,1,110173.62,Working,Secondary / secondary special,Married,House / apartment,-8919.0,-504.0,1.0,1.0,1.0,0.0,Laborers,3.0,0
1634,5010650,M,N,N,1,115454.53,Working,Secondary / secondary special,Married,House / apartment,-8893.0,-499.0,1.0,1.0,1.0,0.0,Laborers,3.0,0
1635,5010651,M,N,N,1,109962.59,Working,Secondary / secondary special,Married,House / apartment,-8710.0,-489.0,1.0,1.0,1.0,0.0,Laborers,3.0,0
1636,6153795,M,N,N,1,109527.59,Working,Secondary / secondary special,Married,House / apartment,-8733.0,-496.0,1.0,1.0,1.0,0.0,Laborers,3.0,0
1637,5010652,M,Y,N,0,176793.6,Working,Higher education,Single / not married,House / apartment,-11082.0,-1070.0,1.0,0.0,0.0,0.0,Laborers,1.0,0
1638,5010653,M,Y,Y,2,275621.14,Working,Secondary / secondary special,Married,House / apartment,-13581.0,-4092.0,1.0,0.0,0.0,0.0,Laborers,4.0,0
1639,5010654,M,Y,Y,2,268939.37,Working,Secondary / secondary special,Married,House / apartment,-13479.0,-4126.0,1.0,0.0,0.0,0.0,Laborers,4.0,0
1640,5010655,M,Y,Y,2,272929.54,Working,Secondary / secondary special,Married,House / apartment,-13669.0,-3985.0,1.0,0.0,0.0,0.0,Laborers,4.0,0
1641,5010656,M,Y,Y,2,275100.57,Working,Secondary / secondary special,Married,House / apartment,-13284.0,-4078.0,1.0,0.0,0.0,0.0,Laborers,4.0,0
1642,5010657,M,Y,Y,2,268308.52,Working,Secondary / secondary special,Married,House / apartment,-13855.0,-4149.0,1.0,0.0,0.0,0.0,Laborers,4.0,0
1643,5010658,M,Y,Y,2,269677.45,Working,Secondary / secondary special,Married,House / apartment,-13472.0,-4050.0,1.0,0.0,0.0,0.0,Laborers,4.0,0
1644,5010659,M,Y,Y,2,267947.72,Working,Secondary / secondary special,Married,House / apartment,-13092.0,-4102.0,1.0,0.0,0.0,0.0,Laborers,4.0,0
1645,5010660,M,Y,Y,2,271816.54,Working,Secondary / secondary special,Married,House / apartment,-13305.0,-4084.0,1.0,0.0,0.0,0.0,Laborers,4.0,0
1646,5010661,M,Y,Y,2,263023.81,Working,Secondary / secondary special,Married,House / apartment,-13798.0,-4202.0,1.0,0.0,0.0,0.0,Laborers,4.0,0
1647,5010662,M,Y,Y,2,273539.74,Working,Secondary / secondary special,Married,House / apartment,-12742.0,-4088.0,1.0,0.0,0.0,0.0,Laborers,4.0,0
1648,5010663,M,Y,Y,2,263092.96,Working,Secondary / secondary special,Married,House / apartment,-13646.0,-4052.0,1.0,0.0,0.0,0.0,Laborers,4.0,0
1649,5010664,M,Y,Y,2,273904.94,Working,Secondary / secondary special,Married,House / apartment,-13107.0,-4042.0,1.0,0.0,0.0,0.0,Laborers,4.0,0
1650,5010665,M,Y,Y,0,178171.3,Working,Secondary / secondary special,Married,House / apartment,-16917.0,-2956.0,1.0,0.0,0.0,0.0,Sales staff,2.0,1
1651,5010666,M,Y,Y,0,183105.19,Working,Secondary / secondary special,Married,House / apartment,-17500.0,-3068.0,1.0,0.0,0.0,0.0,Sales staff,2.0,1
1652,5010667,M,Y,Y,0,180578.16,Working,Secondary / secondary special,Married,House / apartment,-17470.0,-2987.0,1.0,0.0,0.0,0.0,Sales staff,2.0,0
1653,5010668,M,Y,Y,0,185160.15,Working,Secondary / secondary special,Married,House / apartment,-16897.0,-3071.0,1.0,0.0,0.0,0.0,Sales staff,2.0,1
1654,5010669,M,Y,Y,0,173777.3,Working,Secondary / secondary special,Married,House / apartment,-17963.0,-2934.0,1.0,0.0,0.0,0.0,Sales staff,2.0,1
1655,5010670,M,Y,Y,0,177449.95,Working,Secondary / secondary special,Married,House / apartment,-17062.0,-2922.0,1.0,0.0,0.0,0.0,Sales staff,2.0,0
1656,5010671,M,Y,Y,0,182012.41,Working,Secondary / secondary special,Married,House / apartment,-17070.0,-2911.0,1.0,0.0,0.0,0.0,Sales staff,2.0,1
1657,5010672,F,N,Y,1,155825.74,Working,Secondary / secondary special,Civil marriage,House / apartment,-15393.0,-8887.0,1.0,0.0,0.0,0.0,,3.0,0
1658,5010673,F,N,Y,1,154533.57,Working,Secondary / secondary special,Civil marriage,House / apartment,-15711.0,-8863.0,1.0,0.0,0.0,0.0,,3.0,0
1659,5010674,F,N,Y,1,154984.49,Working,Secondary / secondary special,Civil marriage,House / apartment,-15200.0,-9033.0,1.0,0.0,0.0,0.0,,3.0,0
1660,6153569,F,N,Y,1,163573.1,Working,Secondary / secondary special,Civil marriage,House / apartment,-15185.0,-8969.0,1.0,0.0,0.0,0.0,,3.0,0
1661,5010675,F,N,Y,2,223789.32,Working,Secondary / secondary special,Civil marriage,House / apartment,-12958.0,-665.0,1.0,0.0,0.0,0.0,Sales staff,4.0,0
1662,5010676,M,Y,Y,0,195228.61,Working,Secondary / secondary special,Married,House / apartment,-21137.0,-836.0,1.0,0.0,0.0,1.0,Security staff,2.0,0
1663,5010677,M,Y,Y,0,185249.64,Working,Secondary / secondary special,Married,House / apartment,-21030.0,-800.0,1.0,0.0,0.0,1.0,Security staff,2.0,0
1664,5010678,M,Y,Y,0,300032.52,Working,Higher education,Married,House / apartment,-10248.0,-2234.0,1.0,0.0,0.0,0.0,Managers,2.0,0
1665,5010679,M,Y,Y,0,280125.51,Working,Higher education,Married,House / apartment,-10424.0,-2248.0,1.0,0.0,0.0,0.0,Managers,2.0,0
1666,5010680,M,Y,Y,0,297339.15,Working,Higher education,Married,House / apartment,-10679.0,-2226.0,1.0,0.0,0.0,0.0,Managers,2.0,0
1667,5010681,M,Y,Y,0,291229.7,Working,Higher education,Married,House / apartment,-10303.0,-2247.0,1.0,0.0,0.0,0.0,Managers,2.0,0
1668,5010682,M,Y,Y,0,291537.69,Working,Higher education,Married,House / apartment,-10093.0,-2325.0,1.0,0.0,0.0,0.0,Managers,2.0,0
1669,5010683,M,Y,Y,0,293638.87,Working,Higher education,Married,House / apartment,-10680.0,-2220.0,1.0,0.0,0.0,0.0,Managers,2.0,0
1670,5010684,M,Y,Y,0,291638.77,Working,Higher education,Married,House / apartment,-9957.0,-2246.0,1.0,0.0,0.0,0.0,Managers,2.0,0
1671,5010685,M,Y,Y,0,299159.27,Working,Higher education,Married,House / apartment,-10306.0,-2274.0,1.0,0.0,0.0,0.0,Managers,2.0,0
1672,5010686,M,Y,Y,0,291999.31,Working,Higher education,Married,House / apartment,-10619.0,-2176.0,1.0,0.0,0.0,0.0,Managers,2.0,0
1673,5010689,M,Y,Y,0,98283.36,Working,Secondary / secondary special,Single / not married,House / apartment,-20698.0,-316.0,1.0,1.0,1.0,1.0,Laborers,1.0,0
1674,5010690,M,Y,Y,0,96112.45,Working,Secondary / secondary special,Single / not married,House / apartment,-20908.0,-320.0,1.0,1.0,1.0,1.0,Laborers,1.0,0
1675,6153623,M,Y,Y,0,101517.73,Working,Secondary / secondary special,Single / not married,House / apartment,-20436.0,-313.0,1.0,1.0,1.0,1.0,Laborers,1.0,0
1676,5010691,M,N,N,0,202840.74,Commercial associate,Incomplete higher,Civil marriage,With parents,-12297.0,-400.0,1.0,0.0,0.0,0.0,,2.0,0
1677,5010692,M,N,N,0,201140.32,Commercial associate,Incomplete higher,Civil marriage,With parents,-12282.0,-411.0,1.0,0.0,0.0,0.0,,2.0,0
1678,5010693,M,N,N,0,202337.09,Commercial associate,Incomplete higher,Civil marriage,With parents,-11807.0,-412.0,1.0,0.0,0.0,0.0,,2.0,0
1679,5010694,M,N,N,0,198063.21,Commercial associate,Incomplete higher,Civil marriage,With parents,-12299.0,-397.0,1.0,0.0,0.0,0.0,,2.0,0
1680,5010696,F,Y,Y,2,290285.5,Commercial associate,Higher education,Married,House / apartment,-13529.0,-2899.0,1.0,0.0,0.0,0.0,Sales staff,4.0,0
1681,5010697,F,Y,Y,2,290621.65,Commercial associate,Higher education,Married,House / apartment,-14143.0,-3078.0,1.0,0.0,0.0,0.0,Sales staff,4.0,0
1682,5010699,F,Y,Y,2,301129.48,Commercial associate,Higher education,Married,House / apartment,-13239.0,-2960.0,1.0,0.0,0.0,0.0,Sales staff,4.0,0
1683,5010700,F,Y,Y,2,291015.02,Commercial associate,Higher education,Married,House / apartment,-13892.0,-3196.0,1.0,0.0,0.0,0.0,Sales staff,4.0,0
1684,5010701,F,Y,Y,2,294859.58,Commercial associate,Higher education,Married,House / apartment,-13671.0,-3048.0,1.0,0.0,0.0,0.0,Sales staff,4.0,0
1685,5010702,F,Y,Y,2,298826.45,Commercial associate,Higher education,Married,House / apartment,-14108.0,-3101.0,1.0,0.0,0.0,0.0,Sales staff,4.0,0
1686,5010703,F,Y,Y,2,290909.55,Commercial associate,Higher education,Married,House / apartment,-14052.0,-3036.0,1.0,0.0,0.0,0.0,Sales staff,4.0,0
1687,5010706,M,Y,N,0,208591.11,Working,Secondary / secondary special,Married,House / apartment,-16402.0,-5169.0,1.0,0.0,1.0,0.0,Drivers,2.0,0
1688,5010707,M,Y,N,0,199168.15,Working,Secondary / secondary special,Married,House / apartment,-15793.0,-5094.0,1.0,0.0,1.0,0.0,Drivers,2.0,1
1689,5010708,M,Y,N,0,204059.65,Working,Secondary / secondary special,Married,House / apartment,-15518.0,-4898.0,1.0,0.0,1.0,0.0,Drivers,2.0,1
1690,6153664,M,Y,N,0,203527.66,Working,Secondary / secondary special,Married,House / apartment,-15566.0,-5072.0,1.0,0.0,1.0,0.0,Drivers,2.0,1
1691,5010709,M,N,Y,2,179523.29,Working,Secondary / secondary special,Married,House / apartment,-13794.0,-6043.0,1.0,1.0,1.0,0.0,Laborers,4.0,0
1692,5010710,M,N,Y,2,177164.42,Working,Secondary / secondary special,Married,House / apartment,-13963.0,-6007.0,1.0,1.0,1.0,0.0,Laborers,4.0,0
1693,5010711,M,N,Y,2,183438.28,Working,Secondary / secondary special,Married,House / apartment,-13455.0,-5752.0,1.0,1.0,1.0,0.0,Laborers,4.0,0
1694,5010713,M,N,Y,2,177805.43,Working,Secondary / secondary special,Married,House / apartment,-13700.0,-6061.0,1.0,1.0,1.0,0.0,Laborers,4.0,0
1695,5010715,F,N,Y,0,132305.39,Working,Secondary / secondary special,Married,House / apartment,-20490.0,-998.0,1.0,0.0,0.0,1.0,High skill tech staff,2.0,0
1696,5010716,F,N,Y,0,134355.1,Working,Secondary / secondary special,Married,House / apartment,-21143.0,-987.0,1.0,0.0,0.0,1.0,High skill tech staff,2.0,0
1697,5010717,F,N,Y,0,132030.96,Working,Secondary / secondary special,Married,House / apartment,-21733.0,-1021.0,1.0,0.0,0.0,1.0,High skill tech staff,2.0,0
1698,5010722,F,N,Y,0,137986.35,Working,Secondary / secondary special,Married,House / apartment,-21578.0,-1008.0,1.0,0.0,0.0,1.0,High skill tech staff,2.0,0
1699,5010724,F,N,Y,0,133916.61,Working,Secondary / secondary special,Married,House / apartment,-21178.0,-976.0,1.0,0.0,0.0,1.0,High skill tech staff,2.0,0
1700,5010725,F,N,Y,0,135177.48,Working,Secondary / secondary special,Married,House / apartment,-20474.0,-980.0,1.0,0.0,0.0,1.0,High skill tech staff,2.0,0
1701,5010726,F,N,Y,0,135953.22,Working,Secondary / secondary special,Married,House / apartment,-21072.0,-997.0,1.0,0.0,0.0,1.0,High skill tech staff,2.0,0
1702,5010727,F,N,Y,0,138672.74,Working,Secondary / secondary special,Married,House / apartment,-21765.0,-997.0,1.0,0.0,0.0,1.0,High skill tech staff,2.0,0
1703,5010728,F,N,Y,0,136936.26,Working,Secondary / secondary special,Married,House / apartment,-22186.0,-1033.0,1.0,0.0,0.0,1.0,High skill tech staff,2.0,0
1704,5010729,F,N,Y,0,137295.39,Working,Secondary / secondary special,Married,House / apartment,-20997.0,-994.0,1.0,0.0,0.0,1.0,High skill tech staff,2.0,0
1705,5010730,F,N,Y,0,135552.38,Working,Secondary / secondary special,Married,House / apartment,-21789.0,-992.0,1.0,0.0,0.0,1.0,High skill tech staff,2.0,0
1706,5010731,F,N,Y,0,132069.11,Working,Secondary / secondary special,Married,House / apartment,-21120.0,-989.0,1.0,0.0,0.0,1.0,High skill tech staff,2.0,0
1707,6153708,F,N,Y,0,136962.29,Working,Secondary / secondary special,Married,House / apartment,-21357.0,-977.0,1.0,0.0,0.0,1.0,High skill tech staff,2.0,0
1708,5010734,F,N,Y,0,159728.91,Working,Secondary / secondary special,Civil marriage,House / apartment,-11743.0,-4920.0,1.0,1.0,0.0,0.0,Waiters/barmen staff,2.0,0
1709,5010735,F,N,Y,0,154310.47,Working,Secondary / secondary special,Civil marriage,House / apartment,-11574.0,-5049.0,1.0,1.0,0.0,0.0,Waiters/barmen staff,2.0,0
1710,5010737,F,N,Y,0,161483.01,Working,Secondary / secondary special,Civil marriage,House / apartment,-11583.0,-5165.0,1.0,1.0,0.0,0.0,Waiters/barmen staff,2.0,0
1711,5010739,F,N,Y,0,152263.04,Working,Secondary / secondary special,Civil marriage,House / apartment,-11614.0,-5186.0,1.0,1.0,0.0,0.0,Waiters/barmen staff,2.0,0
1712,5010740,F,N,Y,0,154122.32,Working,Secondary / secondary special,Civil marriage,House / apartment,-11839.0,-4982.0,1.0,1.0,0.0,0.0,Waiters/barmen staff,2.0,0
1713,5010741,F,N,Y,0,156185.63,Working,Secondary / secondary special,Civil marriage,House / apartment,-11984.0,-5221.0,1.0,1.0,0.0,0.0,Waiters/barmen staff,2.0,0
1714,5010742,F,N,Y,0,161199.03,Working,Secondary / secondary special,Civil marriage,House / apartment,-12052.0,-5188.0,1.0,1.0,0.0,0.0,Waiters/barmen staff,2.0,0
1715,5010743,M,Y,Y,0,156120.14,Working,Secondary / secondary special,Married,House / apartment,-21292.0,-10461.0,1.0,1.0,1.0,0.0,Core staff,2.0,0
1716,5010745,M,Y,Y,0,158491.93,Working,Secondary / secondary special,Married,House / apartment,-21678.0,-10291.0,1.0,1.0,1.0,0.0,Core staff,2.0,0
1717,5010746,M,Y,Y,0,156457.99,Working,Secondary / secondary special,Married,House / apartment,-22750.0,-10117.0,1.0,1.0,1.0,0.0,Core staff,2.0,0
1718,5010747,M,Y,Y,0,154727.11,Working,Secondary / secondary special,Married,House / apartment,-21887.0,-10061.0,1.0,1.0,1.0,0.0,Core staff,2.0,0
1719,6153748,M,Y,Y,0,158322.8,Working,Secondary / secondary special,Married,House / apartment,-21952.0,-10038.0,1.0,1.0,1.0,0.0,Core staff,2.0,0
1720,5010750,F,Y,Y,0,66005.76,Pensioner,Incomplete higher,Married,House / apartment,-21552.0,375060.0,1.0,0.0,1.0,0.0,,2.0,0
1721,5010751,F,Y,Y,0,67250.08,Pensioner,Incomplete higher,Married,House / apartment,-21956.0,363249.0,1.0,0.0,1.0,0.0,,2.0,0
1722,5010752,F,Y,Y,0,66552.6,Pensioner,Incomplete higher,Married,House / apartment,-21464.0,372187.0,1.0,0.0,1.0,0.0,,2.0,0
1723,5010754,F,Y,Y,0,66790.32,Pensioner,Incomplete higher,Married,House / apartment,-21778.0,372410.0,1.0,0.0,1.0,0.0,,2.0,0
1724,5010755,F,Y,Y,0,65488.99,Pensioner,Incomplete higher,Married,House / apartment,-21926.0,366720.0,1.0,0.0,1.0,0.0,,2.0,0
1725,6153749,F,Y,Y,0,67408.52,Pensioner,Incomplete higher,Married,House / apartment,-21626.0,359486.0,1.0,0.0,1.0,0.0,,2.0,0
1726,6153750,F,Y,Y,0,69276.81,Pensioner,Incomplete higher,Married,House / apartment,-21299.0,372921.0,1.0,0.0,1.0,0.0,,2.0,0
1727,5010758,F,N,Y,0,164888.59,Pensioner,Secondary / secondary special,Married,House / apartment,-22270.0,357734.0,1.0,0.0,0.0,0.0,,2.0,0
1728,5010759,F,N,Y,0,161613.82,Pensioner,Secondary / secondary special,Married,House / apartment,-21998.0,365238.0,1.0,0.0,0.0,0.0,,2.0,0
1729,6153751,F,N,Y,0,164862.77,Pensioner,Secondary / secondary special,Married,House / apartment,-22082.0,375584.0,1.0,0.0,0.0,0.0,,2.0,0
1730,5010760,F,Y,Y,1,113053.28,Working,Higher education,Single / not married,House / apartment,-14134.0,-334.0,1.0,0.0,0.0,0.0,Cooking staff,2.0,0
1731,5010761,F,Y,Y,1,114312.11,Working,Higher education,Single / not married,House / apartment,-13949.0,-338.0,1.0,0.0,0.0,0.0,Cooking staff,2.0,0
1732,5010762,F,Y,Y,1,117374.62,Working,Higher education,Single / not married,House / apartment,-13938.0,-343.0,1.0,0.0,0.0,0.0,Cooking staff,2.0,0
1733,5010763,F,Y,Y,1,116995.79,Working,Higher education,Single / not married,House / apartment,-13828.0,-349.0,1.0,0.0,0.0,0.0,Cooking staff,2.0,0
1734,5010764,M,N,Y,0,137361.73,Working,Secondary / secondary special,Single / not married,House / apartment,-11080.0,-4332.0,1.0,1.0,1.0,0.0,Laborers,1.0,0
1735,5010765,M,N,Y,0,139676.01,Working,Secondary / secondary special,Single / not married,House / apartment,-11005.0,-4365.0,1.0,1.0,1.0,0.0,Laborers,1.0,0
1736,5010766,M,N,Y,0,137554.71,Working,Secondary / secondary special,Single / not married,House / apartment,-11097.0,-4446.0,1.0,1.0,1.0,0.0,Laborers,1.0,0
1737,5010767,M,N,Y,0,134455.14,Working,Secondary / secondary special,Single / not married,House / apartment,-11196.0,-4386.0,1.0,1.0,1.0,0.0,Laborers,1.0,0
1738,5010768,M,N,Y,0,135161.7,Working,Secondary / secondary special,Single / not married,House / apartment,-11058.0,-4244.0,1.0,1.0,1.0,0.0,Laborers,1.0,0
1739,5010769,M,N,Y,0,133006.95,Working,Secondary / secondary special,Single / not married,House / apartment,-11051.0,-4268.0,1.0,1.0,1.0,0.0,Laborers,1.0,0
1740,5010770,M,N,Y,0,128511.07,Working,Secondary / secondary special,Single / not married,House / apartment,-10864.0,-4363.0,1.0,1.0,1.0,0.0,Laborers,1.0,0
1741,5010771,M,N,Y,0,135046.1,Working,Secondary / secondary special,Single / not married,House / apartment,-11079.0,-4231.0,1.0,1.0,1.0,0.0,Laborers,1.0,0
1742,5010772,F,N,N,0,354777.17,Working,Secondary / secondary special,Married,House / apartment,-15620.0,-3532.0,1.0,0.0,0.0,0.0,,2.0,0
1743,5010773,F,N,Y,0,141238.34,Working,Higher education,Married,With parents,-14343.0,-4599.0,1.0,0.0,0.0,0.0,Sales staff,2.0,0
1744,5010774,F,N,Y,0,136580.67,Working,Higher education,Married,With parents,-14896.0,-4635.0,1.0,0.0,0.0,0.0,Sales staff,2.0,0
1745,5010775,F,N,Y,0,133809.78,Working,Higher education,Married,With parents,-14764.0,-4663.0,1.0,0.0,0.0,0.0,Sales staff,2.0,0
1746,5010779,F,Y,Y,1,151880.04,Commercial associate,Higher education,Married,House / apartment,-15020.0,-2202.0,1.0,0.0,0.0,1.0,Core staff,3.0,0
1747,5010781,F,Y,Y,1,157570.69,Commercial associate,Higher education,Married,House / apartment,-14558.0,-2250.0,1.0,0.0,0.0,1.0,Core staff,3.0,0
1748,5010782,F,Y,Y,1,153433.6,Commercial associate,Higher education,Married,House / apartment,-14234.0,-2176.0,1.0,0.0,0.0,1.0,Core staff,3.0,0
1749,5010783,F,N,Y,0,166689.94,Pensioner,Higher education,Married,House / apartment,-24032.0,361424.0,1.0,0.0,0.0,0.0,,2.0,0
1750,6153765,F,N,Y,0,169931.58,Pensioner,Higher education,Married,House / apartment,-23649.0,368648.0,1.0,0.0,0.0,0.0,,2.0,0
1751,5010785,M,N,N,0,333513.98,Working,Higher education,Married,House / apartment,-17050.0,-4443.0,1.0,0.0,0.0,1.0,Managers,2.0,0
1752,5010786,M,N,N,0,335083.14,Working,Higher education,Married,House / apartment,-15722.0,-4518.0,1.0,0.0,0.0,1.0,Managers,2.0,0
1753,5010787,M,N,N,0,337526.65,Working,Higher education,Married,House / apartment,-17286.0,-4482.0,1.0,0.0,0.0,1.0,Managers,2.0,1
1754,6153766,M,N,N,0,331342.64,Working,Higher education,Married,House / apartment,-16829.0,-4396.0,1.0,0.0,0.0,1.0,Managers,2.0,1
1755,6153767,M,N,N,0,337810.78,Working,Higher education,Married,House / apartment,-17114.0,-4708.0,1.0,0.0,0.0,1.0,Managers,2.0,1
1756,5010789,F,N,Y,1,98861.38,Working,Secondary / secondary special,Married,Municipal apartment,-11192.0,-2794.0,1.0,0.0,0.0,0.0,Laborers,3.0,0
1757,5010790,F,N,Y,1,100242.9,Working,Secondary / secondary special,Married,Municipal apartment,-10717.0,-2739.0,1.0,0.0,0.0,0.0,Laborers,3.0,0
1758,5010791,F,N,Y,1,101235.12,Working,Secondary / secondary special,Married,Municipal apartment,-11330.0,-2783.0,1.0,0.0,0.0,0.0,Laborers,3.0,0
1759,5010792,F,N,Y,1,97498.95,Working,Secondary / secondary special,Married,Municipal apartment,-11006.0,-2760.0,1.0,0.0,0.0,0.0,Laborers,3.0,0
1760,5010793,F,N,Y,1,98678.69,Working,Secondary / secondary special,Married,Municipal apartment,-11145.0,-2823.0,1.0,0.0,0.0,0.0,Laborers,3.0,0
1761,5010794,F,N,Y,1,96046.73,Working,Secondary / secondary special,Married,Municipal apartment,-11402.0,-2749.0,1.0,0.0,0.0,0.0,Laborers,3.0,0
1762,5010795,F,N,N,0,44848.27,State servant,Secondary / secondary special,Married,House / apartment,-13952.0,-5233.0,1.0,1.0,1.0,0.0,Medicine staff,2.0,0
1763,5010796,F,N,N,0,45201.97,State servant,Secondary / secondary special,Married,House / apartment,-14245.0,-5366.0,1.0,1.0,1.0,0.0,Medicine staff,2.0,0
1764,5010797,F,N,Y,0,271456.84,Working,Secondary / secondary special,Married,Municipal apartment,-15614.0,-805.0,1.0,0.0,0.0,1.0,Security staff,2.0,0
1765,5010798,F,N,Y,0,270297.04,Working,Secondary / secondary special,Married,Municipal apartment,-15628.0,-770.0,1.0,0.0,0.0,1.0,Security staff,2.0,0
1766,5010799,F,N,Y,0,272083.53,Working,Secondary / secondary special,Married,Municipal apartment,-14959.0,-772.0,1.0,0.0,0.0,1.0,Security staff,2.0,0
1767,5010800,F,N,Y,0,273327.0,Working,Secondary / secondary special,Married,Municipal apartment,-15173.0,-777.0,1.0,0.0,0.0,1.0,Security staff,2.0,0
1768,5010801,F,N,Y,0,266292.46,Working,Secondary / secondary special,Married,Municipal apartment,-15097.0,-769.0,1.0,0.0,0.0,1.0,Security staff,2.0,0
1769,5010802,F,N,Y,0,259861.1,Working,Secondary / secondary special,Married,Municipal apartment,-15263.0,-765.0,1.0,0.0,0.0,1.0,Security staff,2.0,0
1770,5010803,F,N,Y,0,266407.93,Working,Secondary / secondary special,Married,Municipal apartment,-15961.0,-754.0,1.0,0.0,0.0,1.0,Security staff,2.0,0
1771,6153786,F,N,Y,0,273168.96,Working,Secondary / secondary special,Married,Municipal apartment,-15112.0,-785.0,1.0,0.0,0.0,1.0,Security staff,2.0,0
1772,5010804,F,N,Y,1,135149.1,Working,Higher education,Married,House / apartment,-13913.0,-609.0,1.0,0.0,0.0,0.0,Accountants,3.0,0
1773,5010805,F,N,Y,1,135055.9,Working,Higher education,Married,House / apartment,-13876.0,-608.0,1.0,0.0,0.0,0.0,Accountants,3.0,0
1774,5010806,F,N,Y,1,134108.39,Working,Higher education,Married,House / apartment,-14230.0,-602.0,1.0,0.0,0.0,0.0,Accountants,3.0,0
1775,5010807,F,N,Y,1,135986.92,Working,Higher education,Married,House / apartment,-14314.0,-615.0,1.0,0.0,0.0,0.0,Accountants,3.0,0
1776,5010808,F,N,Y,1,131823.77,Working,Higher education,Married,House / apartment,-13573.0,-615.0,1.0,0.0,0.0,0.0,Accountants,3.0,0
1777,5010809,F,N,Y,1,136701.32,Working,Higher education,Married,House / apartment,-13749.0,-631.0,1.0,0.0,0.0,0.0,Accountants,3.0,0
1778,5010810,F,N,Y,1,136047.24,Working,Higher education,Married,House / apartment,-13831.0,-613.0,1.0,0.0,0.0,0.0,Accountants,3.0,0
1779,5010811,F,N,Y,1,138584.52,Working,Higher education,Married,House / apartment,-14166.0,-608.0,1.0,0.0,0.0,0.0,Accountants,3.0,0
1780,5010812,F,N,Y,1,136574.93,Working,Higher education,Married,House / apartment,-14119.0,-608.0,1.0,0.0,0.0,0.0,Accountants,3.0,0
1781,5010813,F,N,Y,2,68322.4,Commercial associate,Secondary / secondary special,Married,House / apartment,-15125.0,-3091.0,1.0,1.0,0.0,1.0,Sales staff,4.0,0
1782,5010814,F,N,Y,2,68100.36,Commercial associate,Secondary / secondary special,Married,House / apartment,-14262.0,-3070.0,1.0,1.0,0.0,1.0,Sales staff,4.0,0
1783,5010815,F,N,Y,2,67370.27,Commercial associate,Secondary / secondary special,Married,House / apartment,-15291.0,-3223.0,1.0,1.0,0.0,1.0,Sales staff,4.0,0
1784,5010817,F,N,Y,2,68012.78,Commercial associate,Secondary / secondary special,Married,House / apartment,-15262.0,-3151.0,1.0,1.0,0.0,1.0,Sales staff,4.0,0
1785,5010818,F,N,Y,2,68044.38,Commercial associate,Secondary / secondary special,Married,House / apartment,-15479.0,-3200.0,1.0,1.0,0.0,1.0,Sales staff,4.0,0
1786,6153796,F,N,Y,2,68870.71,Commercial associate,Secondary / secondary special,Married,House / apartment,-15281.0,-3219.0,1.0,1.0,0.0,1.0,Sales staff,4.0,0
1787,5010819,F,Y,Y,0,276007.05,Working,Secondary / secondary special,Married,House / apartment,-12853.0,-1657.0,1.0,0.0,0.0,0.0,High skill tech staff,2.0,0
1788,5010820,F,Y,Y,0,267034.4,Working,Secondary / secondary special,Married,House / apartment,-13054.0,-1668.0,1.0,0.0,0.0,0.0,High skill tech staff,2.0,0
1789,5010821,F,Y,Y,0,265538.8,Working,Secondary / secondary special,Married,House / apartment,-13047.0,-1647.0,1.0,0.0,0.0,0.0,High skill tech staff,2.0,0
1790,5010822,F,Y,Y,0,273166.24,Working,Secondary / secondary special,Married,House / apartment,-13120.0,-1677.0,1.0,0.0,0.0,0.0,High skill tech staff,2.0,0
1791,5010823,F,Y,Y,0,280665.63,Working,Secondary / secondary special,Married,House / apartment,-13629.0,-1672.0,1.0,0.0,0.0,0.0,High skill tech staff,2.0,0
1792,5010824,F,Y,Y,0,266956.86,Working,Secondary / secondary special,Married,House / apartment,-13348.0,-1637.0,1.0,0.0,0.0,0.0,High skill tech staff,2.0,0
1793,5010825,F,Y,Y,0,267575.34,Working,Secondary / secondary special,Married,House / apartment,-13634.0,-1595.0,1.0,0.0,0.0,0.0,High skill tech staff,2.0,0
1794,5010826,F,Y,Y,0,267234.14,Working,Secondary / secondary special,Married,House / apartment,-13366.0,-1646.0,1.0,0.0,0.0,0.0,High skill tech staff,2.0,0
1795,5010827,F,Y,Y,0,268321.26,Working,Secondary / secondary special,Married,House / apartment,-12883.0,-1621.0,1.0,0.0,0.0,0.0,High skill tech staff,2.0,0
1796,5010828,F,Y,Y,0,263560.46,Working,Secondary / secondary special,Married,House / apartment,-13622.0,-1648.0,1.0,0.0,0.0,0.0,High skill tech staff,2.0,0
1797,5010829,F,Y,Y,0,265178.84,Working,Secondary / secondary special,Married,House / apartment,-13587.0,-1685.0,1.0,0.0,0.0,0.0,High skill tech staff,2.0,0
1798,5010830,F,Y,Y,0,270159.38,Working,Secondary / secondary special,Married,House / apartment,-13166.0,-1677.0,1.0,0.0,0.0,0.0,High skill tech staff,2.0,0
1799,5010831,F,Y,Y,0,274265.97,Working,Secondary / secondary special,Married,House / apartment,-13028.0,-1640.0,1.0,0.0,0.0,0.0,High skill tech staff,2.0,0
1800,5010832,F,Y,Y,0,263249.95,Working,Secondary / secondary special,Married,House / apartment,-13104.0,-1729.0,1.0,0.0,0.0,0.0,High skill tech staff,2.0,0
1801,5010835,M,Y,Y,2,142118.55,Working,Secondary / secondary special,Married,House / apartment,-17610.0,-5703.0,1.0,1.0,0.0,0.0,Drivers,4.0,0
1802,5010836,F,N,Y,0,84761.6,Commercial associate,Secondary / secondary special,Married,House / apartment,-19026.0,-2674.0,1.0,0.0,0.0,0.0,Laborers,2.0,0
1803,5010837,F,N,Y,0,91008.59,Commercial associate,Secondary / secondary special,Married,House / apartment,-18978.0,-2655.0,1.0,0.0,0.0,0.0,Laborers,2.0,0
1804,5010840,F,N,Y,1,183788.62,Working,Secondary / secondary special,Married,House / apartment,-11000.0,-956.0,1.0,0.0,0.0,0.0,Cleaning staff,3.0,0
1805,5010841,F,Y,Y,0,110631.93,Pensioner,Higher education,Married,House / apartment,-21840.0,359661.0,1.0,0.0,0.0,0.0,,2.0,0
1806,5010842,F,Y,Y,0,113843.96,Pensioner,Higher education,Married,House / apartment,-22879.0,363023.0,1.0,0.0,0.0,0.0,,2.0,0
1807,5010843,F,Y,Y,0,161018.47,Working,Higher education,Married,House / apartment,-11621.0,-736.0,1.0,0.0,0.0,1.0,Sales staff,2.0,0
1808,5010844,F,Y,Y,0,159526.85,Working,Higher education,Married,House / apartment,-11742.0,-731.0,1.0,0.0,0.0,1.0,Sales staff,2.0,0
1809,5010847,F,Y,Y,0,161277.43,Working,Higher education,Married,House / apartment,-12048.0,-747.0,1.0,0.0,0.0,1.0,Sales staff,2.0,0
1810,5010848,F,N,Y,0,55178.12,Pensioner,Lower secondary,Married,House / apartment,-22261.0,356623.0,1.0,0.0,0.0,0.0,,2.0,0
1811,5010849,F,N,Y,0,57497.33,Pensioner,Lower secondary,Married,House / apartment,-22375.0,364808.0,1.0,0.0,0.0,0.0,,2.0,0
1812,5010850,F,N,Y,1,88310.48,Working,Secondary / secondary special,Married,House / apartment,-17356.0,-7163.0,1.0,0.0,0.0,1.0,,3.0,0
1813,5010854,F,N,Y,1,91556.0,Working,Secondary / secondary special,Married,House / apartment,-17859.0,-7295.0,1.0,0.0,0.0,1.0,,3.0,0
1814,5010855,F,N,Y,1,88286.71,Working,Secondary / secondary special,Married,House / apartment,-17905.0,-7147.0,1.0,0.0,0.0,1.0,,3.0,0
1815,6153602,F,N,Y,1,88390.47,Working,Secondary / secondary special,Married,House / apartment,-18393.0,-7100.0,1.0,0.0,0.0,1.0,,3.0,0
1816,5010856,F,N,Y,0,157195.82,Commercial associate,Secondary / secondary special,Married,House / apartment,-17073.0,-1027.0,1.0,0.0,0.0,0.0,Security staff,2.0,0
1817,5010857,F,N,Y,0,157172.39,Commercial associate,Secondary / secondary special,Married,House / apartment,-16096.0,-1035.0,1.0,0.0,0.0,0.0,Security staff,2.0,0
1818,5010858,F,N,Y,0,159172.4,Commercial associate,Secondary / secondary special,Married,House / apartment,-16569.0,-1055.0,1.0,0.0,0.0,0.0,Security staff,2.0,0
1819,5010859,F,N,Y,0,152650.65,Commercial associate,Secondary / secondary special,Married,House / apartment,-16318.0,-1050.0,1.0,0.0,0.0,0.0,Security staff,2.0,0
1820,5010860,F,N,Y,0,157642.35,Commercial associate,Secondary / secondary special,Married,House / apartment,-17047.0,-1020.0,1.0,0.0,0.0,0.0,Security staff,2.0,0
1821,5090783,F,N,Y,0,158541.57,Commercial associate,Secondary / secondary special,Married,House / apartment,-16534.0,-1047.0,1.0,0.0,0.0,0.0,Security staff,2.0,0
1822,5010861,F,Y,Y,1,112618.58,Working,Secondary / secondary special,Married,House / apartment,-14431.0,-1076.0,1.0,0.0,0.0,0.0,Sales staff,3.0,0
1823,5010862,M,Y,Y,1,462085.07,Commercial associate,Secondary / secondary special,Married,House / apartment,-18329.0,-662.0,1.0,0.0,1.0,1.0,Core staff,3.0,0
1824,5010863,M,Y,Y,1,450883.53,Commercial associate,Secondary / secondary special,Married,House / apartment,-18829.0,-666.0,1.0,0.0,1.0,1.0,Core staff,3.0,0
1825,5010864,M,Y,Y,1,447549.6,Commercial associate,Secondary / secondary special,Married,House / apartment,-17322.0,-677.0,1.0,0.0,1.0,1.0,Core staff,3.0,0
1826,5010865,M,Y,Y,1,448284.35,Commercial associate,Secondary / secondary special,Married,House / apartment,-17680.0,-673.0,1.0,0.0,1.0,1.0,Core staff,3.0,0
1827,5010866,M,Y,Y,1,443965.32,Commercial associate,Secondary / secondary special,Married,House / apartment,-18701.0,-678.0,1.0,0.0,1.0,1.0,Core staff,3.0,0
1828,5010870,M,Y,Y,1,441726.09,Commercial associate,Secondary / secondary special,Married,House / apartment,-18168.0,-674.0,1.0,0.0,1.0,1.0,Core staff,3.0,0
1829,5010871,M,Y,Y,1,450080.46,Commercial associate,Secondary / secondary special,Married,House / apartment,-18559.0,-673.0,1.0,0.0,1.0,1.0,Core staff,3.0,0
1830,5010872,M,Y,Y,1,451673.3,Commercial associate,Secondary / secondary special,Married,House / apartment,-18418.0,-672.0,1.0,0.0,1.0,1.0,Core staff,3.0,0
1831,5010873,M,Y,Y,1,454874.3,Commercial associate,Secondary / secondary special,Married,House / apartment,-18065.0,-688.0,1.0,0.0,1.0,1.0,Core staff,3.0,0
1832,5010874,F,N,Y,0,44422.85,Pensioner,Secondary / secondary special,Married,House / apartment,-20897.0,366609.0,1.0,0.0,1.0,0.0,,2.0,0
1833,5010875,F,N,Y,0,45062.74,Pensioner,Secondary / secondary special,Married,House / apartment,-20881.0,375631.0,1.0,0.0,1.0,0.0,,2.0,0
1834,5010876,F,N,Y,0,44929.72,Pensioner,Secondary / secondary special,Married,House / apartment,-20816.0,364262.0,1.0,0.0,1.0,0.0,,2.0,0
1835,5010877,F,N,Y,0,46143.12,Pensioner,Secondary / secondary special,Married,House / apartment,-20831.0,361586.0,1.0,0.0,1.0,0.0,,2.0,0
1836,5010878,F,N,Y,0,44958.61,Pensioner,Secondary / secondary special,Married,House / apartment,-21238.0,363117.0,1.0,0.0,1.0,0.0,,2.0,0
1837,5010879,F,N,Y,0,45175.75,Pensioner,Secondary / secondary special,Married,House / apartment,-20902.0,362939.0,1.0,0.0,1.0,0.0,,2.0,0
1838,5010880,F,N,Y,0,44787.78,Pensioner,Secondary / secondary special,Married,House / apartment,-20969.0,375205.0,1.0,0.0,1.0,0.0,,2.0,0
1839,5010881,F,N,Y,0,44937.55,Pensioner,Secondary / secondary special,Married,House / apartment,-21052.0,358022.0,1.0,0.0,1.0,0.0,,2.0,0
1840,5010883,F,N,Y,1,267707.08,Working,Secondary / secondary special,Married,House / apartment,-10004.0,-689.0,1.0,0.0,0.0,0.0,Managers,3.0,0
1841,5010886,F,N,Y,0,152150.8,Pensioner,Secondary / secondary special,Married,House / apartment,-23421.0,366922.0,1.0,0.0,0.0,1.0,,2.0,0
1842,5010887,F,N,Y,0,150365.28,Pensioner,Secondary / secondary special,Married,House / apartment,-23153.0,365027.0,1.0,0.0,0.0,1.0,,2.0,0
1843,5010888,F,N,Y,0,152229.23,Pensioner,Secondary / secondary special,Married,House / apartment,-23433.0,380390.0,1.0,0.0,0.0,1.0,,2.0,0
1844,5010890,F,N,Y,0,155788.42,Pensioner,Secondary / secondary special,Married,House / apartment,-24013.0,356370.0,1.0,0.0,0.0,1.0,,2.0,0
1845,5010891,F,N,Y,0,157709.95,Pensioner,Secondary / secondary special,Married,House / apartment,-22735.0,359425.0,1.0,0.0,0.0,1.0,,2.0,0
1846,5010892,F,N,Y,0,160102.22,Pensioner,Secondary / secondary special,Married,House / apartment,-23979.0,361391.0,1.0,0.0,0.0,1.0,,2.0,0
1847,5010893,F,N,Y,0,156410.29,Pensioner,Secondary / secondary special,Married,House / apartment,-23691.0,365518.0,1.0,0.0,0.0,1.0,,2.0,0
1848,6153666,F,N,Y,0,161586.93,Pensioner,Secondary / secondary special,Married,House / apartment,-24504.0,359146.0,1.0,0.0,0.0,1.0,,2.0,0
1849,5010897,M,Y,Y,0,111593.23,Working,Secondary / secondary special,Married,House / apartment,-22824.0,-856.0,1.0,0.0,1.0,1.0,Low-skill Laborers,2.0,0
1850,5010898,M,Y,Y,0,115383.96,Working,Secondary / secondary special,Married,House / apartment,-22331.0,-871.0,1.0,0.0,1.0,1.0,Low-skill Laborers,2.0,0
1851,5010899,M,Y,Y,0,111575.37,Working,Secondary / secondary special,Married,House / apartment,-23297.0,-868.0,1.0,0.0,1.0,1.0,Low-skill Laborers,2.0,0
1852,5010900,M,Y,Y,0,109206.72,Working,Secondary / secondary special,Married,House / apartment,-22189.0,-871.0,1.0,0.0,1.0,1.0,Low-skill Laborers,2.0,0
1853,5010902,F,N,Y,1,365099.46,Working,Secondary / secondary special,Married,House / apartment,-10387.0,-1377.0,1.0,0.0,0.0,0.0,Managers,3.0,0
1854,5010903,F,N,Y,1,383500.5,Working,Secondary / secondary special,Married,House / apartment,-10550.0,-1406.0,1.0,0.0,0.0,0.0,Managers,3.0,0
1855,5010904,F,N,Y,1,356816.12,Working,Secondary / secondary special,Married,House / apartment,-10373.0,-1382.0,1.0,0.0,0.0,0.0,Managers,3.0,0
1856,5010906,F,N,Y,1,361053.57,Working,Secondary / secondary special,Married,House / apartment,-10295.0,-1335.0,1.0,0.0,0.0,0.0,Managers,3.0,0
1857,6153687,F,N,Y,1,356397.83,Working,Secondary / secondary special,Married,House / apartment,-10412.0,-1401.0,1.0,0.0,0.0,0.0,Managers,3.0,0
1858,5010908,F,Y,Y,0,80747.04,Pensioner,Higher education,Married,House / apartment,-20581.0,362982.0,1.0,0.0,0.0,0.0,,2.0,0
1859,5010910,F,Y,Y,0,79330.41,Pensioner,Higher education,Married,House / apartment,-20006.0,362785.0,1.0,0.0,0.0,0.0,,2.0,0
1860,5010913,F,Y,Y,0,82513.83,Pensioner,Higher education,Married,House / apartment,-20516.0,362029.0,1.0,0.0,0.0,0.0,,2.0,0
1861,6153688,F,Y,Y,0,79696.2,Pensioner,Higher education,Married,House / apartment,-20440.0,368298.0,1.0,0.0,0.0,0.0,,2.0,0
1862,6153690,F,Y,Y,0,79457.88,Pensioner,Higher education,Married,House / apartment,-19897.0,362772.0,1.0,0.0,0.0,0.0,,2.0,0
1863,5010916,M,Y,Y,0,248749.78,Commercial associate,Secondary / secondary special,Married,House / apartment,-13542.0,-2532.0,1.0,0.0,1.0,0.0,Laborers,2.0,0
1864,5010917,M,Y,Y,0,242121.8,Commercial associate,Secondary / secondary special,Married,House / apartment,-13905.0,-2441.0,1.0,0.0,1.0,0.0,Laborers,2.0,0
1865,5010918,M,Y,Y,0,236171.7,Commercial associate,Secondary / secondary special,Married,House / apartment,-13258.0,-2574.0,1.0,0.0,1.0,0.0,Laborers,2.0,0
1866,5010919,M,Y,Y,0,244782.03,Commercial associate,Secondary / secondary special,Married,House / apartment,-13363.0,-2445.0,1.0,0.0,1.0,0.0,Laborers,2.0,0
1867,5010921,F,N,N,0,95976.5,Working,Secondary / secondary special,Widow,Rented apartment,-22937.0,-827.0,1.0,0.0,0.0,1.0,Sales staff,1.0,0
1868,5010923,F,N,N,0,96234.99,Working,Secondary / secondary special,Widow,Rented apartment,-22473.0,-824.0,1.0,0.0,0.0,1.0,Sales staff,1.0,0
1869,5010924,F,Y,Y,2,269657.55,Working,Secondary / secondary special,Civil marriage,House / apartment,-12315.0,-507.0,1.0,0.0,0.0,1.0,Core staff,4.0,0
1870,5010925,F,Y,Y,2,274276.28,Working,Secondary / secondary special,Civil marriage,House / apartment,-12746.0,-513.0,1.0,0.0,0.0,1.0,Core staff,4.0,0
1871,5010926,F,Y,Y,2,268502.26,Working,Secondary / secondary special,Civil marriage,House / apartment,-12538.0,-542.0,1.0,0.0,0.0,1.0,Core staff,4.0,0
1872,5010927,F,Y,Y,2,276597.43,Working,Secondary / secondary special,Civil marriage,House / apartment,-12583.0,-528.0,1.0,0.0,0.0,1.0,Core staff,4.0,0
1873,5010928,F,Y,Y,2,267813.63,Working,Secondary / secondary special,Civil marriage,House / apartment,-12999.0,-535.0,1.0,0.0,0.0,1.0,Core staff,4.0,0
1874,5010929,F,Y,Y,2,262551.2,Working,Secondary / secondary special,Civil marriage,House / apartment,-12691.0,-522.0,1.0,0.0,0.0,1.0,Core staff,4.0,0
1875,5010930,F,Y,Y,2,267971.27,Working,Secondary / secondary special,Civil marriage,House / apartment,-12210.0,-533.0,1.0,0.0,0.0,1.0,Core staff,4.0,0
1876,5010931,F,Y,Y,2,262124.19,Working,Secondary / secondary special,Civil marriage,House / apartment,-12441.0,-535.0,1.0,0.0,0.0,1.0,Core staff,4.0,0
1877,5010932,F,Y,Y,2,270813.8,Working,Secondary / secondary special,Civil marriage,House / apartment,-12863.0,-544.0,1.0,0.0,0.0,1.0,Core staff,4.0,0
1878,5010934,F,N,N,0,134745.91,Working,Secondary / secondary special,Single / not married,House / apartment,-16738.0,-6660.0,1.0,0.0,0.0,0.0,,1.0,0
1879,5010935,F,N,N,0,131571.91,Working,Secondary / secondary special,Single / not married,House / apartment,-16972.0,-6417.0,1.0,0.0,0.0,0.0,,1.0,0
1880,5010936,F,N,N,0,140512.55,Working,Secondary / secondary special,Single / not married,House / apartment,-16235.0,-6632.0,1.0,0.0,0.0,0.0,,1.0,0
1881,5010937,F,N,N,0,132980.72,Working,Secondary / secondary special,Single / not married,House / apartment,-17133.0,-6447.0,1.0,0.0,0.0,0.0,,1.0,0
1882,5010938,F,N,N,0,138346.26,Working,Secondary / secondary special,Single / not married,House / apartment,-16787.0,-6519.0,1.0,0.0,0.0,0.0,,1.0,0
1883,5010939,F,N,N,0,135310.01,Working,Secondary / secondary special,Single / not married,House / apartment,-16906.0,-6644.0,1.0,0.0,0.0,0.0,,1.0,0
1884,5010940,F,N,N,0,136378.5,Working,Secondary / secondary special,Single / not married,House / apartment,-16711.0,-6563.0,1.0,0.0,0.0,0.0,,1.0,0
1885,5010941,F,N,N,0,137074.34,Working,Secondary / secondary special,Single / not married,House / apartment,-16850.0,-6700.0,1.0,0.0,0.0,0.0,,1.0,0
1886,5090803,F,N,N,0,137871.96,Working,Secondary / secondary special,Single / not married,House / apartment,-17006.0,-6485.0,1.0,0.0,0.0,0.0,,1.0,0
1887,5090805,F,N,N,0,134288.89,Working,Secondary / secondary special,Single / not married,House / apartment,-15900.0,-6709.0,1.0,0.0,0.0,0.0,,1.0,0
1888,5010943,F,N,N,0,161474.06,Pensioner,Secondary / secondary special,Married,House / apartment,-22884.0,374846.0,1.0,0.0,0.0,0.0,,2.0,0
1889,5010944,F,Y,Y,1,261561.1,Commercial associate,Secondary / secondary special,Married,House / apartment,-13932.0,-2542.0,1.0,0.0,0.0,0.0,Managers,3.0,0
1890,5010945,F,Y,Y,1,269672.79,Commercial associate,Secondary / secondary special,Married,House / apartment,-13909.0,-2583.0,1.0,0.0,0.0,0.0,Managers,3.0,0
1891,5010946,F,Y,Y,1,266591.48,Commercial associate,Secondary / secondary special,Married,House / apartment,-13962.0,-2568.0,1.0,0.0,0.0,0.0,Managers,3.0,0
1892,5010947,F,Y,Y,1,277317.56,Commercial associate,Secondary / secondary special,Married,House / apartment,-13216.0,-2542.0,1.0,0.0,0.0,0.0,Managers,3.0,0
1893,5010948,F,Y,Y,1,279975.3,Commercial associate,Secondary / secondary special,Married,House / apartment,-13379.0,-2663.0,1.0,0.0,0.0,0.0,Managers,3.0,0
1894,5010949,F,Y,Y,1,274576.78,Commercial associate,Secondary / secondary special,Married,House / apartment,-13481.0,-2684.0,1.0,0.0,0.0,0.0,Managers,3.0,0
1895,5010950,F,Y,Y,1,269602.44,Commercial associate,Secondary / secondary special,Married,House / apartment,-13263.0,-2648.0,1.0,0.0,0.0,0.0,Managers,3.0,0
1896,5010951,F,Y,Y,1,267403.04,Commercial associate,Secondary / secondary special,Married,House / apartment,-13690.0,-2650.0,1.0,0.0,0.0,0.0,Managers,3.0,0
1897,5010952,F,Y,Y,1,266958.2,Commercial associate,Secondary / secondary special,Married,House / apartment,-13668.0,-2605.0,1.0,0.0,0.0,0.0,Managers,3.0,0
1898,6153710,F,Y,Y,1,272159.62,Commercial associate,Secondary / secondary special,Married,House / apartment,-12928.0,-2506.0,1.0,0.0,0.0,0.0,Managers,3.0,0
1899,5010953,M,Y,Y,0,338127.96,Commercial associate,Secondary / secondary special,Married,House / apartment,-14786.0,-1376.0,1.0,0.0,0.0,0.0,Sales staff,2.0,0
1900,5010954,M,Y,Y,0,331405.13,Commercial associate,Secondary / secondary special,Married,House / apartment,-14447.0,-1335.0,1.0,0.0,0.0,0.0,Sales staff,2.0,0
1901,5010956,M,Y,Y,0,333089.17,Commercial associate,Secondary / secondary special,Married,House / apartment,-14595.0,-1361.0,1.0,0.0,0.0,0.0,Sales staff,2.0,0
1902,5010957,M,Y,Y,0,331205.95,Commercial associate,Secondary / secondary special,Married,House / apartment,-14808.0,-1401.0,1.0,0.0,0.0,0.0,Sales staff,2.0,0
1903,5010958,M,Y,Y,0,347189.91,Commercial associate,Secondary / secondary special,Married,House / apartment,-14996.0,-1404.0,1.0,0.0,0.0,0.0,Sales staff,2.0,0
1904,5010959,M,Y,Y,0,333482.05,Commercial associate,Secondary / secondary special,Married,House / apartment,-14707.0,-1384.0,1.0,0.0,0.0,0.0,Sales staff,2.0,0
1905,5010960,M,Y,Y,0,201591.52,Working,Secondary / secondary special,Married,House / apartment,-11714.0,-1037.0,1.0,0.0,0.0,1.0,Laborers,2.0,0
1906,5010961,M,Y,Y,0,195744.82,Working,Secondary / secondary special,Married,House / apartment,-11447.0,-1059.0,1.0,0.0,0.0,1.0,Laborers,2.0,0
1907,5010962,F,N,N,0,250527.97,Commercial associate,Higher education,Married,House / apartment,-11162.0,-2577.0,1.0,0.0,0.0,1.0,HR staff,2.0,0
1908,5010963,F,N,N,0,258811.1,Commercial associate,Higher education,Married,House / apartment,-11671.0,-2580.0,1.0,0.0,0.0,1.0,HR staff,2.0,0
1909,5010964,F,N,N,0,256664.28,Commercial associate,Higher education,Married,House / apartment,-11093.0,-2631.0,1.0,0.0,0.0,1.0,HR staff,2.0,0
1910,5010965,F,N,N,0,259306.57,Commercial associate,Higher education,Married,House / apartment,-11263.0,-2467.0,1.0,0.0,0.0,1.0,HR staff,2.0,0
1911,5010966,F,N,N,0,256866.62,Commercial associate,Higher education,Married,House / apartment,-11066.0,-2581.0,1.0,0.0,0.0,1.0,HR staff,2.0,0
1912,5010967,F,N,N,0,268754.73,Commercial associate,Higher education,Married,House / apartment,-10992.0,-2475.0,1.0,0.0,0.0,1.0,HR staff,2.0,0
1913,6153719,F,N,N,0,247229.48,Commercial associate,Higher education,Married,House / apartment,-11464.0,-2502.0,1.0,0.0,0.0,1.0,HR staff,2.0,0
1914,5010972,F,N,Y,1,127357.26,Commercial associate,Secondary / secondary special,Married,House / apartment,-14148.0,-2814.0,1.0,0.0,0.0,0.0,Waiters/barmen staff,3.0,0
1915,6153753,F,N,Y,1,137137.92,Commercial associate,Secondary / secondary special,Married,House / apartment,-13439.0,-2700.0,1.0,0.0,0.0,0.0,Waiters/barmen staff,3.0,0
1916,5010974,M,Y,Y,0,124635.45,Working,Higher education,Married,House / apartment,-18192.0,-3410.0,1.0,0.0,0.0,1.0,Sales staff,2.0,0
1917,5010975,M,Y,Y,0,124487.7,Working,Higher education,Married,House / apartment,-18269.0,-3416.0,1.0,0.0,0.0,1.0,Sales staff,2.0,0
1918,5010976,M,Y,Y,0,125134.16,Working,Higher education,Married,House / apartment,-18117.0,-3575.0,1.0,0.0,0.0,1.0,Sales staff,2.0,0
1919,5010977,F,N,Y,0,66780.66,Working,Secondary / secondary special,Separated,Municipal apartment,-12783.0,-830.0,1.0,1.0,0.0,0.0,Sales staff,1.0,0
1920,5010978,F,N,Y,0,67580.46,Working,Secondary / secondary special,Separated,Municipal apartment,-12734.0,-830.0,1.0,1.0,0.0,0.0,Sales staff,1.0,0
1921,5010980,M,Y,Y,0,227869.08,Commercial associate,Secondary / secondary special,Single / not married,House / apartment,-18244.0,-1797.0,1.0,0.0,0.0,0.0,Drivers,1.0,1
1922,5090824,M,Y,Y,0,236073.26,Commercial associate,Secondary / secondary special,Single / not married,House / apartment,-18143.0,-1786.0,1.0,0.0,0.0,0.0,Drivers,1.0,1
1923,5010981,M,Y,N,1,266999.42,Working,Incomplete higher,Married,House / apartment,-15262.0,-3350.0,1.0,0.0,0.0,0.0,Managers,3.0,0
1924,5010982,M,Y,N,1,273250.18,Working,Incomplete higher,Married,House / apartment,-15155.0,-3259.0,1.0,0.0,0.0,0.0,Managers,3.0,0
1925,5010983,M,N,Y,0,141039.91,Pensioner,Secondary / secondary special,Married,House / apartment,-22291.0,372927.0,1.0,0.0,0.0,0.0,,2.0,0
1926,5010984,M,N,Y,0,132370.77,Pensioner,Secondary / secondary special,Married,House / apartment,-22061.0,356384.0,1.0,0.0,0.0,0.0,,2.0,0
1927,5010986,F,N,Y,0,123786.72,Commercial associate,Higher education,Single / not married,Rented apartment,-11186.0,-3841.0,1.0,1.0,0.0,0.0,Sales staff,1.0,0
1928,5010987,F,N,Y,0,119811.01,Commercial associate,Higher education,Single / not married,Rented apartment,-10882.0,-3917.0,1.0,1.0,0.0,0.0,Sales staff,1.0,0
1929,5010989,F,N,Y,0,123748.31,Commercial associate,Higher education,Single / not married,Rented apartment,-11267.0,-3960.0,1.0,1.0,0.0,0.0,Sales staff,1.0,0
1930,5010990,F,N,Y,0,90265.56,Working,Secondary / secondary special,Married,House / apartment,-19512.0,-213.0,1.0,0.0,0.0,0.0,Medicine staff,2.0,0
1931,5010991,F,N,Y,0,90874.74,Working,Secondary / secondary special,Married,House / apartment,-20077.0,-207.0,1.0,0.0,0.0,0.0,Medicine staff,2.0,0
1932,5010992,F,N,Y,0,90365.64,Working,Secondary / secondary special,Married,House / apartment,-20127.0,-228.0,1.0,0.0,0.0,0.0,Medicine staff,2.0,0
1933,5010993,F,N,Y,0,88814.57,Working,Secondary / secondary special,Married,House / apartment,-20204.0,-230.0,1.0,0.0,0.0,0.0,Medicine staff,2.0,0
1934,5010994,F,N,Y,0,93033.8,Working,Secondary / secondary special,Married,House / apartment,-20674.0,-216.0,1.0,0.0,0.0,0.0,Medicine staff,2.0,0
1935,5010995,F,N,Y,0,91684.65,Working,Secondary / secondary special,Married,House / apartment,-19611.0,-221.0,1.0,0.0,0.0,0.0,Medicine staff,2.0,0
1936,5010996,F,N,Y,0,92271.11,Working,Secondary / secondary special,Married,House / apartment,-19567.0,-216.0,1.0,0.0,0.0,0.0,Medicine staff,2.0,0
1937,5010997,F,N,Y,0,91522.76,Working,Secondary / secondary special,Married,House / apartment,-20503.0,-213.0,1.0,0.0,0.0,0.0,Medicine staff,2.0,0
1938,5010998,F,N,Y,0,92329.62,Working,Secondary / secondary special,Married,House / apartment,-19732.0,-220.0,1.0,0.0,0.0,0.0,Medicine staff,2.0,0
1939,5010999,F,N,Y,0,87872.02,Working,Secondary / secondary special,Married,House / apartment,-19977.0,-229.0,1.0,0.0,0.0,0.0,Medicine staff,2.0,0
1940,5011000,F,N,Y,0,87784.61,Working,Secondary / secondary special,Married,House / apartment,-19687.0,-212.0,1.0,0.0,0.0,0.0,Medicine staff,2.0,0
1941,5011001,F,Y,Y,0,162114.51,Working,Secondary / secondary special,Married,House / apartment,-10706.0,-2115.0,1.0,0.0,0.0,1.0,Sales staff,2.0,0
1942,5011002,F,Y,Y,0,155404.22,Working,Secondary / secondary special,Married,House / apartment,-10689.0,-2048.0,1.0,0.0,0.0,1.0,Sales staff,2.0,0
1943,5011003,F,Y,Y,0,158473.51,Working,Secondary / secondary special,Married,House / apartment,-10604.0,-2090.0,1.0,0.0,0.0,1.0,Sales staff,2.0,0
1944,5011004,F,Y,Y,0,158995.23,Working,Secondary / secondary special,Married,House / apartment,-10104.0,-2089.0,1.0,0.0,0.0,1.0,Sales staff,2.0,0
1945,5011005,F,Y,Y,0,156499.07,Working,Secondary / secondary special,Married,House / apartment,-10530.0,-2129.0,1.0,0.0,0.0,1.0,Sales staff,2.0,0
1946,5011006,F,Y,Y,0,158441.39,Working,Secondary / secondary special,Married,House / apartment,-10599.0,-2127.0,1.0,0.0,0.0,1.0,Sales staff,2.0,0
1947,5011007,F,Y,Y,0,156676.42,Working,Secondary / secondary special,Married,House / apartment,-11061.0,-2116.0,1.0,0.0,0.0,1.0,Sales staff,2.0,0
1948,5011008,F,Y,Y,0,160979.82,Working,Secondary / secondary special,Married,House / apartment,-10534.0,-2038.0,1.0,0.0,0.0,1.0,Sales staff,2.0,0
1949,5011009,F,Y,Y,0,155941.59,Working,Secondary / secondary special,Married,House / apartment,-10937.0,-2030.0,1.0,0.0,0.0,1.0,Sales staff,2.0,0
1950,5011010,F,Y,Y,0,161122.75,Working,Secondary / secondary special,Married,House / apartment,-10710.0,-2009.0,1.0,0.0,0.0,1.0,Sales staff,2.0,0
1951,5011011,F,Y,Y,0,131756.04,Working,Secondary / secondary special,Married,House / apartment,-12058.0,-131.0,1.0,0.0,1.0,1.0,Sales staff,2.0,0
1952,5011012,F,Y,Y,0,133687.71,Working,Secondary / secondary special,Married,House / apartment,-11615.0,-130.0,1.0,0.0,1.0,1.0,Sales staff,2.0,0
1953,5011013,F,Y,Y,0,138372.28,Working,Secondary / secondary special,Married,House / apartment,-11774.0,-132.0,1.0,0.0,1.0,1.0,Sales staff,2.0,0
1954,5011014,F,Y,Y,0,135366.9,Working,Secondary / secondary special,Married,House / apartment,-12004.0,-134.0,1.0,0.0,1.0,1.0,Sales staff,2.0,0
1955,5011015,F,Y,Y,0,131894.31,Working,Secondary / secondary special,Married,House / apartment,-12162.0,-130.0,1.0,0.0,1.0,1.0,Sales staff,2.0,0
1956,6153771,F,Y,Y,0,132696.23,Working,Secondary / secondary special,Married,House / apartment,-11999.0,-129.0,1.0,0.0,1.0,1.0,Sales staff,2.0,0
1957,5011022,M,Y,Y,2,100617.32,State servant,Secondary / secondary special,Married,With parents,-16102.0,-3257.0,1.0,0.0,0.0,0.0,Drivers,4.0,0
1958,5011023,M,Y,Y,2,102893.6,State servant,Secondary / secondary special,Married,With parents,-16646.0,-3199.0,1.0,0.0,0.0,0.0,Drivers,4.0,0
1959,5011024,M,Y,Y,2,96369.42,State servant,Secondary / secondary special,Married,With parents,-16192.0,-3152.0,1.0,0.0,0.0,0.0,Drivers,4.0,0
1960,5011025,M,Y,Y,2,99497.06,State servant,Secondary / secondary special,Married,With parents,-16908.0,-3300.0,1.0,0.0,0.0,0.0,Drivers,4.0,0
1961,5011026,M,Y,Y,2,97906.77,State servant,Secondary / secondary special,Married,With parents,-17227.0,-3216.0,1.0,0.0,0.0,0.0,Drivers,4.0,0
1962,5011027,M,Y,Y,2,100626.22,State servant,Secondary / secondary special,Married,With parents,-16367.0,-3284.0,1.0,0.0,0.0,0.0,Drivers,4.0,0
1963,6153797,M,Y,Y,2,101671.03,State servant,Secondary / secondary special,Married,With parents,-16611.0,-3167.0,1.0,0.0,0.0,0.0,Drivers,4.0,0
1964,5011028,F,N,Y,0,285818.96,Working,Secondary / secondary special,Civil marriage,House / apartment,-16247.0,-985.0,1.0,0.0,0.0,1.0,Sales staff,2.0,0
1965,5011029,F,N,Y,0,284777.0,Working,Secondary / secondary special,Civil marriage,House / apartment,-16641.0,-1038.0,1.0,0.0,0.0,1.0,Sales staff,2.0,0
1966,5011031,F,N,Y,1,135779.51,Working,Academic degree,Civil marriage,House / apartment,-17206.0,-7774.0,1.0,0.0,1.0,0.0,,3.0,0
1967,5011032,F,N,Y,1,138739.84,Working,Academic degree,Civil marriage,House / apartment,-17557.0,-7426.0,1.0,0.0,1.0,0.0,,3.0,0
1968,5011033,F,N,Y,1,135719.12,Working,Academic degree,Civil marriage,House / apartment,-17689.0,-7554.0,1.0,0.0,1.0,0.0,,3.0,0
1969,5011036,F,N,Y,0,313790.6,Pensioner,Secondary / secondary special,Married,Municipal apartment,-20745.0,366264.0,1.0,0.0,0.0,0.0,,2.0,0
1970,5011037,F,N,Y,0,317504.9,Pensioner,Secondary / secondary special,Married,Municipal apartment,-19922.0,359147.0,1.0,0.0,0.0,0.0,,2.0,0
1971,5011039,F,N,Y,0,312227.73,Pensioner,Secondary / secondary special,Married,Municipal apartment,-19917.0,364762.0,1.0,0.0,0.0,0.0,,2.0,0
1972,5011040,F,N,Y,0,317030.73,Pensioner,Secondary / secondary special,Married,Municipal apartment,-20035.0,362209.0,1.0,0.0,0.0,0.0,,2.0,0
1973,5011041,F,N,Y,0,319900.57,Pensioner,Secondary / secondary special,Married,Municipal apartment,-19771.0,374173.0,1.0,0.0,0.0,0.0,,2.0,0
1974,5011042,F,N,Y,0,317520.98,Pensioner,Secondary / secondary special,Married,Municipal apartment,-19967.0,352882.0,1.0,0.0,0.0,0.0,,2.0,0
1975,5011043,F,N,Y,0,316413.22,Pensioner,Secondary / secondary special,Married,Municipal apartment,-20174.0,379903.0,1.0,0.0,0.0,0.0,,2.0,0
1976,5011044,F,N,Y,0,311748.4,Pensioner,Secondary / secondary special,Married,Municipal apartment,-19678.0,366810.0,1.0,0.0,0.0,0.0,,2.0,0
1977,5011045,F,N,Y,0,311531.04,Pensioner,Secondary / secondary special,Married,Municipal apartment,-20044.0,364415.0,1.0,0.0,0.0,0.0,,2.0,0
1978,6153820,F,N,Y,0,315871.81,Pensioner,Secondary / secondary special,Married,Municipal apartment,-20146.0,354571.0,1.0,0.0,0.0,0.0,,2.0,0
1979,5018414,F,N,Y,1,33433.99,Pensioner,Secondary / secondary special,Married,House / apartment,-23509.0,361680.0,1.0,0.0,0.0,0.0,,3.0,0
1980,5018415,F,N,Y,1,33838.18,Pensioner,Secondary / secondary special,Married,House / apartment,-22696.0,360115.0,1.0,0.0,0.0,0.0,,3.0,0
1981,5018417,M,Y,Y,2,685708.42,Commercial associate,Higher education,Separated,House / apartment,-13748.0,-5332.0,1.0,0.0,0.0,0.0,Sales staff,3.0,0
1982,5018418,M,Y,Y,2,654483.42,Commercial associate,Higher education,Separated,House / apartment,-13789.0,-5455.0,1.0,0.0,0.0,0.0,Sales staff,3.0,0
1983,5018419,F,N,Y,0,132871.78,Commercial associate,Secondary / secondary special,Married,House / apartment,-18735.0,-5260.0,1.0,0.0,0.0,0.0,Sales staff,2.0,0
1984,5018420,F,N,Y,0,136124.09,Commercial associate,Secondary / secondary special,Married,House / apartment,-18719.0,-5368.0,1.0,0.0,0.0,0.0,Sales staff,2.0,0
1985,5018421,F,N,Y,0,135507.65,Commercial associate,Secondary / secondary special,Married,House / apartment,-18054.0,-5131.0,1.0,0.0,0.0,0.0,Sales staff,2.0,0
1986,5018422,F,N,Y,0,199732.24,Commercial associate,Secondary / secondary special,Married,Municipal apartment,-18621.0,-1151.0,1.0,0.0,0.0,0.0,Laborers,2.0,0
1987,5018423,F,N,Y,0,199423.99,Commercial associate,Secondary / secondary special,Married,Municipal apartment,-19298.0,-1036.0,1.0,0.0,0.0,0.0,Laborers,2.0,0
1988,5018424,F,N,Y,0,194256.89,Commercial associate,Secondary / secondary special,Married,Municipal apartment,-19222.0,-1095.0,1.0,0.0,0.0,0.0,Laborers,2.0,0
1989,5018425,F,N,Y,0,200484.29,Commercial associate,Secondary / secondary special,Married,Municipal apartment,-18616.0,-1063.0,1.0,0.0,0.0,0.0,Laborers,2.0,0
1990,5018426,F,N,Y,0,200407.93,Commercial associate,Secondary / secondary special,Married,Municipal apartment,-19972.0,-1094.0,1.0,0.0,0.0,0.0,Laborers,2.0,0
1991,5018428,M,N,Y,0,134534.79,Working,Secondary / secondary special,Single / not married,House / apartment,-12270.0,-5410.0,1.0,0.0,0.0,0.0,Laborers,1.0,0
1992,5018429,M,N,Y,0,137996.62,Working,Secondary / secondary special,Single / not married,House / apartment,-12345.0,-5306.0,1.0,0.0,0.0,0.0,Laborers,1.0,0
1993,5018430,M,Y,Y,1,110866.22,Working,Secondary / secondary special,Married,House / apartment,-17241.0,-245.0,1.0,0.0,0.0,0.0,Drivers,3.0,0
1994,5018431,M,Y,Y,1,114212.6,Working,Secondary / secondary special,Married,House / apartment,-17386.0,-240.0,1.0,0.0,0.0,0.0,Drivers,3.0,0
1995,5018432,M,Y,Y,1,114173.56,Working,Secondary / secondary special,Married,House / apartment,-16849.0,-243.0,1.0,0.0,0.0,0.0,Drivers,3.0,0
1996,5018433,M,Y,Y,1,114506.4,Working,Secondary / secondary special,Married,House / apartment,-16641.0,-231.0,1.0,0.0,0.0,0.0,Drivers,3.0,0
1997,5018439,F,N,Y,0,203798.49,Working,Secondary / secondary special,Widow,House / apartment,-20376.0,-5309.0,1.0,0.0,0.0,0.0,Core staff,1.0,1
1998,5018440,F,N,Y,0,201164.66,Working,Secondary / secondary special,Widow,House / apartment,-20213.0,-5469.0,1.0,0.0,0.0,0.0,Core staff,1.0,0
1999,5018442,F,N,Y,0,196177.97,Working,Secondary / secondary special,Widow,House / apartment,-20264.0,-5284.0,1.0,0.0,0.0,0.0,Core staff,1.0,1
2000,5585486,F,N,Y,0,203180.43,Working,Secondary / secondary special,Widow,House / apartment,-19505.0,-5389.0,1.0,0.0,0.0,0.0,Core staff,1.0,1
2001,5585487,F,N,Y,0,198905.33,Working,Secondary / secondary special,Widow,House / apartment,-20616.0,-5333.0,1.0,0.0,0.0,0.0,Core staff,1.0,1
2002,5018443,F,N,Y,1,190106.43,Pensioner,Secondary / secondary special,Married,House / apartment,-17992.0,356754.0,1.0,0.0,0.0,0.0,,3.0,0
2003,5018444,F,N,Y,1,669295.61,Commercial associate,Higher education,Married,House / apartment,-15991.0,-1393.0,1.0,0.0,1.0,0.0,Sales staff,3.0,0
2004,5018445,F,N,Y,1,669459.13,Commercial associate,Higher education,Married,House / apartment,-15707.0,-1454.0,1.0,0.0,1.0,0.0,Sales staff,3.0,0
2005,5018446,F,N,Y,1,674037.58,Commercial associate,Higher education,Married,House / apartment,-16059.0,-1399.0,1.0,0.0,1.0,0.0,Sales staff,3.0,0
2006,5018447,F,N,Y,1,662641.24,Commercial associate,Higher education,Married,House / apartment,-15985.0,-1383.0,1.0,0.0,1.0,0.0,Sales staff,3.0,0
2007,5018448,F,N,Y,1,690391.52,Commercial associate,Higher education,Married,House / apartment,-16189.0,-1403.0,1.0,0.0,1.0,0.0,Sales staff,3.0,0
2008,5018450,F,N,Y,1,694892.61,Commercial associate,Higher education,Married,House / apartment,-15658.0,-1349.0,1.0,0.0,1.0,0.0,Sales staff,3.0,0
2009,5018451,F,N,Y,1,680977.74,Commercial associate,Higher education,Married,House / apartment,-15559.0,-1389.0,1.0,0.0,1.0,0.0,Sales staff,3.0,0
2010,5018452,F,N,Y,1,659488.38,Commercial associate,Higher education,Married,House / apartment,-16111.0,-1397.0,1.0,0.0,1.0,0.0,Sales staff,3.0,0
2011,5018453,F,N,Y,0,104175.04,Pensioner,Secondary / secondary special,Widow,House / apartment,-22134.0,366267.0,1.0,0.0,1.0,0.0,,1.0,0
2012,5018455,F,N,Y,0,101700.64,Pensioner,Secondary / secondary special,Widow,House / apartment,-22431.0,356631.0,1.0,0.0,1.0,0.0,,1.0,0
2013,5018457,F,N,Y,0,102447.99,Pensioner,Secondary / secondary special,Widow,House / apartment,-22099.0,374644.0,1.0,0.0,1.0,0.0,,1.0,0
2014,5018458,F,N,Y,0,102773.18,Pensioner,Secondary / secondary special,Widow,House / apartment,-22349.0,367138.0,1.0,0.0,1.0,0.0,,1.0,0
2015,5018459,F,N,Y,0,98301.87,Pensioner,Secondary / secondary special,Widow,House / apartment,-22041.0,365433.0,1.0,0.0,1.0,0.0,,1.0,0
2016,5018460,F,N,Y,0,99212.45,Pensioner,Secondary / secondary special,Widow,House / apartment,-21873.0,364986.0,1.0,0.0,1.0,0.0,,1.0,0
2017,5585320,F,N,Y,0,102738.17,Pensioner,Secondary / secondary special,Widow,House / apartment,-21616.0,351794.0,1.0,0.0,1.0,0.0,,1.0,0
2018,5018461,F,N,Y,1,165936.61,Working,Secondary / secondary special,Married,House / apartment,-21176.0,-8160.0,1.0,0.0,1.0,0.0,,3.0,0
2019,5018462,F,N,Y,1,158783.81,Working,Secondary / secondary special,Married,House / apartment,-20622.0,-8007.0,1.0,0.0,1.0,0.0,,3.0,0
2020,5018464,F,N,Y,1,164278.21,Working,Secondary / secondary special,Married,House / apartment,-20292.0,-7797.0,1.0,0.0,1.0,0.0,,3.0,0
2021,5018465,F,N,Y,1,167580.04,Working,Secondary / secondary special,Married,House / apartment,-20917.0,-8241.0,1.0,0.0,1.0,0.0,,3.0,0
2022,5018466,F,N,Y,1,158615.04,Working,Secondary / secondary special,Married,House / apartment,-20688.0,-7801.0,1.0,0.0,1.0,0.0,,3.0,1
2023,5018467,F,N,Y,1,169922.63,Working,Secondary / secondary special,Married,House / apartment,-19682.0,-7976.0,1.0,0.0,1.0,0.0,,3.0,1
2024,5018469,F,N,Y,1,167308.24,Working,Secondary / secondary special,Married,House / apartment,-20073.0,-8143.0,1.0,0.0,1.0,0.0,,3.0,1
2025,5018470,F,N,Y,1,174779.07,Working,Secondary / secondary special,Married,House / apartment,-20340.0,-7887.0,1.0,0.0,1.0,0.0,,3.0,0
2026,5018471,F,N,Y,1,168919.55,Working,Secondary / secondary special,Married,House / apartment,-20071.0,-7983.0,1.0,0.0,1.0,0.0,,3.0,1
2027,5018472,F,N,Y,1,166755.32,Working,Secondary / secondary special,Married,House / apartment,-20352.0,-8001.0,1.0,0.0,1.0,0.0,,3.0,0
2028,5585321,F,N,Y,1,172550.85,Working,Secondary / secondary special,Married,House / apartment,-20037.0,-8222.0,1.0,0.0,1.0,0.0,,3.0,1
2029,5018477,F,Y,Y,0,290803.87,Working,Higher education,Married,House / apartment,-18658.0,-4403.0,1.0,0.0,0.0,0.0,,2.0,1
2030,5018478,F,Y,Y,0,294931.59,Working,Higher education,Married,House / apartment,-18383.0,-4493.0,1.0,0.0,0.0,0.0,,2.0,1
2031,5018479,F,Y,Y,0,290231.64,Working,Higher education,Married,House / apartment,-19402.0,-4491.0,1.0,0.0,0.0,0.0,,2.0,1
2032,5018480,M,N,Y,1,114826.19,Commercial associate,Secondary / secondary special,Married,House / apartment,-17944.0,-361.0,1.0,0.0,1.0,0.0,Laborers,3.0,0
2033,5018481,F,N,Y,0,89109.21,Pensioner,Lower secondary,Married,House / apartment,-22306.0,365211.0,1.0,0.0,1.0,0.0,,2.0,0
2034,5018482,F,N,Y,0,91824.1,Pensioner,Lower secondary,Married,House / apartment,-22121.0,359292.0,1.0,0.0,1.0,0.0,,2.0,0
2035,5018483,F,N,Y,0,91286.12,Pensioner,Lower secondary,Married,House / apartment,-23280.0,348594.0,1.0,0.0,1.0,0.0,,2.0,0
2036,5018484,F,N,Y,0,90522.68,Pensioner,Lower secondary,Married,House / apartment,-22542.0,368603.0,1.0,0.0,1.0,0.0,,2.0,0
2037,5018485,F,N,Y,0,88313.71,Pensioner,Lower secondary,Married,House / apartment,-23891.0,353957.0,1.0,0.0,1.0,0.0,,2.0,0
2038,5018486,F,N,Y,0,88016.11,Pensioner,Lower secondary,Married,House / apartment,-22234.0,360598.0,1.0,0.0,1.0,0.0,,2.0,0
2039,5018487,F,N,Y,0,91803.22,Pensioner,Lower secondary,Married,House / apartment,-22336.0,354573.0,1.0,0.0,1.0,0.0,,2.0,0
2040,5018488,F,N,Y,0,89368.14,Pensioner,Lower secondary,Married,House / apartment,-22825.0,364860.0,1.0,0.0,1.0,0.0,,2.0,0
2041,5018492,M,Y,Y,1,675464.02,Working,Higher education,Married,House / apartment,-15666.0,-4499.0,1.0,1.0,1.0,0.0,Managers,3.0,1
2042,5018493,M,Y,Y,1,690059.94,Working,Higher education,Married,House / apartment,-16767.0,-4796.0,1.0,1.0,1.0,0.0,Managers,3.0,0
2043,5018495,M,Y,Y,1,679885.53,Working,Higher education,Married,House / apartment,-16299.0,-4564.0,1.0,1.0,1.0,0.0,Managers,3.0,1
2044,5018496,F,N,N,0,54746.08,Pensioner,Secondary / secondary special,Separated,House / apartment,-20661.0,370360.0,1.0,0.0,0.0,0.0,,1.0,0
2045,5018498,F,Y,Y,0,90673.28,Working,Secondary / secondary special,Married,House / apartment,-18579.0,-997.0,1.0,1.0,1.0,0.0,Cooking staff,2.0,0
2046,5018500,F,Y,Y,0,89102.4,Working,Secondary / secondary special,Married,House / apartment,-19305.0,-1004.0,1.0,1.0,1.0,0.0,Cooking staff,2.0,0
2047,5018501,F,Y,Y,0,89962.51,Working,Secondary / secondary special,Married,House / apartment,-19044.0,-1018.0,1.0,1.0,1.0,0.0,Cooking staff,2.0,0
2048,5018502,F,Y,Y,0,91900.06,Working,Secondary / secondary special,Married,House / apartment,-18822.0,-969.0,1.0,1.0,1.0,0.0,Cooking staff,2.0,0
2049,5018503,F,Y,Y,0,91604.81,Working,Secondary / secondary special,Married,House / apartment,-18686.0,-1012.0,1.0,1.0,1.0,0.0,Cooking staff,2.0,0
2050,5018504,F,N,N,0,57834.4,Pensioner,Secondary / secondary special,Married,House / apartment,-21366.0,363115.0,1.0,0.0,0.0,0.0,,2.0,0
2051,5018505,F,N,N,0,57510.29,Pensioner,Secondary / secondary special,Married,House / apartment,-21343.0,376581.0,1.0,0.0,0.0,0.0,,2.0,0
2052,5018506,F,N,N,0,56591.82,Pensioner,Secondary / secondary special,Married,House / apartment,-20193.0,379009.0,1.0,0.0,0.0,0.0,,2.0,0
2053,5021187,F,N,N,0,178159.57,Commercial associate,Secondary / secondary special,Single / not married,House / apartment,-10128.0,-2537.0,1.0,0.0,0.0,0.0,Cooking staff,1.0,0
2054,5021188,F,N,N,0,178186.62,Commercial associate,Secondary / secondary special,Single / not married,House / apartment,-10055.0,-2474.0,1.0,0.0,0.0,0.0,Cooking staff,1.0,0
2055,5021189,F,N,N,0,177334.77,Commercial associate,Secondary / secondary special,Single / not married,House / apartment,-10078.0,-2601.0,1.0,0.0,0.0,0.0,Cooking staff,1.0,0
2056,5021190,F,N,N,0,178480.64,Commercial associate,Secondary / secondary special,Single / not married,House / apartment,-9975.0,-2492.0,1.0,0.0,0.0,0.0,Cooking staff,1.0,0
2057,5021191,M,Y,Y,0,116737.76,Commercial associate,Secondary / secondary special,Married,House / apartment,-15160.0,-2402.0,1.0,0.0,1.0,0.0,Sales staff,2.0,0
2058,6736965,M,Y,Y,0,115361.82,Commercial associate,Secondary / secondary special,Married,House / apartment,-15329.0,-2403.0,1.0,0.0,1.0,0.0,Sales staff,2.0,0
2059,6736966,M,Y,Y,0,111813.09,Commercial associate,Secondary / secondary special,Married,House / apartment,-15260.0,-2441.0,1.0,0.0,1.0,0.0,Sales staff,2.0,0
2060,6736967,M,Y,Y,0,116390.47,Commercial associate,Secondary / secondary special,Married,House / apartment,-16016.0,-2359.0,1.0,0.0,1.0,0.0,Sales staff,2.0,0
2061,6736968,M,Y,Y,0,110244.1,Commercial associate,Secondary / secondary special,Married,House / apartment,-14980.0,-2337.0,1.0,0.0,1.0,0.0,Sales staff,2.0,0
2062,5021192,F,N,N,0,223865.06,State servant,Higher education,Single / not married,With parents,-10754.0,-1814.0,1.0,0.0,0.0,0.0,Core staff,1.0,0
2063,5021193,F,N,N,0,222414.6,Working,Higher education,Separated,House / apartment,-12492.0,-4353.0,1.0,0.0,1.0,0.0,Laborers,1.0,0
2064,5021194,F,N,N,0,226360.95,Working,Higher education,Separated,House / apartment,-12932.0,-4292.0,1.0,0.0,1.0,0.0,Laborers,1.0,0
2065,5021195,F,N,N,0,227180.94,Working,Higher education,Separated,House / apartment,-13069.0,-4386.0,1.0,0.0,1.0,0.0,Laborers,1.0,0
2066,5113230,F,N,N,0,224271.31,Working,Higher education,Separated,House / apartment,-12833.0,-4214.0,1.0,0.0,1.0,0.0,Laborers,1.0,0
2067,5021196,F,Y,Y,0,648821.5,Commercial associate,Secondary / secondary special,Civil marriage,House / apartment,-17882.0,-888.0,1.0,0.0,0.0,0.0,,2.0,0
2068,5021197,F,Y,Y,0,666066.41,Commercial associate,Secondary / secondary special,Civil marriage,House / apartment,-19028.0,-925.0,1.0,0.0,0.0,0.0,,2.0,0
2069,5021201,F,Y,Y,0,656358.56,Commercial associate,Secondary / secondary special,Civil marriage,House / apartment,-18879.0,-931.0,1.0,0.0,0.0,0.0,,2.0,0
2070,5021202,F,Y,Y,0,676373.09,Commercial associate,Secondary / secondary special,Civil marriage,House / apartment,-19039.0,-901.0,1.0,0.0,0.0,0.0,,2.0,0
2071,5021203,F,Y,Y,0,689350.68,Commercial associate,Secondary / secondary special,Civil marriage,House / apartment,-18885.0,-914.0,1.0,0.0,0.0,0.0,,2.0,0
2072,5021204,F,Y,Y,0,676984.65,Commercial associate,Secondary / secondary special,Civil marriage,House / apartment,-18876.0,-941.0,1.0,0.0,0.0,0.0,,2.0,0
2073,5021205,F,Y,Y,0,673497.39,Commercial associate,Secondary / secondary special,Civil marriage,House / apartment,-19069.0,-945.0,1.0,0.0,0.0,0.0,,2.0,0
2074,6423544,F,Y,Y,0,680432.96,Commercial associate,Secondary / secondary special,Civil marriage,House / apartment,-18264.0,-932.0,1.0,0.0,0.0,0.0,,2.0,0
2075,6423545,F,Y,Y,0,683771.18,Commercial associate,Secondary / secondary special,Civil marriage,House / apartment,-19057.0,-901.0,1.0,0.0,0.0,0.0,,2.0,0
2076,5021207,M,N,Y,0,170018.71,Pensioner,Higher education,Civil marriage,House / apartment,-18999.0,359142.0,1.0,0.0,0.0,0.0,,2.0,0
2077,5021208,M,Y,Y,1,231541.28,Working,Secondary / secondary special,Married,House / apartment,-13682.0,-1035.0,1.0,0.0,0.0,0.0,Drivers,3.0,0
2078,5021209,M,Y,Y,1,221805.68,Working,Secondary / secondary special,Married,House / apartment,-13845.0,-1125.0,1.0,0.0,0.0,0.0,Drivers,3.0,0
2079,5021210,M,Y,Y,1,224521.33,Working,Secondary / secondary special,Married,House / apartment,-13694.0,-1118.0,1.0,0.0,0.0,0.0,Drivers,3.0,0
2080,5021211,M,Y,Y,1,226013.63,Working,Secondary / secondary special,Married,House / apartment,-13648.0,-1111.0,1.0,0.0,0.0,0.0,Drivers,3.0,0
2081,6423589,M,Y,Y,1,217875.63,Working,Secondary / secondary special,Married,House / apartment,-13644.0,-1148.0,1.0,0.0,0.0,0.0,Drivers,3.0,0
2082,5021212,M,Y,Y,1,223182.74,State servant,Higher education,Married,House / apartment,-12640.0,-2172.0,1.0,0.0,1.0,0.0,Core staff,3.0,0
2083,5021213,M,Y,Y,1,225791.86,State servant,Higher education,Married,House / apartment,-12470.0,-2295.0,1.0,0.0,1.0,0.0,Core staff,3.0,0
2084,5021214,M,Y,Y,1,229266.13,State servant,Higher education,Married,House / apartment,-12390.0,-2281.0,1.0,0.0,1.0,0.0,Core staff,3.0,0
2085,5021217,M,Y,Y,1,228961.49,State servant,Higher education,Married,House / apartment,-12878.0,-2280.0,1.0,0.0,1.0,0.0,Core staff,3.0,0
2086,5021218,M,Y,Y,1,228620.42,State servant,Higher education,Married,House / apartment,-12794.0,-2243.0,1.0,0.0,1.0,0.0,Core staff,3.0,0
2087,5090155,M,Y,Y,1,228085.74,State servant,Higher education,Married,House / apartment,-12614.0,-2251.0,1.0,0.0,1.0,0.0,Core staff,3.0,0
2088,5021219,M,Y,N,0,312967.93,Working,Higher education,Single / not married,House / apartment,-10011.0,-679.0,1.0,0.0,0.0,0.0,Laborers,1.0,0
2089,5021220,M,Y,N,0,302165.63,Working,Higher education,Single / not married,House / apartment,-9853.0,-651.0,1.0,0.0,0.0,0.0,Laborers,1.0,0
2090,5021221,M,Y,N,0,318384.77,Working,Higher education,Single / not married,House / apartment,-9914.0,-653.0,1.0,0.0,0.0,0.0,Laborers,1.0,0
2091,5021222,M,Y,N,0,313746.26,Working,Higher education,Single / not married,House / apartment,-10167.0,-682.0,1.0,0.0,0.0,0.0,Laborers,1.0,0
2092,5021223,M,Y,N,0,310189.29,Working,Higher education,Single / not married,House / apartment,-9887.0,-667.0,1.0,0.0,0.0,0.0,Laborers,1.0,0
2093,5021224,M,Y,N,0,306675.9,Working,Higher education,Single / not married,House / apartment,-9822.0,-672.0,1.0,0.0,0.0,0.0,Laborers,1.0,0
2094,5021225,M,Y,N,0,308634.27,Working,Higher education,Single / not married,House / apartment,-9412.0,-669.0,1.0,0.0,0.0,0.0,Laborers,1.0,0
2095,5021226,M,Y,N,0,302467.05,Working,Higher education,Single / not married,House / apartment,-10178.0,-671.0,1.0,0.0,0.0,0.0,Laborers,1.0,0
2096,5021227,M,Y,N,0,313738.19,Working,Higher education,Single / not married,House / apartment,-9848.0,-680.0,1.0,0.0,0.0,0.0,Laborers,1.0,0
2097,5113048,M,Y,N,0,314924.16,Working,Higher education,Single / not married,House / apartment,-9878.0,-722.0,1.0,0.0,0.0,0.0,Laborers,1.0,0
2098,5021228,F,N,Y,2,109526.11,Working,Higher education,Civil marriage,House / apartment,-10743.0,-122.0,1.0,0.0,0.0,0.0,Sales staff,4.0,0
2099,5021229,F,N,Y,2,111513.61,Working,Higher education,Civil marriage,House / apartment,-10851.0,-122.0,1.0,0.0,0.0,0.0,Sales staff,4.0,0
2100,5021231,F,N,Y,1,228766.58,Working,Higher education,Civil marriage,House / apartment,-11114.0,-2384.0,1.0,0.0,0.0,0.0,Sales staff,3.0,0
2101,5021232,F,N,Y,1,226901.81,Working,Higher education,Civil marriage,House / apartment,-10661.0,-2333.0,1.0,0.0,0.0,0.0,Sales staff,3.0,0
2102,6423590,F,N,Y,1,227742.35,Working,Higher education,Civil marriage,House / apartment,-10464.0,-2296.0,1.0,0.0,0.0,0.0,Sales staff,3.0,0
2103,5021234,F,N,Y,1,68948.1,Commercial associate,Higher education,Married,House / apartment,-12822.0,-1538.0,1.0,0.0,0.0,0.0,Laborers,3.0,0
2104,5021235,F,N,Y,1,67754.69,Commercial associate,Higher education,Married,House / apartment,-12235.0,-1480.0,1.0,0.0,0.0,0.0,Laborers,3.0,0
2105,5021236,F,N,Y,1,67603.67,Commercial associate,Higher education,Married,House / apartment,-12188.0,-1485.0,1.0,0.0,0.0,0.0,Laborers,3.0,0
2106,5021237,F,N,Y,0,134726.84,Pensioner,Higher education,Married,House / apartment,-23136.0,347940.0,1.0,0.0,0.0,0.0,,2.0,0
2107,5021238,F,N,Y,0,135006.36,Pensioner,Higher education,Married,House / apartment,-22366.0,380567.0,1.0,0.0,0.0,0.0,,2.0,0
2108,5021239,F,N,Y,0,137734.27,Pensioner,Higher education,Married,House / apartment,-22488.0,364906.0,1.0,0.0,0.0,0.0,,2.0,0
2109,5021240,F,N,Y,0,128446.53,Pensioner,Higher education,Married,House / apartment,-22601.0,351027.0,1.0,0.0,0.0,0.0,,2.0,0
2110,5021241,F,N,Y,0,135818.53,Pensioner,Higher education,Married,House / apartment,-23012.0,366729.0,1.0,0.0,0.0,0.0,,2.0,0
2111,5021242,F,N,Y,0,136949.13,Pensioner,Higher education,Married,House / apartment,-23388.0,375684.0,1.0,0.0,0.0,0.0,,2.0,0
2112,5021243,F,N,Y,0,132298.69,Pensioner,Higher education,Married,House / apartment,-22846.0,360951.0,1.0,0.0,0.0,0.0,,2.0,0
2113,5021244,F,N,Y,0,133115.2,Pensioner,Higher education,Married,House / apartment,-23447.0,374755.0,1.0,0.0,0.0,0.0,,2.0,0
2114,5021247,F,N,Y,0,137251.98,Pensioner,Higher education,Married,House / apartment,-23552.0,366966.0,1.0,0.0,0.0,0.0,,2.0,0
2115,5021248,F,N,Y,0,139108.33,Pensioner,Higher education,Married,House / apartment,-23340.0,377624.0,1.0,0.0,0.0,0.0,,2.0,0
2116,5021255,F,N,Y,0,137544.86,Pensioner,Higher education,Married,House / apartment,-22362.0,371877.0,1.0,0.0,0.0,0.0,,2.0,0
2117,5021256,F,N,Y,0,133607.95,Pensioner,Higher education,Married,House / apartment,-22996.0,354449.0,1.0,0.0,0.0,0.0,,2.0,0
2118,5021257,F,N,Y,0,137780.78,Pensioner,Higher education,Married,House / apartment,-22184.0,351020.0,1.0,0.0,0.0,0.0,,2.0,0
2119,5021258,F,N,Y,0,136062.42,Pensioner,Higher education,Married,House / apartment,-22055.0,356556.0,1.0,0.0,0.0,0.0,,2.0,0
2120,5021259,F,N,Y,0,138687.58,Pensioner,Higher education,Married,House / apartment,-22945.0,359431.0,1.0,0.0,0.0,0.0,,2.0,0
2121,5021260,F,N,Y,0,129846.66,Pensioner,Higher education,Married,House / apartment,-22768.0,378942.0,1.0,0.0,0.0,0.0,,2.0,0
2122,6423591,F,N,Y,0,136146.2,Pensioner,Higher education,Married,House / apartment,-21802.0,362524.0,1.0,0.0,0.0,0.0,,2.0,0
2123,5021250,F,N,Y,0,155236.74,Working,Secondary / secondary special,Married,House / apartment,-18347.0,-6760.0,1.0,0.0,0.0,0.0,Managers,2.0,0
2124,5021251,F,N,Y,0,159415.59,Working,Secondary / secondary special,Married,House / apartment,-18304.0,-6920.0,1.0,0.0,0.0,0.0,Managers,2.0,0
2125,5021253,F,N,Y,0,156914.19,Working,Secondary / secondary special,Married,House / apartment,-18497.0,-6717.0,1.0,0.0,0.0,0.0,Managers,2.0,0
2126,5021254,F,N,Y,0,161334.62,Working,Secondary / secondary special,Married,House / apartment,-18587.0,-6872.0,1.0,0.0,0.0,0.0,Managers,2.0,0
2127,5021261,F,N,Y,0,153944.86,Working,Secondary / secondary special,Married,House / apartment,-18713.0,-6834.0,1.0,0.0,0.0,0.0,Managers,2.0,0
2128,5113049,F,N,Y,0,162823.6,Working,Secondary / secondary special,Married,House / apartment,-17900.0,-6650.0,1.0,0.0,0.0,0.0,Managers,2.0,0
2129,5021263,F,N,N,0,137369.25,Working,Secondary / secondary special,Single / not married,House / apartment,-18634.0,-689.0,1.0,0.0,0.0,0.0,Sales staff,1.0,0
2130,5021264,F,N,N,0,140326.15,Working,Incomplete higher,Single / not married,Rented apartment,-11281.0,-1995.0,1.0,0.0,0.0,0.0,Accountants,1.0,0
2131,5021265,F,N,N,0,136025.22,Working,Incomplete higher,Single / not married,Rented apartment,-11608.0,-1941.0,1.0,0.0,0.0,0.0,Accountants,1.0,0
2132,5021266,F,Y,Y,1,274505.02,Working,Secondary / secondary special,Married,House / apartment,-14169.0,-4623.0,1.0,0.0,0.0,0.0,Laborers,3.0,0
2133,5021267,F,Y,Y,1,268702.65,Working,Secondary / secondary special,Married,House / apartment,-14756.0,-4415.0,1.0,0.0,0.0,0.0,Laborers,3.0,0
2134,5021270,F,Y,Y,1,270061.31,Working,Secondary / secondary special,Married,House / apartment,-14629.0,-4626.0,1.0,0.0,0.0,0.0,Laborers,3.0,0
2135,5021271,F,Y,Y,1,276724.59,Working,Secondary / secondary special,Married,House / apartment,-14500.0,-4620.0,1.0,0.0,0.0,0.0,Laborers,3.0,0
2136,5021272,F,Y,Y,1,273837.59,Working,Secondary / secondary special,Married,House / apartment,-14595.0,-4315.0,1.0,0.0,0.0,0.0,Laborers,3.0,0
2137,5021273,M,Y,Y,0,112674.54,Working,Higher education,Single / not married,House / apartment,-14414.0,-5808.0,1.0,0.0,0.0,0.0,,1.0,0
2138,5021274,M,Y,Y,0,110504.18,Working,Higher education,Single / not married,House / apartment,-14414.0,-5583.0,1.0,0.0,0.0,0.0,,1.0,0
2139,5021276,M,Y,Y,0,113054.51,Working,Higher education,Single / not married,House / apartment,-14508.0,-5762.0,1.0,0.0,0.0,0.0,,1.0,0
2140,5021277,M,Y,Y,0,109115.25,Working,Higher education,Single / not married,House / apartment,-13763.0,-5576.0,1.0,0.0,0.0,0.0,,1.0,0
2141,5021278,M,Y,Y,0,107851.35,Working,Higher education,Single / not married,House / apartment,-14154.0,-5701.0,1.0,0.0,0.0,0.0,,1.0,0
2142,5021279,M,Y,Y,0,112899.85,Working,Higher education,Single / not married,House / apartment,-14644.0,-5889.0,1.0,0.0,0.0,0.0,,1.0,0
2143,5021280,M,Y,Y,0,112056.48,Working,Higher education,Single / not married,House / apartment,-13704.0,-5937.0,1.0,0.0,0.0,0.0,,1.0,0
2144,5021281,M,Y,Y,0,111838.1,Working,Higher education,Single / not married,House / apartment,-13834.0,-5866.0,1.0,0.0,0.0,0.0,,1.0,0
2145,5090156,M,Y,Y,0,113758.44,Working,Higher education,Single / not married,House / apartment,-14175.0,-5832.0,1.0,0.0,0.0,0.0,,1.0,0
2146,5021283,F,N,Y,1,159905.32,Working,Secondary / secondary special,Married,House / apartment,-15634.0,-695.0,1.0,0.0,0.0,0.0,Cooking staff,3.0,0
2147,5021284,F,N,Y,2,139241.75,Pensioner,Secondary / secondary special,Married,House / apartment,-22155.0,372028.0,1.0,0.0,0.0,0.0,,4.0,0
2148,5021287,F,N,Y,2,135447.69,Pensioner,Secondary / secondary special,Married,House / apartment,-21451.0,350564.0,1.0,0.0,0.0,0.0,,4.0,0
2149,5021288,F,N,Y,2,132645.52,Pensioner,Secondary / secondary special,Married,House / apartment,-22577.0,360378.0,1.0,0.0,0.0,0.0,,4.0,0
2150,5021291,F,Y,Y,1,178930.81,Commercial associate,Higher education,Married,House / apartment,-11552.0,-186.0,1.0,0.0,0.0,1.0,Core staff,3.0,0
2151,5021292,F,Y,Y,1,176111.13,Commercial associate,Higher education,Married,House / apartment,-11704.0,-182.0,1.0,0.0,0.0,1.0,Core staff,3.0,0
2152,5021293,F,Y,Y,1,184416.49,Commercial associate,Higher education,Married,House / apartment,-11988.0,-178.0,1.0,0.0,0.0,1.0,Core staff,3.0,0
2153,5021294,F,Y,Y,1,180816.53,Commercial associate,Higher education,Married,House / apartment,-12143.0,-187.0,1.0,0.0,0.0,1.0,Core staff,3.0,0
2154,5021295,F,Y,Y,1,178341.96,Commercial associate,Higher education,Married,House / apartment,-12275.0,-184.0,1.0,0.0,0.0,1.0,Core staff,3.0,0
2155,5021296,F,Y,Y,1,179973.76,Commercial associate,Higher education,Married,House / apartment,-11761.0,-187.0,1.0,0.0,0.0,1.0,Core staff,3.0,0
2156,5021298,F,N,Y,0,90751.55,Working,Higher education,Single / not married,House / apartment,-15135.0,-1310.0,1.0,0.0,0.0,1.0,Core staff,1.0,0
2157,5021299,F,N,Y,0,88502.75,Working,Higher education,Single / not married,House / apartment,-14897.0,-1359.0,1.0,0.0,0.0,1.0,Core staff,1.0,0
2158,5021301,F,N,Y,0,89890.56,Working,Higher education,Single / not married,House / apartment,-15419.0,-1374.0,1.0,0.0,0.0,1.0,Core staff,1.0,0
2159,6423690,F,N,Y,0,92076.95,Working,Higher education,Single / not married,House / apartment,-15250.0,-1344.0,1.0,0.0,0.0,1.0,Core staff,1.0,0
2160,6423691,F,N,Y,0,87775.72,Working,Higher education,Single / not married,House / apartment,-15004.0,-1354.0,1.0,0.0,0.0,1.0,Core staff,1.0,0
2161,5021302,M,N,N,1,474829.36,Commercial associate,Higher education,Married,With parents,-8706.0,-918.0,1.0,0.0,0.0,1.0,,3.0,0
2162,5021305,M,N,Y,0,271678.3,Working,Secondary / secondary special,Married,House / apartment,-17162.0,-250.0,1.0,0.0,0.0,0.0,Laborers,2.0,0
2163,5021306,M,N,Y,0,262408.57,Working,Secondary / secondary special,Married,House / apartment,-17146.0,-256.0,1.0,0.0,0.0,0.0,Laborers,2.0,0
2164,5021307,M,N,Y,0,281141.84,Working,Secondary / secondary special,Married,House / apartment,-16670.0,-256.0,1.0,0.0,0.0,0.0,Laborers,2.0,0
2165,5021308,M,N,Y,0,271699.81,Working,Secondary / secondary special,Married,House / apartment,-17095.0,-252.0,1.0,0.0,0.0,0.0,Laborers,2.0,0
2166,5021309,M,N,Y,0,265507.16,Working,Secondary / secondary special,Married,House / apartment,-16502.0,-247.0,1.0,0.0,0.0,0.0,Laborers,2.0,0
2167,5021312,M,N,Y,0,273384.79,Working,Secondary / secondary special,Married,House / apartment,-17063.0,-254.0,1.0,0.0,0.0,0.0,Laborers,2.0,0
2168,5021315,M,N,Y,0,269782.24,Working,Secondary / secondary special,Married,House / apartment,-17274.0,-252.0,1.0,0.0,0.0,0.0,Laborers,2.0,0
2169,5021316,M,N,Y,0,267612.19,Working,Secondary / secondary special,Married,House / apartment,-16763.0,-252.0,1.0,0.0,0.0,0.0,Laborers,2.0,0
2170,5021317,M,N,Y,0,260191.29,Working,Secondary / secondary special,Married,House / apartment,-16202.0,-249.0,1.0,0.0,0.0,0.0,Laborers,2.0,0
2171,5021318,M,N,Y,0,267916.89,Working,Secondary / secondary special,Married,House / apartment,-17211.0,-247.0,1.0,0.0,0.0,0.0,Laborers,2.0,0
2172,5021319,M,N,Y,0,275889.45,Working,Secondary / secondary special,Married,House / apartment,-16586.0,-239.0,1.0,0.0,0.0,0.0,Laborers,2.0,0
2173,5021320,M,N,Y,0,281102.91,Working,Secondary / secondary special,Married,House / apartment,-16614.0,-251.0,1.0,0.0,0.0,0.0,Laborers,2.0,0
2174,5021321,M,N,Y,0,274584.17,Working,Secondary / secondary special,Married,House / apartment,-17376.0,-237.0,1.0,0.0,0.0,0.0,Laborers,2.0,0
2175,5021322,M,N,Y,0,272509.22,Working,Secondary / secondary special,Married,House / apartment,-16452.0,-245.0,1.0,0.0,0.0,0.0,Laborers,2.0,0
2176,5021323,M,N,Y,0,265790.88,Working,Secondary / secondary special,Married,House / apartment,-16597.0,-246.0,1.0,0.0,0.0,0.0,Laborers,2.0,0
2177,5021324,M,N,Y,0,270275.62,Working,Secondary / secondary special,Married,House / apartment,-16984.0,-253.0,1.0,0.0,0.0,0.0,Laborers,2.0,0
2178,5113087,M,N,Y,0,274900.22,Working,Secondary / secondary special,Married,House / apartment,-16779.0,-248.0,1.0,0.0,0.0,0.0,Laborers,2.0,0
2179,5113088,M,N,Y,0,274333.81,Working,Secondary / secondary special,Married,House / apartment,-17346.0,-249.0,1.0,0.0,0.0,0.0,Laborers,2.0,0
2180,5021328,F,N,Y,0,90749.31,State servant,Higher education,Married,House / apartment,-17701.0,-3783.0,1.0,0.0,0.0,0.0,Cooking staff,2.0,0
2181,5021329,F,N,Y,0,91086.2,State servant,Higher education,Married,House / apartment,-17753.0,-3745.0,1.0,0.0,0.0,0.0,Cooking staff,2.0,0
2182,5021330,F,N,Y,0,88000.17,State servant,Higher education,Married,House / apartment,-17407.0,-3778.0,1.0,0.0,0.0,0.0,Cooking staff,2.0,0
2183,5021331,F,N,Y,0,87469.48,State servant,Higher education,Married,House / apartment,-17467.0,-3902.0,1.0,0.0,0.0,0.0,Cooking staff,2.0,0
2184,5021332,F,N,Y,0,90527.21,State servant,Higher education,Married,House / apartment,-17844.0,-4020.0,1.0,0.0,0.0,0.0,Cooking staff,2.0,0
2185,5021334,F,N,Y,0,88997.67,State servant,Higher education,Married,House / apartment,-17646.0,-3855.0,1.0,0.0,0.0,0.0,Cooking staff,2.0,0
2186,5021335,F,N,Y,0,91977.97,State servant,Higher education,Married,House / apartment,-17189.0,-3654.0,1.0,0.0,0.0,0.0,Cooking staff,2.0,0
2187,5021336,F,N,Y,0,90595.23,State servant,Higher education,Married,House / apartment,-17586.0,-3823.0,1.0,0.0,0.0,0.0,Cooking staff,2.0,0
2188,5021337,F,N,Y,0,87704.65,State servant,Higher education,Married,House / apartment,-18090.0,-3858.0,1.0,0.0,0.0,0.0,Cooking staff,2.0,0
2189,5021338,F,N,Y,0,91376.06,State servant,Higher education,Married,House / apartment,-17513.0,-3716.0,1.0,0.0,0.0,0.0,Cooking staff,2.0,0
2190,5021339,M,Y,Y,3,268876.92,Working,Higher education,Married,House / apartment,-15419.0,-571.0,1.0,0.0,0.0,0.0,,5.0,0
2191,5021340,M,Y,Y,3,267714.06,Working,Higher education,Married,House / apartment,-15120.0,-589.0,1.0,0.0,0.0,0.0,,5.0,0
2192,5021341,M,Y,Y,3,272670.38,Working,Higher education,Married,House / apartment,-15306.0,-595.0,1.0,0.0,0.0,0.0,,5.0,0
2193,5021342,M,Y,Y,3,270524.06,Working,Higher education,Married,House / apartment,-14919.0,-571.0,1.0,0.0,0.0,0.0,,5.0,0
2194,5021343,M,Y,Y,3,271863.62,Working,Higher education,Married,House / apartment,-15066.0,-571.0,1.0,0.0,0.0,0.0,,5.0,0
2195,5021344,M,N,Y,0,113752.38,Working,Secondary / secondary special,Civil marriage,House / apartment,-15816.0,-1614.0,1.0,0.0,0.0,0.0,Laborers,2.0,0
2196,5021346,F,Y,Y,0,315432.93,Working,Secondary / secondary special,Civil marriage,House / apartment,-14456.0,-2070.0,1.0,0.0,0.0,0.0,Sales staff,2.0,0
2197,5021347,F,N,N,0,67426.13,Working,Secondary / secondary special,Married,Municipal apartment,-11524.0,-1087.0,1.0,1.0,1.0,0.0,,2.0,0
2198,5021348,F,N,N,0,65769.33,Working,Secondary / secondary special,Married,Municipal apartment,-11286.0,-1067.0,1.0,1.0,1.0,0.0,,2.0,0
2199,5021349,F,N,N,0,69480.56,Working,Secondary / secondary special,Married,Municipal apartment,-11006.0,-1103.0,1.0,1.0,1.0,0.0,,2.0,0
2200,5021350,M,Y,N,0,223944.25,Working,Secondary / secondary special,Married,House / apartment,-20446.0,-6642.0,1.0,0.0,0.0,0.0,Laborers,2.0,1
2201,5021353,M,Y,N,0,220474.88,Working,Secondary / secondary special,Married,House / apartment,-20352.0,-6577.0,1.0,0.0,0.0,0.0,Laborers,2.0,1
2202,5021359,M,Y,N,0,217878.85,Working,Secondary / secondary special,Married,House / apartment,-20315.0,-6420.0,1.0,0.0,0.0,0.0,Laborers,2.0,1
2203,5021360,M,Y,N,0,222297.15,Working,Secondary / secondary special,Married,House / apartment,-19941.0,-6624.0,1.0,0.0,0.0,0.0,Laborers,2.0,1
2204,5021361,M,Y,N,0,219477.18,Working,Secondary / secondary special,Married,House / apartment,-20259.0,-6613.0,1.0,0.0,0.0,0.0,Laborers,2.0,0
2205,5021362,M,Y,N,0,232522.81,Working,Secondary / secondary special,Married,House / apartment,-20052.0,-6639.0,1.0,0.0,0.0,0.0,Laborers,2.0,1
2206,5113104,M,Y,N,0,226316.29,Working,Secondary / secondary special,Married,House / apartment,-20485.0,-6456.0,1.0,0.0,0.0,0.0,Laborers,2.0,1
2207,5113105,M,Y,N,0,221351.71,Working,Secondary / secondary special,Married,House / apartment,-19987.0,-6439.0,1.0,0.0,0.0,0.0,Laborers,2.0,0
2208,5113106,M,Y,N,0,228123.42,Working,Secondary / secondary special,Married,House / apartment,-20297.0,-6700.0,1.0,0.0,0.0,0.0,Laborers,2.0,1
2209,5021354,F,N,Y,2,69566.55,State servant,Incomplete higher,Married,With parents,-13497.0,-211.0,1.0,0.0,0.0,0.0,Core staff,4.0,0
2210,5021355,F,N,Y,2,65149.43,State servant,Incomplete higher,Married,With parents,-13522.0,-219.0,1.0,0.0,0.0,0.0,Core staff,4.0,0
2211,5021358,F,N,Y,2,68342.77,State servant,Incomplete higher,Married,With parents,-13241.0,-212.0,1.0,0.0,0.0,0.0,Core staff,4.0,0
2212,6423748,F,N,Y,2,66657.42,State servant,Incomplete higher,Married,With parents,-13098.0,-216.0,1.0,0.0,0.0,0.0,Core staff,4.0,0
2213,5021365,M,N,Y,0,279962.1,Commercial associate,Secondary / secondary special,Married,House / apartment,-17853.0,-7499.0,1.0,0.0,0.0,0.0,Drivers,2.0,0
2214,5021366,M,N,Y,0,267008.26,Commercial associate,Secondary / secondary special,Married,House / apartment,-18418.0,-7543.0,1.0,0.0,0.0,0.0,Drivers,2.0,1
2215,5021367,M,N,Y,0,277627.39,Commercial associate,Secondary / secondary special,Married,House / apartment,-17560.0,-7407.0,1.0,0.0,0.0,0.0,Drivers,2.0,1
2216,5021368,M,N,Y,0,270277.88,Commercial associate,Secondary / secondary special,Married,House / apartment,-17990.0,-7650.0,1.0,0.0,0.0,0.0,Drivers,2.0,1
2217,5021370,F,N,Y,0,246165.06,Working,Higher education,Married,House / apartment,-21204.0,-583.0,1.0,0.0,0.0,1.0,Managers,2.0,0
2218,5021371,F,N,Y,0,247194.59,Working,Higher education,Married,House / apartment,-21544.0,-557.0,1.0,0.0,0.0,1.0,Managers,2.0,0
2219,5021372,F,N,Y,0,249705.53,Working,Higher education,Married,House / apartment,-22909.0,-581.0,1.0,0.0,0.0,1.0,Managers,2.0,0
2220,5021373,F,N,Y,0,253574.99,Working,Higher education,Married,House / apartment,-21606.0,-575.0,1.0,0.0,0.0,1.0,Managers,2.0,0
2221,5021375,F,N,Y,0,247812.15,Working,Higher education,Married,House / apartment,-21483.0,-554.0,1.0,0.0,0.0,1.0,Managers,2.0,0
2222,5021377,F,N,Y,0,248202.23,Working,Higher education,Married,House / apartment,-22604.0,-584.0,1.0,0.0,0.0,1.0,Managers,2.0,0
2223,5021378,F,N,Y,0,246165.66,Working,Higher education,Married,House / apartment,-22056.0,-599.0,1.0,0.0,0.0,1.0,Managers,2.0,0
2224,5021379,F,N,Y,0,239167.17,Working,Higher education,Married,House / apartment,-22691.0,-555.0,1.0,0.0,0.0,1.0,Managers,2.0,0
2225,5021380,F,N,Y,0,246654.97,Working,Higher education,Married,House / apartment,-21904.0,-567.0,1.0,0.0,0.0,1.0,Managers,2.0,0
2226,5021381,F,N,Y,0,242956.2,Working,Higher education,Married,House / apartment,-21940.0,-571.0,1.0,0.0,0.0,1.0,Managers,2.0,0
2227,5021382,F,N,Y,1,124092.98,Working,Higher education,Married,House / apartment,-11232.0,-786.0,1.0,0.0,0.0,0.0,,3.0,0
2228,5021383,F,N,Y,1,118378.5,Working,Higher education,Married,House / apartment,-10699.0,-777.0,1.0,0.0,0.0,0.0,,3.0,0
2229,5021384,F,N,Y,1,121775.79,Working,Higher education,Married,House / apartment,-10877.0,-743.0,1.0,0.0,0.0,0.0,,3.0,0
2230,5021385,F,N,Y,1,120825.18,Working,Higher education,Married,House / apartment,-11492.0,-737.0,1.0,0.0,0.0,0.0,,3.0,0
2231,5021386,F,N,Y,1,122013.18,Working,Higher education,Married,House / apartment,-11144.0,-795.0,1.0,0.0,0.0,0.0,,3.0,0
2232,5021387,F,N,Y,1,121972.03,Working,Higher education,Married,House / apartment,-11131.0,-764.0,1.0,0.0,0.0,0.0,,3.0,0
2233,5021388,F,N,Y,1,126039.55,Working,Higher education,Married,House / apartment,-11158.0,-767.0,1.0,0.0,0.0,0.0,,3.0,0
2234,5021389,F,N,Y,1,123143.55,Working,Higher education,Married,House / apartment,-11132.0,-747.0,1.0,0.0,0.0,0.0,,3.0,0
2235,5021390,F,N,Y,1,123938.66,Working,Higher education,Married,House / apartment,-10895.0,-768.0,1.0,0.0,0.0,0.0,,3.0,0
2236,5021391,F,N,Y,1,119990.31,Working,Higher education,Married,House / apartment,-10796.0,-737.0,1.0,0.0,0.0,0.0,,3.0,0
2237,5021392,F,N,Y,1,122485.55,Working,Higher education,Married,House / apartment,-11446.0,-775.0,1.0,0.0,0.0,0.0,,3.0,0
2238,6416387,F,N,Y,1,115294.61,Working,Higher education,Married,House / apartment,-11123.0,-762.0,1.0,0.0,0.0,0.0,,3.0,0
2239,6416388,F,N,Y,1,128485.55,Working,Higher education,Married,House / apartment,-11036.0,-751.0,1.0,0.0,0.0,0.0,,3.0,0
2240,5021393,F,N,Y,0,189584.62,Pensioner,Incomplete higher,Widow,House / apartment,-22047.0,365150.0,1.0,0.0,0.0,0.0,,1.0,0
2241,5021394,F,N,Y,0,187576.37,Pensioner,Incomplete higher,Widow,House / apartment,-22565.0,353681.0,1.0,0.0,0.0,0.0,,1.0,0
2242,5021397,F,N,Y,0,190026.63,Pensioner,Incomplete higher,Widow,House / apartment,-21484.0,355351.0,1.0,0.0,0.0,0.0,,1.0,0
2243,5021398,F,N,Y,0,190687.7,Pensioner,Incomplete higher,Widow,House / apartment,-21128.0,367258.0,1.0,0.0,0.0,0.0,,1.0,0
2244,5021399,F,N,Y,0,189078.93,Pensioner,Incomplete higher,Widow,House / apartment,-22032.0,368002.0,1.0,0.0,0.0,0.0,,1.0,0
2245,5021402,F,N,Y,0,188061.22,Pensioner,Incomplete higher,Widow,House / apartment,-21531.0,360795.0,1.0,0.0,0.0,0.0,,1.0,0
2246,5021404,F,N,Y,0,184917.09,Pensioner,Incomplete higher,Widow,House / apartment,-21242.0,352941.0,1.0,0.0,0.0,0.0,,1.0,0
2247,5021405,F,N,Y,0,185312.2,Pensioner,Incomplete higher,Widow,House / apartment,-21821.0,372672.0,1.0,0.0,0.0,0.0,,1.0,0
2248,5021406,F,N,Y,0,184868.38,Pensioner,Incomplete higher,Widow,House / apartment,-21958.0,362850.0,1.0,0.0,0.0,0.0,,1.0,0
2249,5113134,F,N,Y,0,188177.76,Pensioner,Incomplete higher,Widow,House / apartment,-21800.0,364576.0,1.0,0.0,0.0,0.0,,1.0,0
2250,5113135,F,N,Y,0,184666.4,Pensioner,Incomplete higher,Widow,House / apartment,-21635.0,361380.0,1.0,0.0,0.0,0.0,,1.0,0
2251,5021410,F,N,Y,0,267351.61,Working,Secondary / secondary special,Married,House / apartment,-20588.0,-3952.0,1.0,1.0,1.0,0.0,Private service staff,2.0,1
2252,5021413,F,N,Y,0,275758.11,Working,Secondary / secondary special,Married,House / apartment,-19616.0,-3889.0,1.0,1.0,1.0,0.0,Private service staff,2.0,1
2253,5021414,F,N,Y,0,268658.33,Working,Secondary / secondary special,Married,House / apartment,-19252.0,-3988.0,1.0,1.0,1.0,0.0,Private service staff,2.0,0
2254,5021415,F,N,Y,0,274739.36,Working,Secondary / secondary special,Married,House / apartment,-20330.0,-3867.0,1.0,1.0,1.0,0.0,Private service staff,2.0,1
2255,5021416,F,N,Y,0,270132.84,Working,Secondary / secondary special,Married,House / apartment,-19938.0,-3958.0,1.0,1.0,1.0,0.0,Private service staff,2.0,0
2256,5021419,F,N,Y,0,267976.1,Working,Secondary / secondary special,Married,House / apartment,-19751.0,-4115.0,1.0,1.0,1.0,0.0,Private service staff,2.0,1
2257,5021420,F,N,Y,0,263435.03,Working,Secondary / secondary special,Married,House / apartment,-19601.0,-3971.0,1.0,1.0,1.0,0.0,Private service staff,2.0,0
2258,5021421,F,N,Y,0,266811.17,Working,Secondary / secondary special,Married,House / apartment,-19724.0,-4031.0,1.0,1.0,1.0,0.0,Private service staff,2.0,0
2259,5021423,F,N,Y,0,258447.37,Working,Secondary / secondary special,Married,House / apartment,-20400.0,-3843.0,1.0,1.0,1.0,0.0,Private service staff,2.0,1
2260,6416468,F,N,Y,0,259413.26,Working,Secondary / secondary special,Married,House / apartment,-19289.0,-3977.0,1.0,1.0,1.0,0.0,Private service staff,2.0,1
2261,5021425,F,Y,Y,0,231031.52,Pensioner,Secondary / secondary special,Married,House / apartment,-22553.0,358191.0,1.0,0.0,1.0,0.0,,2.0,0
2262,5021429,F,N,Y,0,126605.35,Commercial associate,Higher education,Single / not married,House / apartment,-18858.0,-2480.0,1.0,0.0,0.0,0.0,Sales staff,1.0,0
2263,5021430,F,N,Y,0,121174.04,Commercial associate,Higher education,Single / not married,House / apartment,-19035.0,-2394.0,1.0,0.0,0.0,0.0,Sales staff,1.0,0
2264,5021431,F,N,Y,0,127732.89,Commercial associate,Higher education,Single / not married,House / apartment,-19345.0,-2540.0,1.0,0.0,0.0,0.0,Sales staff,1.0,0
2265,5021434,M,N,Y,1,265191.7,State servant,Secondary / secondary special,Married,House / apartment,-17107.0,-367.0,1.0,0.0,0.0,0.0,Laborers,3.0,0
2266,5021435,M,N,Y,1,277162.09,State servant,Secondary / secondary special,Married,House / apartment,-16891.0,-364.0,1.0,0.0,0.0,0.0,Laborers,3.0,0
2267,5113145,M,N,Y,1,280635.11,State servant,Secondary / secondary special,Married,House / apartment,-17220.0,-357.0,1.0,0.0,0.0,0.0,Laborers,3.0,0
2268,5021436,M,N,Y,1,136259.74,Working,Secondary / secondary special,Married,House / apartment,-9615.0,-1319.0,1.0,0.0,0.0,0.0,Drivers,3.0,0
2269,5021437,M,N,Y,1,135432.69,Working,Secondary / secondary special,Married,House / apartment,-9532.0,-1336.0,1.0,0.0,0.0,0.0,Drivers,3.0,0
2270,5021438,M,N,Y,1,130906.44,Working,Secondary / secondary special,Married,House / apartment,-9893.0,-1355.0,1.0,0.0,0.0,0.0,Drivers,3.0,0
2271,5021439,M,N,Y,1,133611.53,Working,Secondary / secondary special,Married,House / apartment,-9884.0,-1294.0,1.0,0.0,0.0,0.0,Drivers,3.0,0
2272,5021440,M,N,Y,1,134057.39,Working,Secondary / secondary special,Married,House / apartment,-9539.0,-1345.0,1.0,0.0,0.0,0.0,Drivers,3.0,0
2273,5021441,M,N,Y,1,135346.24,Working,Secondary / secondary special,Married,House / apartment,-9636.0,-1306.0,1.0,0.0,0.0,0.0,Drivers,3.0,0
2274,5021442,M,N,Y,1,131966.54,Working,Secondary / secondary special,Married,House / apartment,-9657.0,-1344.0,1.0,0.0,0.0,0.0,Drivers,3.0,0
2275,5021443,M,N,Y,1,134413.76,Working,Secondary / secondary special,Married,House / apartment,-9598.0,-1355.0,1.0,0.0,0.0,0.0,Drivers,3.0,0
2276,6423221,M,N,Y,1,139387.22,Working,Secondary / secondary special,Married,House / apartment,-9471.0,-1303.0,1.0,0.0,0.0,0.0,Drivers,3.0,0
2277,5021444,F,N,Y,0,121413.88,Working,Secondary / secondary special,Married,With parents,-12770.0,-5064.0,1.0,1.0,1.0,0.0,Core staff,2.0,0
2278,5021445,F,N,Y,0,121538.85,Working,Secondary / secondary special,Married,With parents,-13495.0,-5196.0,1.0,1.0,1.0,0.0,Core staff,2.0,0
2279,5021446,F,N,Y,0,117801.86,Working,Secondary / secondary special,Married,With parents,-13794.0,-5109.0,1.0,1.0,1.0,0.0,Core staff,2.0,0
2280,6423222,F,N,Y,0,116295.79,Working,Secondary / secondary special,Married,With parents,-13541.0,-5134.0,1.0,1.0,1.0,0.0,Core staff,2.0,0
2281,5021448,F,N,Y,0,201151.93,Commercial associate,Secondary / secondary special,Married,House / apartment,-22010.0,-2762.0,1.0,0.0,0.0,0.0,Cleaning staff,2.0,1
2282,5021450,F,N,Y,0,195466.46,Commercial associate,Secondary / secondary special,Married,House / apartment,-22249.0,-2674.0,1.0,0.0,0.0,0.0,Cleaning staff,2.0,1
2283,5021451,F,N,Y,0,196945.85,Pensioner,Higher education,Married,House / apartment,-20646.0,372077.0,1.0,0.0,1.0,0.0,,2.0,0
2284,5021452,F,N,Y,0,201507.72,Pensioner,Higher education,Married,House / apartment,-21138.0,357732.0,1.0,0.0,1.0,0.0,,2.0,0
2285,5021453,F,N,Y,0,202950.39,Pensioner,Higher education,Married,House / apartment,-21159.0,364505.0,1.0,0.0,1.0,0.0,,2.0,0
2286,5021454,F,N,Y,0,194654.06,Pensioner,Higher education,Married,House / apartment,-20527.0,375140.0,1.0,0.0,1.0,0.0,,2.0,0
2287,5113170,F,N,Y,0,200971.6,Pensioner,Higher education,Married,House / apartment,-20297.0,370114.0,1.0,0.0,1.0,0.0,,2.0,0
2288,5021455,F,N,Y,0,81233.56,Working,Secondary / secondary special,Married,House / apartment,-18985.0,-1107.0,1.0,1.0,1.0,0.0,Sales staff,2.0,0
2289,5021456,F,N,Y,0,80810.63,Working,Secondary / secondary special,Married,House / apartment,-18623.0,-1070.0,1.0,1.0,1.0,0.0,Sales staff,2.0,0
2290,5021457,F,N,Y,0,80200.35,Working,Secondary / secondary special,Married,House / apartment,-19676.0,-1095.0,1.0,1.0,1.0,0.0,Sales staff,2.0,0
2291,5021458,F,Y,N,1,223275.18,Working,Higher education,Civil marriage,House / apartment,-11521.0,-738.0,1.0,0.0,0.0,0.0,Core staff,3.0,0
2292,5021459,F,Y,N,1,224391.82,Working,Higher education,Civil marriage,House / apartment,-11220.0,-758.0,1.0,0.0,0.0,0.0,Core staff,3.0,0
2293,5021460,F,Y,N,1,226513.36,Working,Higher education,Civil marriage,House / apartment,-11914.0,-734.0,1.0,0.0,0.0,0.0,Core staff,3.0,0
2294,5021461,F,Y,N,1,224813.07,Working,Higher education,Civil marriage,House / apartment,-11406.0,-737.0,1.0,0.0,0.0,0.0,Core staff,3.0,0
2295,5021462,F,Y,N,1,219705.14,Working,Higher education,Civil marriage,House / apartment,-11426.0,-736.0,1.0,0.0,0.0,0.0,Core staff,3.0,0
2296,5021463,F,Y,N,1,226657.42,Working,Higher education,Civil marriage,House / apartment,-11628.0,-745.0,1.0,0.0,0.0,0.0,Core staff,3.0,0
2297,5021464,F,Y,Y,1,171968.67,Working,Higher education,Married,House / apartment,-11813.0,-700.0,1.0,0.0,0.0,0.0,Core staff,3.0,0
2298,5021465,F,Y,Y,1,166894.48,Working,Higher education,Married,House / apartment,-11737.0,-687.0,1.0,0.0,0.0,0.0,Core staff,3.0,0
2299,5021466,F,N,Y,0,94359.35,Commercial associate,Secondary / secondary special,Married,House / apartment,-8301.0,-371.0,1.0,0.0,0.0,0.0,Core staff,2.0,0
2300,5021467,F,N,Y,0,90939.45,Commercial associate,Secondary / secondary special,Married,House / apartment,-8494.0,-379.0,1.0,0.0,0.0,0.0,Core staff,2.0,0
2301,5021468,F,N,Y,0,87832.64,Commercial associate,Secondary / secondary special,Married,House / apartment,-8400.0,-361.0,1.0,0.0,0.0,0.0,Core staff,2.0,0
2302,5021471,F,N,Y,0,154578.94,Pensioner,Secondary / secondary special,Married,House / apartment,-20293.0,352072.0,1.0,0.0,1.0,0.0,,2.0,0
2303,5021472,F,N,Y,0,161667.62,Pensioner,Secondary / secondary special,Married,House / apartment,-20464.0,367553.0,1.0,0.0,1.0,0.0,,2.0,0
2304,5021474,M,N,Y,1,133910.05,Working,Secondary / secondary special,Married,House / apartment,-10808.0,-1203.0,1.0,0.0,1.0,1.0,Laborers,3.0,0
2305,5021486,M,N,Y,1,135949.89,Working,Secondary / secondary special,Married,House / apartment,-10424.0,-1225.0,1.0,0.0,1.0,1.0,Laborers,3.0,0
2306,6423322,M,N,Y,1,139605.39,Working,Secondary / secondary special,Married,House / apartment,-10505.0,-1193.0,1.0,0.0,1.0,1.0,Laborers,3.0,0
2307,5021475,F,N,Y,0,138714.56,Working,Secondary / secondary special,Married,House / apartment,-11998.0,-2565.0,1.0,0.0,1.0,1.0,Cooking staff,2.0,0
2308,5021476,F,N,Y,0,135356.26,Working,Secondary / secondary special,Married,House / apartment,-11942.0,-2459.0,1.0,0.0,1.0,1.0,Cooking staff,2.0,0
2309,5021477,F,N,Y,0,129228.98,Working,Secondary / secondary special,Married,House / apartment,-11926.0,-2463.0,1.0,0.0,1.0,1.0,Cooking staff,2.0,0
2310,5021478,F,N,Y,0,135488.49,Working,Secondary / secondary special,Married,House / apartment,-12222.0,-2366.0,1.0,0.0,1.0,1.0,Cooking staff,2.0,0
2311,5021479,F,N,Y,0,134503.89,Working,Secondary / secondary special,Married,House / apartment,-11621.0,-2501.0,1.0,0.0,1.0,1.0,Cooking staff,2.0,0
2312,5021480,F,N,Y,0,130386.76,Working,Secondary / secondary special,Married,House / apartment,-11662.0,-2507.0,1.0,0.0,1.0,1.0,Cooking staff,2.0,0
2313,5021481,F,N,Y,0,133707.0,Working,Secondary / secondary special,Married,House / apartment,-11570.0,-2513.0,1.0,0.0,1.0,1.0,Cooking staff,2.0,0
2314,5021482,F,N,Y,0,134522.3,Working,Secondary / secondary special,Married,House / apartment,-11864.0,-2462.0,1.0,0.0,1.0,1.0,Cooking staff,2.0,0
2315,5021483,F,N,Y,0,133552.31,Working,Secondary / secondary special,Married,House / apartment,-11862.0,-2518.0,1.0,0.0,1.0,1.0,Cooking staff,2.0,0
2316,5021484,F,N,Y,0,134114.35,Working,Secondary / secondary special,Married,House / apartment,-11878.0,-2446.0,1.0,0.0,1.0,1.0,Cooking staff,2.0,0
2317,5021485,F,N,Y,0,132446.8,Working,Secondary / secondary special,Married,House / apartment,-11771.0,-2483.0,1.0,0.0,1.0,1.0,Cooking staff,2.0,0
2318,5021487,M,Y,Y,0,141594.4,Commercial associate,Secondary / secondary special,Civil marriage,With parents,-10487.0,-1501.0,1.0,0.0,0.0,0.0,Laborers,2.0,0
2319,5021488,M,Y,Y,0,135819.91,Commercial associate,Secondary / secondary special,Civil marriage,With parents,-10692.0,-1539.0,1.0,0.0,0.0,0.0,Laborers,2.0,0
2320,5021489,M,Y,Y,0,137332.96,Commercial associate,Secondary / secondary special,Civil marriage,With parents,-10761.0,-1482.0,1.0,0.0,0.0,0.0,Laborers,2.0,0
2321,5021490,M,N,Y,0,134506.2,Working,Secondary / secondary special,Single / not married,House / apartment,-10768.0,-625.0,1.0,0.0,1.0,0.0,Sales staff,1.0,0
2322,5021491,M,N,Y,0,134994.63,Working,Secondary / secondary special,Single / not married,House / apartment,-10297.0,-600.0,1.0,0.0,1.0,0.0,Sales staff,1.0,0
2323,6423372,M,N,Y,0,132408.26,Working,Secondary / secondary special,Single / not married,House / apartment,-10512.0,-581.0,1.0,0.0,1.0,0.0,Sales staff,1.0,0
2324,5021493,F,N,Y,1,151639.79,Working,Secondary / secondary special,Married,Municipal apartment,-15734.0,-1878.0,1.0,0.0,0.0,0.0,Sales staff,3.0,0
2325,5021494,F,N,Y,1,162144.9,Working,Secondary / secondary special,Married,Municipal apartment,-15841.0,-1855.0,1.0,0.0,0.0,0.0,Sales staff,3.0,0
2326,5021496,F,N,Y,1,155481.55,Working,Secondary / secondary special,Married,House / apartment,-15382.0,-2844.0,1.0,0.0,0.0,0.0,,3.0,0
2327,5021497,F,N,Y,1,157713.89,Working,Secondary / secondary special,Married,House / apartment,-15633.0,-2884.0,1.0,0.0,0.0,0.0,,3.0,0
2328,5021498,F,N,Y,1,151531.79,Working,Secondary / secondary special,Married,House / apartment,-15670.0,-2840.0,1.0,0.0,0.0,0.0,,3.0,0
2329,5021499,F,N,Y,1,154276.98,Working,Secondary / secondary special,Married,House / apartment,-15175.0,-2812.0,1.0,0.0,0.0,0.0,,3.0,0
2330,5021500,M,Y,Y,4,309204.79,Working,Secondary / secondary special,Married,House / apartment,-13613.0,-418.0,1.0,0.0,0.0,0.0,Laborers,6.0,0
2331,5113188,M,Y,Y,4,301577.93,Working,Secondary / secondary special,Married,House / apartment,-13786.0,-396.0,1.0,0.0,0.0,0.0,Laborers,6.0,0
2332,5021502,F,N,Y,0,196851.88,Pensioner,Secondary / secondary special,Married,House / apartment,-20718.0,362914.0,1.0,0.0,0.0,0.0,,2.0,0
2333,5021504,F,N,Y,0,205139.86,Pensioner,Secondary / secondary special,Married,House / apartment,-20730.0,372975.0,1.0,0.0,0.0,0.0,,2.0,0
2334,5021506,F,N,Y,0,194691.27,Pensioner,Secondary / secondary special,Married,House / apartment,-21152.0,369088.0,1.0,0.0,0.0,0.0,,2.0,0
2335,5021507,F,N,Y,0,204579.0,Pensioner,Secondary / secondary special,Married,House / apartment,-20473.0,355073.0,1.0,0.0,0.0,0.0,,2.0,0
2336,5021508,F,N,Y,0,141794.84,State servant,Secondary / secondary special,Married,House / apartment,-17777.0,-10327.0,1.0,0.0,1.0,0.0,High skill tech staff,2.0,0
2337,5021509,F,N,Y,0,141897.12,State servant,Secondary / secondary special,Married,House / apartment,-18009.0,-10264.0,1.0,0.0,1.0,0.0,High skill tech staff,2.0,0
2338,5021510,F,N,Y,0,141551.32,State servant,Secondary / secondary special,Married,House / apartment,-17628.0,-10433.0,1.0,0.0,1.0,0.0,High skill tech staff,2.0,0
2339,5021513,F,N,Y,0,148012.51,State servant,Secondary / secondary special,Married,House / apartment,-17991.0,-9841.0,1.0,0.0,1.0,0.0,High skill tech staff,2.0,0
2340,5021514,F,N,Y,0,149186.41,State servant,Secondary / secondary special,Married,House / apartment,-17803.0,-10248.0,1.0,0.0,1.0,0.0,High skill tech staff,2.0,0
2341,5021515,F,N,Y,0,144799.53,State servant,Secondary / secondary special,Married,House / apartment,-18222.0,-10130.0,1.0,0.0,1.0,0.0,High skill tech staff,2.0,0
2342,5021516,F,N,Y,0,145469.38,State servant,Secondary / secondary special,Married,House / apartment,-18355.0,-10191.0,1.0,0.0,1.0,0.0,High skill tech staff,2.0,0
2343,5021517,F,N,Y,0,140755.51,State servant,Secondary / secondary special,Married,House / apartment,-17918.0,-9911.0,1.0,0.0,1.0,0.0,High skill tech staff,2.0,0
2344,5021518,F,N,Y,0,145625.49,State servant,Secondary / secondary special,Married,House / apartment,-18133.0,-9971.0,1.0,0.0,1.0,0.0,High skill tech staff,2.0,0
2345,5021519,F,N,Y,0,137928.74,State servant,Secondary / secondary special,Married,House / apartment,-18063.0,-9678.0,1.0,0.0,1.0,0.0,High skill tech staff,2.0,0
2346,5021520,F,N,Y,0,144990.46,State servant,Secondary / secondary special,Married,House / apartment,-17233.0,-10040.0,1.0,0.0,1.0,0.0,High skill tech staff,2.0,0
2347,5021522,F,N,N,0,193347.68,Working,Higher education,Married,House / apartment,-19017.0,-5004.0,1.0,0.0,0.0,1.0,Core staff,2.0,1
2348,5021525,F,N,N,0,205578.05,Working,Higher education,Married,House / apartment,-19307.0,-4683.0,1.0,0.0,0.0,1.0,Core staff,2.0,1
2349,5021526,F,N,N,0,196701.73,Working,Higher education,Married,House / apartment,-20077.0,-4857.0,1.0,0.0,0.0,1.0,Core staff,2.0,0
2350,5021527,F,N,N,0,199517.72,Working,Higher education,Married,House / apartment,-19129.0,-4884.0,1.0,0.0,0.0,1.0,Core staff,2.0,1
2351,5021528,F,N,N,0,201481.06,Working,Higher education,Married,House / apartment,-19286.0,-4827.0,1.0,0.0,0.0,1.0,Core staff,2.0,0
2352,5021529,F,N,N,0,203757.95,Working,Higher education,Married,House / apartment,-18243.0,-4897.0,1.0,0.0,0.0,1.0,Core staff,2.0,0
2353,6423402,F,N,N,0,195623.81,Working,Higher education,Married,House / apartment,-19303.0,-4788.0,1.0,0.0,0.0,1.0,Core staff,2.0,0
2354,5021530,F,N,Y,0,113695.0,Pensioner,Higher education,Widow,House / apartment,-22256.0,356291.0,1.0,0.0,0.0,0.0,,1.0,0
2355,5021532,F,N,Y,0,110253.1,Pensioner,Higher education,Widow,House / apartment,-22127.0,372264.0,1.0,0.0,0.0,0.0,,1.0,0
2356,6423404,F,N,Y,0,111640.65,Pensioner,Higher education,Widow,House / apartment,-23043.0,363283.0,1.0,0.0,0.0,0.0,,1.0,0
2357,5021533,M,Y,Y,0,133488.77,Working,Secondary / secondary special,Married,With parents,-12597.0,-2299.0,1.0,0.0,0.0,0.0,Laborers,2.0,0
2358,5021534,M,N,Y,0,66791.2,Pensioner,Secondary / secondary special,Married,House / apartment,-23478.0,357588.0,1.0,0.0,0.0,0.0,,2.0,0
2359,5021535,M,N,Y,0,67163.98,Pensioner,Secondary / secondary special,Married,House / apartment,-23575.0,373842.0,1.0,0.0,0.0,0.0,,2.0,0
2360,5021536,M,N,Y,0,66165.93,Pensioner,Secondary / secondary special,Married,House / apartment,-22829.0,375850.0,1.0,0.0,0.0,0.0,,2.0,0
2361,5021537,M,N,Y,0,67108.84,Pensioner,Secondary / secondary special,Married,House / apartment,-22724.0,354505.0,1.0,0.0,0.0,0.0,,2.0,0
2362,5021538,F,Y,N,1,307495.36,Working,Higher education,Married,House / apartment,-9236.0,-1641.0,1.0,0.0,0.0,0.0,,3.0,0
2363,5021539,F,Y,N,1,305528.71,Working,Higher education,Married,House / apartment,-8987.0,-1665.0,1.0,0.0,0.0,0.0,,3.0,0
2364,5021540,F,Y,N,1,308763.71,Working,Higher education,Married,House / apartment,-9297.0,-1605.0,1.0,0.0,0.0,0.0,,3.0,0
2365,5021541,F,Y,N,1,305096.3,Working,Higher education,Married,House / apartment,-8959.0,-1694.0,1.0,0.0,0.0,0.0,,3.0,0
2366,5021542,F,Y,N,1,310639.48,Working,Higher education,Married,House / apartment,-9344.0,-1671.0,1.0,0.0,0.0,0.0,,3.0,0
2367,5021543,F,Y,N,1,304479.96,Working,Higher education,Married,House / apartment,-9081.0,-1640.0,1.0,0.0,0.0,0.0,,3.0,0
2368,5113211,F,Y,N,1,297392.01,Working,Higher education,Married,House / apartment,-9374.0,-1692.0,1.0,0.0,0.0,0.0,,3.0,0
2369,5021544,F,N,Y,0,200281.67,Commercial associate,Secondary / secondary special,Married,House / apartment,-21244.0,-1570.0,1.0,0.0,0.0,0.0,Medicine staff,2.0,1
2370,5021545,F,N,Y,0,203944.33,Commercial associate,Secondary / secondary special,Married,House / apartment,-21047.0,-1550.0,1.0,0.0,0.0,0.0,Medicine staff,2.0,0
2371,5021546,F,N,Y,0,201591.36,Commercial associate,Secondary / secondary special,Married,House / apartment,-20827.0,-1646.0,1.0,0.0,0.0,0.0,Medicine staff,2.0,1
2372,5021547,F,N,Y,0,201956.79,Commercial associate,Secondary / secondary special,Married,House / apartment,-21321.0,-1551.0,1.0,0.0,0.0,0.0,Medicine staff,2.0,0
2373,5021548,F,N,Y,0,200614.63,Commercial associate,Secondary / secondary special,Married,House / apartment,-20802.0,-1545.0,1.0,0.0,0.0,0.0,Medicine staff,2.0,0
2374,5021549,F,N,Y,0,199872.84,Commercial associate,Secondary / secondary special,Married,House / apartment,-21366.0,-1616.0,1.0,0.0,0.0,0.0,Medicine staff,2.0,0
2375,5021550,F,N,Y,0,200559.82,Commercial associate,Secondary / secondary special,Married,House / apartment,-20702.0,-1591.0,1.0,0.0,0.0,0.0,Medicine staff,2.0,1
2376,5021551,F,N,Y,0,199563.15,Commercial associate,Secondary / secondary special,Married,House / apartment,-21107.0,-1618.0,1.0,0.0,0.0,0.0,Medicine staff,2.0,0
2377,5021552,F,N,Y,0,207509.92,Commercial associate,Secondary / secondary special,Married,House / apartment,-20998.0,-1599.0,1.0,0.0,0.0,0.0,Medicine staff,2.0,1
2378,5021553,F,N,Y,1,204300.52,Commercial associate,Secondary / secondary special,Married,House / apartment,-14677.0,-848.0,1.0,0.0,0.0,0.0,Sales staff,3.0,0
2379,5021554,M,Y,Y,1,201501.72,Commercial associate,Secondary / secondary special,Separated,House / apartment,-11698.0,-451.0,1.0,0.0,0.0,0.0,Drivers,2.0,0
2380,5021555,M,N,Y,0,136319.55,Working,Secondary / secondary special,Married,House / apartment,-18384.0,-581.0,1.0,0.0,0.0,0.0,Drivers,2.0,0
2381,5021558,M,N,Y,0,132310.31,Working,Secondary / secondary special,Married,House / apartment,-18127.0,-595.0,1.0,0.0,0.0,0.0,Drivers,2.0,0
2382,5021559,M,Y,Y,0,356645.7,Working,Incomplete higher,Married,House / apartment,-9744.0,-123.0,1.0,1.0,1.0,0.0,Sales staff,2.0,0
2383,5021560,M,Y,Y,0,353664.91,Working,Incomplete higher,Married,House / apartment,-10197.0,-121.0,1.0,1.0,1.0,0.0,Sales staff,2.0,0
2384,5021561,M,Y,Y,0,356374.48,Working,Incomplete higher,Married,House / apartment,-9729.0,-125.0,1.0,1.0,1.0,0.0,Sales staff,2.0,0
2385,5021562,M,Y,Y,0,349103.29,Working,Incomplete higher,Married,House / apartment,-9881.0,-123.0,1.0,1.0,1.0,0.0,Sales staff,2.0,0
2386,5021563,M,Y,Y,0,370938.28,Working,Incomplete higher,Married,House / apartment,-10133.0,-123.0,1.0,1.0,1.0,0.0,Sales staff,2.0,0
2387,5021564,M,Y,Y,0,366135.67,Working,Incomplete higher,Married,House / apartment,-9906.0,-121.0,1.0,1.0,1.0,0.0,Sales staff,2.0,0
2388,5021565,M,Y,Y,0,359416.63,Working,Incomplete higher,Married,House / apartment,-10050.0,-121.0,1.0,1.0,1.0,0.0,Sales staff,2.0,0
2389,6423495,M,Y,Y,0,365180.35,Working,Incomplete higher,Married,House / apartment,-9868.0,-122.0,1.0,1.0,1.0,0.0,Sales staff,2.0,0
2390,6423496,M,Y,Y,0,363447.66,Working,Incomplete higher,Married,House / apartment,-9710.0,-122.0,1.0,1.0,1.0,0.0,Sales staff,2.0,0
2391,5021566,F,N,N,0,77953.87,Working,Secondary / secondary special,Married,House / apartment,-15365.0,-4925.0,1.0,0.0,0.0,0.0,,2.0,0
2392,5021568,F,N,Y,2,121386.68,Working,Higher education,Married,House / apartment,-12419.0,-5024.0,1.0,0.0,1.0,1.0,High skill tech staff,4.0,0
2393,5021569,F,N,Y,2,124396.85,Working,Higher education,Married,House / apartment,-12506.0,-5003.0,1.0,0.0,1.0,1.0,High skill tech staff,4.0,0
2394,5021570,F,N,Y,2,123753.43,Working,Higher education,Married,House / apartment,-12590.0,-4917.0,1.0,0.0,1.0,1.0,High skill tech staff,4.0,0
2395,5021571,F,N,Y,2,124698.31,Working,Higher education,Married,House / apartment,-12071.0,-4857.0,1.0,0.0,1.0,1.0,High skill tech staff,4.0,0
2396,5021572,M,N,N,0,273792.27,State servant,Incomplete higher,Married,House / apartment,-9632.0,-1684.0,1.0,0.0,0.0,0.0,,2.0,0
2397,5021573,M,N,N,0,267432.82,State servant,Incomplete higher,Married,House / apartment,-9999.0,-1691.0,1.0,0.0,0.0,0.0,,2.0,0
2398,5021574,M,N,N,0,266625.59,State servant,Incomplete higher,Married,House / apartment,-9781.0,-1671.0,1.0,0.0,0.0,0.0,,2.0,0
2399,5021575,M,N,N,0,267650.81,State servant,Incomplete higher,Married,House / apartment,-10059.0,-1696.0,1.0,0.0,0.0,0.0,,2.0,0
2400,5021576,M,N,N,0,270522.58,State servant,Incomplete higher,Married,House / apartment,-9456.0,-1677.0,1.0,0.0,0.0,0.0,,2.0,0
2401,5021577,M,N,N,0,267317.69,State servant,Incomplete higher,Married,House / apartment,-10071.0,-1718.0,1.0,0.0,0.0,0.0,,2.0,0
2402,5021578,M,N,N,0,270650.08,State servant,Incomplete higher,Married,House / apartment,-9574.0,-1686.0,1.0,0.0,0.0,0.0,,2.0,0
2403,5021579,M,N,N,0,264871.76,State servant,Incomplete higher,Married,House / apartment,-9595.0,-1683.0,1.0,0.0,0.0,0.0,,2.0,0
2404,5021580,M,N,N,0,274207.91,State servant,Incomplete higher,Married,House / apartment,-10082.0,-1608.0,1.0,0.0,0.0,0.0,,2.0,0
2405,5021581,M,N,N,0,270584.66,State servant,Incomplete higher,Married,House / apartment,-9741.0,-1732.0,1.0,0.0,0.0,0.0,,2.0,0
2406,5021582,F,N,N,1,40690.65,State servant,Secondary / secondary special,Married,Rented apartment,-12921.0,-1958.0,1.0,0.0,0.0,0.0,Cooking staff,3.0,0
2407,5021583,F,N,N,1,41301.85,State servant,Secondary / secondary special,Married,Rented apartment,-13283.0,-1984.0,1.0,0.0,0.0,0.0,Cooking staff,3.0,0
2408,5021584,F,N,N,1,38936.94,State servant,Secondary / secondary special,Married,Rented apartment,-13196.0,-1975.0,1.0,0.0,0.0,0.0,Cooking staff,3.0,0
2409,5021585,F,N,N,1,39816.09,State servant,Secondary / secondary special,Married,Rented apartment,-12952.0,-1975.0,1.0,0.0,0.0,0.0,Cooking staff,3.0,0
2410,5021586,F,Y,Y,0,246610.32,Working,Incomplete higher,Separated,House / apartment,-19030.0,-1373.0,1.0,1.0,0.0,0.0,Accountants,1.0,0
2411,5021587,F,Y,Y,0,254169.93,Working,Incomplete higher,Separated,House / apartment,-19851.0,-1406.0,1.0,1.0,0.0,0.0,Accountants,1.0,0
2412,5021588,F,Y,Y,0,248760.07,Working,Incomplete higher,Separated,House / apartment,-20082.0,-1347.0,1.0,1.0,0.0,0.0,Accountants,1.0,0
2413,5021589,F,Y,Y,0,239990.41,Working,Incomplete higher,Separated,House / apartment,-19453.0,-1381.0,1.0,1.0,0.0,0.0,Accountants,1.0,0
2414,5021590,F,Y,Y,0,253319.66,Working,Incomplete higher,Separated,House / apartment,-19511.0,-1391.0,1.0,1.0,0.0,0.0,Accountants,1.0,0
2415,5021591,F,N,Y,0,112834.51,Pensioner,Secondary / secondary special,Married,House / apartment,-21185.0,376944.0,1.0,0.0,0.0,0.0,,2.0,0
2416,5021594,M,Y,Y,1,307355.77,Commercial associate,Secondary / secondary special,Married,House / apartment,-19321.0,-1268.0,1.0,0.0,1.0,0.0,Managers,3.0,0
2417,5021595,M,Y,Y,1,298236.03,Commercial associate,Secondary / secondary special,Married,House / apartment,-18516.0,-1293.0,1.0,0.0,1.0,0.0,Managers,3.0,0
2418,5021597,F,Y,Y,0,364129.93,Pensioner,Higher education,Married,House / apartment,-22017.0,367432.0,1.0,0.0,1.0,0.0,,2.0,0
2419,5021608,F,Y,Y,0,364007.06,Pensioner,Higher education,Married,House / apartment,-21321.0,361821.0,1.0,0.0,1.0,0.0,,2.0,0
2420,5021609,F,Y,Y,0,362024.45,Pensioner,Higher education,Married,House / apartment,-20679.0,359210.0,1.0,0.0,1.0,0.0,,2.0,0
2421,5021610,F,Y,Y,0,351691.31,Pensioner,Higher education,Married,House / apartment,-21466.0,376779.0,1.0,0.0,1.0,0.0,,2.0,0
2422,5021611,F,Y,Y,0,364688.75,Pensioner,Higher education,Married,House / apartment,-21055.0,370879.0,1.0,0.0,1.0,0.0,,2.0,0
2423,5021612,F,Y,Y,0,367902.51,Pensioner,Higher education,Married,House / apartment,-21090.0,364118.0,1.0,0.0,1.0,0.0,,2.0,0
2424,5021613,F,Y,Y,0,342673.73,Pensioner,Higher education,Married,House / apartment,-22019.0,368910.0,1.0,0.0,1.0,0.0,,2.0,0
2425,5021600,F,N,Y,0,232572.53,State servant,Higher education,Married,House / apartment,-19884.0,-2466.0,1.0,0.0,1.0,0.0,,2.0,1
2426,5021601,F,N,Y,0,220829.96,State servant,Higher education,Married,House / apartment,-19303.0,-2409.0,1.0,0.0,1.0,0.0,,2.0,1
2427,5021602,F,N,Y,0,224528.32,State servant,Higher education,Married,House / apartment,-19953.0,-2401.0,1.0,0.0,1.0,0.0,,2.0,1
2428,5021603,F,N,Y,0,222430.38,State servant,Higher education,Married,House / apartment,-19478.0,-2408.0,1.0,0.0,1.0,0.0,,2.0,0
2429,5021604,F,N,Y,0,216724.24,State servant,Higher education,Married,House / apartment,-19216.0,-2518.0,1.0,0.0,1.0,0.0,,2.0,0
2430,5021605,F,N,Y,0,221594.28,State servant,Higher education,Married,House / apartment,-19124.0,-2447.0,1.0,0.0,1.0,0.0,,2.0,0
2431,5021606,F,N,Y,0,226143.47,State servant,Higher education,Married,House / apartment,-19739.0,-2349.0,1.0,0.0,1.0,0.0,,2.0,1
2432,5021607,F,N,Y,0,224011.82,State servant,Higher education,Married,House / apartment,-19225.0,-2410.0,1.0,0.0,1.0,0.0,,2.0,0
2433,5021614,M,Y,Y,1,176533.39,Commercial associate,Secondary / secondary special,Married,Municipal apartment,-16585.0,-1522.0,1.0,0.0,0.0,0.0,Sales staff,3.0,1
2434,5021616,F,Y,Y,0,274770.14,Working,Incomplete higher,Married,House / apartment,-11125.0,-2349.0,1.0,0.0,0.0,0.0,,2.0,0
2435,5021617,F,N,Y,0,99321.46,Working,Secondary / secondary special,Civil marriage,House / apartment,-14984.0,-522.0,1.0,0.0,0.0,0.0,Cooking staff,2.0,0
2436,5021620,F,Y,Y,3,121539.01,Working,Higher education,Married,House / apartment,-15110.0,-124.0,1.0,0.0,0.0,0.0,Managers,5.0,0
2437,5021622,F,Y,Y,3,126813.04,Working,Higher education,Married,House / apartment,-14789.0,-122.0,1.0,0.0,0.0,0.0,Managers,5.0,0
2438,5021623,F,Y,Y,3,128268.33,Working,Higher education,Married,House / apartment,-15162.0,-121.0,1.0,0.0,0.0,0.0,Managers,5.0,0
2439,5021624,F,Y,Y,3,123107.77,Working,Higher education,Married,House / apartment,-15222.0,-122.0,1.0,0.0,0.0,0.0,Managers,5.0,0
2440,5021627,F,Y,Y,0,227768.75,Pensioner,Secondary / secondary special,Widow,House / apartment,-21245.0,379146.0,1.0,0.0,0.0,1.0,,1.0,0
2441,5021628,F,Y,Y,0,228754.64,Pensioner,Secondary / secondary special,Widow,House / apartment,-22318.0,373982.0,1.0,0.0,0.0,1.0,,1.0,0
2442,5021629,F,Y,Y,0,227774.15,Pensioner,Secondary / secondary special,Widow,House / apartment,-21881.0,360957.0,1.0,0.0,0.0,1.0,,1.0,0
2443,6423657,F,Y,Y,0,231301.02,Pensioner,Secondary / secondary special,Widow,House / apartment,-22222.0,357183.0,1.0,0.0,0.0,1.0,,1.0,0
2444,5021630,M,N,Y,0,151964.04,Working,Higher education,Married,House / apartment,-11859.0,-3233.0,1.0,0.0,0.0,0.0,,2.0,0
2445,5021632,M,N,Y,0,159195.88,Working,Higher education,Married,House / apartment,-12030.0,-3225.0,1.0,0.0,0.0,0.0,,2.0,0
2446,5021633,M,N,Y,0,154560.52,Working,Higher education,Married,House / apartment,-11512.0,-3268.0,1.0,0.0,0.0,0.0,,2.0,0
2447,5021634,M,N,Y,0,158415.43,Working,Higher education,Married,House / apartment,-11490.0,-3203.0,1.0,0.0,0.0,0.0,,2.0,0
2448,5021637,M,N,Y,0,161243.99,Working,Higher education,Married,House / apartment,-11732.0,-3266.0,1.0,0.0,0.0,0.0,,2.0,0
2449,5090274,M,N,Y,0,160360.73,Working,Higher education,Married,House / apartment,-11498.0,-3168.0,1.0,0.0,0.0,0.0,,2.0,0
2450,5021639,F,N,Y,0,109529.47,Commercial associate,Secondary / secondary special,Married,House / apartment,-21662.0,-424.0,1.0,0.0,0.0,0.0,Medicine staff,2.0,0
2451,5021640,F,N,Y,0,111590.96,Commercial associate,Secondary / secondary special,Married,House / apartment,-21061.0,-441.0,1.0,0.0,0.0,0.0,Medicine staff,2.0,0
2452,5021641,F,N,Y,0,110997.52,Commercial associate,Secondary / secondary special,Married,House / apartment,-21614.0,-426.0,1.0,0.0,0.0,0.0,Medicine staff,2.0,0
2453,5021642,F,N,Y,0,115984.24,Commercial associate,Secondary / secondary special,Married,House / apartment,-22337.0,-428.0,1.0,0.0,0.0,0.0,Medicine staff,2.0,0
2454,5021643,F,N,Y,0,112291.21,Pensioner,Secondary / secondary special,Married,House / apartment,-13338.0,359091.0,1.0,0.0,1.0,0.0,,2.0,0
2455,6423692,F,N,Y,0,115297.77,Pensioner,Secondary / secondary special,Married,House / apartment,-13314.0,369513.0,1.0,0.0,1.0,0.0,,2.0,0
2456,5021644,F,Y,Y,0,142883.92,Pensioner,Secondary / secondary special,Married,House / apartment,-22708.0,371240.0,1.0,0.0,0.0,0.0,,2.0,0
2457,5021645,F,N,Y,0,298398.16,Working,Higher education,Civil marriage,House / apartment,-12537.0,-5271.0,1.0,0.0,0.0,1.0,Managers,2.0,0
2458,5021646,F,N,Y,0,301357.65,Working,Higher education,Civil marriage,House / apartment,-12278.0,-5529.0,1.0,0.0,0.0,1.0,Managers,2.0,0
2459,5021647,F,N,Y,0,301815.78,Working,Higher education,Civil marriage,House / apartment,-12667.0,-5284.0,1.0,0.0,0.0,1.0,Managers,2.0,0
2460,5021648,F,N,Y,0,290940.61,Working,Higher education,Civil marriage,House / apartment,-12423.0,-5376.0,1.0,0.0,0.0,1.0,Managers,2.0,0
2461,5021649,F,N,Y,0,287500.36,Working,Higher education,Civil marriage,House / apartment,-12429.0,-5352.0,1.0,0.0,0.0,1.0,Managers,2.0,0
2462,5021650,F,N,Y,0,289069.96,Working,Higher education,Civil marriage,House / apartment,-12720.0,-5319.0,1.0,0.0,0.0,1.0,Managers,2.0,0
2463,5021651,F,N,Y,0,276260.42,Working,Higher education,Civil marriage,House / apartment,-12964.0,-5150.0,1.0,0.0,0.0,1.0,Managers,2.0,0
2464,6423693,F,N,Y,0,287005.1,Working,Higher education,Civil marriage,House / apartment,-12347.0,-5272.0,1.0,0.0,0.0,1.0,Managers,2.0,0
2465,5021652,M,Y,Y,1,263305.97,Working,Secondary / secondary special,Married,House / apartment,-13341.0,-1362.0,1.0,0.0,0.0,0.0,Low-skill Laborers,3.0,0
2466,5021653,M,Y,Y,1,270327.17,Working,Secondary / secondary special,Married,House / apartment,-13480.0,-1403.0,1.0,0.0,0.0,0.0,Low-skill Laborers,3.0,0
2467,5021654,M,Y,Y,1,266979.95,Working,Secondary / secondary special,Married,House / apartment,-12962.0,-1432.0,1.0,0.0,0.0,0.0,Low-skill Laborers,3.0,0
2468,5021655,M,Y,Y,1,274294.76,Working,Secondary / secondary special,Married,House / apartment,-13444.0,-1425.0,1.0,0.0,0.0,0.0,Low-skill Laborers,3.0,0
2469,5021656,M,Y,Y,1,263079.69,Working,Secondary / secondary special,Married,House / apartment,-13284.0,-1344.0,1.0,0.0,0.0,0.0,Low-skill Laborers,3.0,0
2470,5021657,M,Y,Y,1,272705.97,Working,Secondary / secondary special,Married,House / apartment,-13052.0,-1394.0,1.0,0.0,0.0,0.0,Low-skill Laborers,3.0,0
2471,5021658,M,Y,Y,1,280701.66,Working,Secondary / secondary special,Married,House / apartment,-12977.0,-1368.0,1.0,0.0,0.0,0.0,Low-skill Laborers,3.0,0
2472,5021659,M,Y,Y,1,273267.29,Working,Secondary / secondary special,Married,House / apartment,-13114.0,-1414.0,1.0,0.0,0.0,0.0,Low-skill Laborers,3.0,0
2473,5021660,M,Y,Y,1,268830.81,Working,Secondary / secondary special,Married,House / apartment,-13271.0,-1406.0,1.0,0.0,0.0,0.0,Low-skill Laborers,3.0,0
2474,5021661,M,Y,Y,1,280158.19,Working,Secondary / secondary special,Married,House / apartment,-13398.0,-1368.0,1.0,0.0,0.0,0.0,Low-skill Laborers,3.0,0
2475,5021662,M,N,Y,1,227846.49,Working,Secondary / secondary special,Married,House / apartment,-13770.0,-638.0,1.0,1.0,0.0,0.0,Laborers,3.0,0
2476,5021663,M,N,Y,1,226796.8,Working,Secondary / secondary special,Married,House / apartment,-13926.0,-650.0,1.0,1.0,0.0,0.0,Laborers,3.0,0
2477,5021664,M,N,Y,1,225925.15,Working,Secondary / secondary special,Married,House / apartment,-13785.0,-625.0,1.0,1.0,0.0,0.0,Laborers,3.0,0
2478,5021665,M,N,Y,1,223875.58,Working,Secondary / secondary special,Married,House / apartment,-13703.0,-645.0,1.0,1.0,0.0,0.0,Laborers,3.0,0
2479,5021668,M,N,Y,1,228706.15,Working,Secondary / secondary special,Married,House / apartment,-14339.0,-643.0,1.0,1.0,0.0,0.0,Laborers,3.0,0
2480,5021670,M,N,Y,1,219839.23,Working,Secondary / secondary special,Married,House / apartment,-13552.0,-656.0,1.0,1.0,0.0,0.0,Laborers,3.0,0
2481,5021671,M,N,Y,1,225104.27,Working,Secondary / secondary special,Married,House / apartment,-13605.0,-652.0,1.0,1.0,0.0,0.0,Laborers,3.0,0
2482,5021673,M,N,Y,1,226645.09,Working,Secondary / secondary special,Married,House / apartment,-14393.0,-633.0,1.0,1.0,0.0,0.0,Laborers,3.0,0
2483,5021674,M,N,Y,1,230228.17,Working,Secondary / secondary special,Married,House / apartment,-13759.0,-646.0,1.0,1.0,0.0,0.0,Laborers,3.0,0
2484,5021675,M,N,Y,1,223262.54,Working,Secondary / secondary special,Married,House / apartment,-13619.0,-639.0,1.0,1.0,0.0,0.0,Laborers,3.0,0
2485,5021676,M,N,Y,1,218492.4,Working,Secondary / secondary special,Married,House / apartment,-14035.0,-652.0,1.0,1.0,0.0,0.0,Laborers,3.0,0
2486,6423694,M,N,Y,1,234770.07,Working,Secondary / secondary special,Married,House / apartment,-13438.0,-641.0,1.0,1.0,0.0,0.0,Laborers,3.0,0
2487,6423696,M,N,Y,1,231315.17,Working,Secondary / secondary special,Married,House / apartment,-13418.0,-634.0,1.0,1.0,0.0,0.0,Laborers,3.0,0
2488,5021678,M,N,Y,0,195158.32,Commercial associate,Secondary / secondary special,Separated,House / apartment,-18554.0,-3692.0,1.0,0.0,0.0,0.0,Cleaning staff,1.0,1
2489,5021679,M,N,Y,0,205796.88,Commercial associate,Secondary / secondary special,Separated,House / apartment,-18482.0,-3768.0,1.0,0.0,0.0,0.0,Cleaning staff,1.0,1
2490,5021680,M,N,Y,0,206200.73,Commercial associate,Secondary / secondary special,Separated,House / apartment,-18006.0,-3607.0,1.0,0.0,0.0,0.0,Cleaning staff,1.0,0
2491,5021681,M,N,Y,0,198799.65,Commercial associate,Secondary / secondary special,Separated,House / apartment,-18107.0,-3557.0,1.0,0.0,0.0,0.0,Cleaning staff,1.0,1
2492,5021682,M,N,Y,0,204901.02,Commercial associate,Secondary / secondary special,Separated,House / apartment,-18558.0,-3582.0,1.0,0.0,0.0,0.0,Cleaning staff,1.0,0
2493,5021683,M,N,Y,0,199631.19,Commercial associate,Secondary / secondary special,Separated,House / apartment,-18552.0,-3716.0,1.0,0.0,0.0,0.0,Cleaning staff,1.0,1
2494,5021684,M,N,Y,0,204110.59,Commercial associate,Secondary / secondary special,Separated,House / apartment,-19105.0,-3485.0,1.0,0.0,0.0,0.0,Cleaning staff,1.0,0
2495,6423698,M,N,Y,0,203874.93,Commercial associate,Secondary / secondary special,Separated,House / apartment,-18992.0,-3762.0,1.0,0.0,0.0,0.0,Cleaning staff,1.0,1
2496,5021688,M,Y,Y,1,228370.21,Working,Incomplete higher,Married,House / apartment,-13239.0,-248.0,1.0,0.0,0.0,0.0,Managers,3.0,0
2497,5021691,M,Y,Y,1,227550.3,Working,Incomplete higher,Married,House / apartment,-12954.0,-247.0,1.0,0.0,0.0,0.0,Managers,3.0,0
2498,5113091,M,Y,Y,1,230790.08,Working,Incomplete higher,Married,House / apartment,-13193.0,-241.0,1.0,0.0,0.0,0.0,Managers,3.0,0
2499,5021693,M,Y,Y,2,347133.11,Working,Incomplete higher,Married,House / apartment,-12027.0,-1666.0,1.0,0.0,1.0,0.0,Laborers,4.0,0
2500,5021694,M,Y,Y,2,329269.2,Working,Incomplete higher,Married,House / apartment,-12749.0,-1734.0,1.0,0.0,1.0,0.0,Laborers,4.0,0
2501,5021695,M,Y,Y,2,332109.19,Working,Incomplete higher,Married,House / apartment,-12664.0,-1688.0,1.0,0.0,1.0,0.0,Laborers,4.0,0
2502,5021696,F,N,Y,1,178870.27,Commercial associate,Secondary / secondary special,Separated,House / apartment,-19005.0,-2125.0,1.0,0.0,1.0,1.0,Core staff,2.0,1
2503,5021697,F,N,Y,1,182946.89,Commercial associate,Secondary / secondary special,Separated,House / apartment,-18599.0,-2086.0,1.0,0.0,1.0,1.0,Core staff,2.0,1
2504,5021698,F,N,Y,1,182061.95,Commercial associate,Secondary / secondary special,Separated,House / apartment,-18985.0,-2057.0,1.0,0.0,1.0,1.0,Core staff,2.0,0
2505,5021699,F,N,Y,1,179051.37,Commercial associate,Secondary / secondary special,Separated,House / apartment,-18178.0,-2085.0,1.0,0.0,1.0,1.0,Core staff,2.0,1
2506,5021700,F,N,Y,1,179454.82,Commercial associate,Secondary / secondary special,Separated,House / apartment,-19019.0,-2092.0,1.0,0.0,1.0,1.0,Core staff,2.0,1
2507,5021701,F,N,Y,1,182852.74,Commercial associate,Secondary / secondary special,Separated,House / apartment,-18239.0,-2064.0,1.0,0.0,1.0,1.0,Core staff,2.0,0
2508,6423749,F,N,Y,1,181093.03,Commercial associate,Secondary / secondary special,Separated,House / apartment,-18371.0,-2089.0,1.0,0.0,1.0,1.0,Core staff,2.0,1
2509,5021702,F,Y,Y,1,112276.12,Working,Secondary / secondary special,Married,House / apartment,-15231.0,-3295.0,1.0,1.0,0.0,0.0,Sales staff,3.0,0
2510,5021703,F,Y,Y,1,109372.7,Working,Secondary / secondary special,Married,House / apartment,-14659.0,-3299.0,1.0,1.0,0.0,0.0,Sales staff,3.0,0
2511,5021704,F,Y,Y,1,111140.83,Working,Secondary / secondary special,Married,House / apartment,-15366.0,-3380.0,1.0,1.0,0.0,0.0,Sales staff,3.0,0
2512,5021705,F,Y,Y,1,112470.59,Working,Secondary / secondary special,Married,House / apartment,-15074.0,-3368.0,1.0,1.0,0.0,0.0,Sales staff,3.0,0
2513,5021706,F,Y,Y,1,110579.51,Working,Secondary / secondary special,Married,House / apartment,-14501.0,-3260.0,1.0,1.0,0.0,0.0,Sales staff,3.0,0
2514,5021707,F,Y,Y,1,112049.99,Working,Secondary / secondary special,Married,House / apartment,-15486.0,-3392.0,1.0,1.0,0.0,0.0,Sales staff,3.0,0
2515,5021708,F,N,Y,2,200447.42,Working,Lower secondary,Married,House / apartment,-13487.0,-5126.0,1.0,0.0,0.0,1.0,Laborers,4.0,0
2516,5021709,F,N,Y,2,200888.36,Working,Lower secondary,Married,House / apartment,-13761.0,-5162.0,1.0,0.0,0.0,1.0,Laborers,4.0,0
2517,5021710,F,N,Y,2,209593.2,Working,Lower secondary,Married,House / apartment,-13525.0,-5239.0,1.0,0.0,0.0,1.0,Laborers,4.0,0
2518,5021711,F,N,Y,2,200130.91,Working,Lower secondary,Married,House / apartment,-13666.0,-5113.0,1.0,0.0,0.0,1.0,Laborers,4.0,0
2519,6416335,F,N,Y,2,208656.37,Working,Lower secondary,Married,House / apartment,-13307.0,-5390.0,1.0,0.0,0.0,1.0,Laborers,4.0,0
2520,5021712,F,N,Y,1,241007.0,Working,Higher education,Married,House / apartment,-14375.0,-6112.0,1.0,0.0,0.0,1.0,Core staff,3.0,0
2521,5021713,F,N,Y,1,240923.26,Working,Higher education,Married,House / apartment,-13894.0,-5943.0,1.0,0.0,0.0,1.0,Core staff,3.0,0
2522,5021715,F,N,Y,1,248167.89,Working,Higher education,Married,House / apartment,-14039.0,-5897.0,1.0,0.0,0.0,1.0,Core staff,3.0,0
2523,5021716,F,Y,Y,0,179824.2,Commercial associate,Secondary / secondary special,Married,House / apartment,-17241.0,-2910.0,1.0,0.0,1.0,0.0,Sales staff,2.0,0
2524,5021717,F,Y,Y,0,182537.9,Commercial associate,Secondary / secondary special,Married,House / apartment,-16914.0,-2910.0,1.0,0.0,1.0,0.0,Sales staff,2.0,1
2525,5021718,F,Y,Y,1,611992.19,Working,Secondary / secondary special,Married,House / apartment,-17297.0,-403.0,1.0,0.0,0.0,0.0,,3.0,0
2526,5021719,F,Y,Y,1,636465.28,Working,Secondary / secondary special,Married,House / apartment,-18012.0,-412.0,1.0,0.0,0.0,0.0,,3.0,0
2527,5021720,F,Y,Y,1,645164.9,Working,Secondary / secondary special,Married,House / apartment,-18111.0,-403.0,1.0,0.0,0.0,0.0,,3.0,0
2528,5021721,F,Y,Y,1,625294.47,Working,Secondary / secondary special,Married,House / apartment,-17943.0,-403.0,1.0,0.0,0.0,0.0,,3.0,0
2529,5021722,F,Y,Y,1,639649.78,Working,Secondary / secondary special,Married,House / apartment,-17620.0,-405.0,1.0,0.0,0.0,0.0,,3.0,0
2530,5021723,F,Y,Y,1,630257.06,Working,Secondary / secondary special,Married,House / apartment,-18427.0,-388.0,1.0,0.0,0.0,0.0,,3.0,0
2531,5021724,F,Y,Y,1,623918.35,Working,Secondary / secondary special,Married,House / apartment,-18361.0,-399.0,1.0,0.0,0.0,0.0,,3.0,0
2532,5021725,F,Y,Y,1,628676.94,Working,Secondary / secondary special,Married,House / apartment,-18039.0,-398.0,1.0,0.0,0.0,0.0,,3.0,0
2533,5021726,F,Y,Y,1,631712.21,Working,Secondary / secondary special,Married,House / apartment,-17586.0,-407.0,1.0,0.0,0.0,0.0,,3.0,0
2534,5021727,F,Y,Y,1,631650.78,Working,Secondary / secondary special,Married,House / apartment,-18147.0,-389.0,1.0,0.0,0.0,0.0,,3.0,0
2535,5021728,F,Y,Y,1,633064.96,Working,Secondary / secondary special,Married,House / apartment,-17403.0,-405.0,1.0,0.0,0.0,0.0,,3.0,0
2536,5021730,F,Y,Y,1,181355.19,Commercial associate,Secondary / secondary special,Married,House / apartment,-17044.0,-1370.0,1.0,0.0,0.0,1.0,Cleaning staff,3.0,0
2537,5021732,F,Y,Y,1,177755.92,Commercial associate,Secondary / secondary special,Married,House / apartment,-17226.0,-1369.0,1.0,0.0,0.0,1.0,Cleaning staff,3.0,0
2538,5021733,F,N,Y,0,138559.52,Commercial associate,Higher education,Widow,House / apartment,-13170.0,-1793.0,1.0,0.0,0.0,0.0,Sales staff,1.0,0
2539,5021734,F,N,Y,0,195460.69,Pensioner,Secondary / secondary special,Widow,House / apartment,-21374.0,370357.0,1.0,0.0,0.0,0.0,,1.0,0
2540,5021735,F,N,Y,0,198692.45,Pensioner,Secondary / secondary special,Widow,House / apartment,-20653.0,349810.0,1.0,0.0,0.0,0.0,,1.0,0
2541,5021737,F,N,Y,0,195302.72,Pensioner,Secondary / secondary special,Widow,House / apartment,-20863.0,369489.0,1.0,0.0,0.0,0.0,,1.0,0
2542,5021738,F,N,Y,0,188478.96,Pensioner,Secondary / secondary special,Widow,House / apartment,-20733.0,365389.0,1.0,0.0,0.0,0.0,,1.0,0
2543,5021739,F,N,Y,0,190623.73,Pensioner,Secondary / secondary special,Widow,House / apartment,-21029.0,355561.0,1.0,0.0,0.0,0.0,,1.0,0
2544,5021740,F,N,Y,1,112366.61,Working,Secondary / secondary special,Married,House / apartment,-10170.0,-2816.0,1.0,0.0,0.0,1.0,Core staff,3.0,0
2545,5021741,F,N,Y,1,112178.33,Working,Secondary / secondary special,Married,House / apartment,-10463.0,-2878.0,1.0,0.0,0.0,1.0,Core staff,3.0,0
2546,5021742,F,N,Y,1,109603.68,Working,Secondary / secondary special,Married,House / apartment,-10522.0,-2799.0,1.0,0.0,0.0,1.0,Core staff,3.0,0
2547,5021744,F,N,Y,1,107911.72,Working,Secondary / secondary special,Married,House / apartment,-10447.0,-2708.0,1.0,0.0,0.0,1.0,Core staff,3.0,0
2548,5021745,F,N,Y,1,107989.57,Working,Secondary / secondary special,Married,House / apartment,-10136.0,-2712.0,1.0,0.0,0.0,1.0,Core staff,3.0,0
2549,5021746,F,N,Y,1,110218.02,Working,Secondary / secondary special,Married,House / apartment,-10447.0,-2751.0,1.0,0.0,0.0,1.0,Core staff,3.0,0
2550,5021747,F,N,Y,1,112902.33,Working,Secondary / secondary special,Married,House / apartment,-10027.0,-2834.0,1.0,0.0,0.0,1.0,Core staff,3.0,0
2551,5021748,F,N,Y,1,115129.72,Working,Secondary / secondary special,Married,House / apartment,-10648.0,-2760.0,1.0,0.0,0.0,1.0,Core staff,3.0,0
2552,5021749,F,N,Y,1,114499.77,Working,Secondary / secondary special,Married,House / apartment,-10177.0,-2785.0,1.0,0.0,0.0,1.0,Core staff,3.0,0
2553,5021750,F,N,Y,1,109099.25,Working,Secondary / secondary special,Married,House / apartment,-10124.0,-2730.0,1.0,0.0,0.0,1.0,Core staff,3.0,0
2554,5113118,F,N,Y,1,108905.11,Working,Secondary / secondary special,Married,House / apartment,-10350.0,-2851.0,1.0,0.0,0.0,1.0,Core staff,3.0,0
2555,5113119,F,N,Y,1,108510.23,Working,Secondary / secondary special,Married,House / apartment,-10301.0,-2789.0,1.0,0.0,0.0,1.0,Core staff,3.0,0
2556,5021752,F,N,Y,0,167582.25,Working,Incomplete higher,Married,House / apartment,-10850.0,-621.0,1.0,0.0,0.0,0.0,High skill tech staff,2.0,0
2557,5021753,F,N,Y,0,175115.98,Working,Incomplete higher,Married,House / apartment,-11226.0,-599.0,1.0,0.0,0.0,0.0,High skill tech staff,2.0,0
2558,5021754,F,N,Y,0,171931.57,Working,Incomplete higher,Married,House / apartment,-10883.0,-608.0,1.0,0.0,0.0,0.0,High skill tech staff,2.0,0
2559,5021756,F,Y,Y,0,426016.18,Commercial associate,Incomplete higher,Married,House / apartment,-12363.0,-1187.0,1.0,0.0,1.0,1.0,Managers,2.0,0
2560,5021761,F,N,N,0,112766.75,Commercial associate,Secondary / secondary special,Married,With parents,-16946.0,-811.0,1.0,0.0,0.0,0.0,,2.0,0
2561,5021762,F,N,N,0,111059.76,Commercial associate,Secondary / secondary special,Married,With parents,-17358.0,-799.0,1.0,0.0,0.0,0.0,,2.0,0
2562,5021763,F,N,N,0,115044.19,Commercial associate,Secondary / secondary special,Married,With parents,-16338.0,-845.0,1.0,0.0,0.0,0.0,,2.0,0
2563,5021764,F,N,N,0,113367.73,Commercial associate,Secondary / secondary special,Married,With parents,-16946.0,-823.0,1.0,0.0,0.0,0.0,,2.0,0
2564,5021765,F,N,N,0,111078.54,Commercial associate,Secondary / secondary special,Married,With parents,-16830.0,-815.0,1.0,0.0,0.0,0.0,,2.0,0
2565,5021766,F,N,N,0,111113.36,Commercial associate,Secondary / secondary special,Married,With parents,-16658.0,-822.0,1.0,0.0,0.0,0.0,,2.0,0
2566,5021767,F,N,N,0,111418.14,Commercial associate,Secondary / secondary special,Married,With parents,-16838.0,-833.0,1.0,0.0,0.0,0.0,,2.0,0
2567,5021768,F,N,N,0,107314.46,Commercial associate,Secondary / secondary special,Married,With parents,-17147.0,-827.0,1.0,0.0,0.0,0.0,,2.0,0
2568,6423223,F,N,N,0,112202.49,Commercial associate,Secondary / secondary special,Married,With parents,-17427.0,-864.0,1.0,0.0,0.0,0.0,,2.0,0
2569,5021769,F,N,Y,1,66979.86,Working,Higher education,Married,House / apartment,-12583.0,-522.0,1.0,0.0,0.0,0.0,High skill tech staff,3.0,0
2570,5021772,F,N,Y,0,288347.46,Commercial associate,Higher education,Civil marriage,House / apartment,-14653.0,-1558.0,1.0,0.0,0.0,0.0,Laborers,2.0,0
2571,5021774,F,N,Y,0,300319.42,Commercial associate,Higher education,Civil marriage,House / apartment,-14578.0,-1558.0,1.0,0.0,0.0,0.0,Laborers,2.0,0
2572,5021775,F,N,Y,0,291152.26,Commercial associate,Higher education,Civil marriage,House / apartment,-14621.0,-1540.0,1.0,0.0,0.0,0.0,Laborers,2.0,0
2573,5021776,F,N,Y,0,293158.03,Commercial associate,Higher education,Civil marriage,House / apartment,-14208.0,-1528.0,1.0,0.0,0.0,0.0,Laborers,2.0,0
2574,5021777,F,N,Y,0,292599.09,Commercial associate,Higher education,Civil marriage,House / apartment,-14871.0,-1548.0,1.0,0.0,0.0,0.0,Laborers,2.0,0
2575,5021778,F,N,Y,0,293905.61,Commercial associate,Higher education,Civil marriage,House / apartment,-14328.0,-1588.0,1.0,0.0,0.0,0.0,Laborers,2.0,0
2576,5021779,F,N,Y,0,286657.53,Commercial associate,Higher education,Civil marriage,House / apartment,-14858.0,-1554.0,1.0,0.0,0.0,0.0,Laborers,2.0,0
2577,5021780,F,N,Y,0,291705.3,Commercial associate,Higher education,Civil marriage,House / apartment,-15129.0,-1516.0,1.0,0.0,0.0,0.0,Laborers,2.0,0
2578,5021781,F,N,Y,0,303072.2,Commercial associate,Higher education,Civil marriage,House / apartment,-14139.0,-1529.0,1.0,0.0,0.0,0.0,Laborers,2.0,0
2579,5021782,F,N,Y,0,302216.06,Commercial associate,Higher education,Civil marriage,House / apartment,-14348.0,-1620.0,1.0,0.0,0.0,0.0,Laborers,2.0,0
2580,5021783,F,N,Y,0,295258.97,Commercial associate,Higher education,Civil marriage,House / apartment,-14931.0,-1557.0,1.0,0.0,0.0,0.0,Laborers,2.0,0
2581,5021788,F,Y,Y,2,152472.27,Working,Secondary / secondary special,Married,House / apartment,-14977.0,-6962.0,1.0,0.0,0.0,0.0,High skill tech staff,4.0,0
2582,5021789,F,Y,Y,2,158797.73,Working,Secondary / secondary special,Married,House / apartment,-14950.0,-6823.0,1.0,0.0,0.0,0.0,High skill tech staff,4.0,0
2583,5021790,F,Y,Y,2,159091.62,Working,Secondary / secondary special,Married,House / apartment,-15078.0,-6874.0,1.0,0.0,0.0,0.0,High skill tech staff,4.0,0
2584,5021791,F,Y,Y,2,155358.53,Working,Secondary / secondary special,Married,House / apartment,-14965.0,-6786.0,1.0,0.0,0.0,0.0,High skill tech staff,4.0,0
2585,5021792,F,Y,Y,2,157718.41,Working,Secondary / secondary special,Married,House / apartment,-15279.0,-6900.0,1.0,0.0,0.0,0.0,High skill tech staff,4.0,0
2586,6423224,F,Y,Y,2,162381.23,Working,Secondary / secondary special,Married,House / apartment,-15058.0,-6881.0,1.0,0.0,0.0,0.0,High skill tech staff,4.0,0
2587,5021793,F,N,Y,0,220731.54,Commercial associate,Secondary / secondary special,Married,House / apartment,-12284.0,-187.0,1.0,0.0,0.0,0.0,Core staff,2.0,0
2588,5021794,F,N,Y,0,234311.56,Commercial associate,Secondary / secondary special,Married,House / apartment,-12470.0,-192.0,1.0,0.0,0.0,0.0,Core staff,2.0,0
2589,5021795,F,N,Y,0,226747.32,Commercial associate,Secondary / secondary special,Married,House / apartment,-11974.0,-183.0,1.0,0.0,0.0,0.0,Core staff,2.0,0
2590,5021796,F,N,Y,0,226764.56,Commercial associate,Secondary / secondary special,Married,House / apartment,-12352.0,-190.0,1.0,0.0,0.0,0.0,Core staff,2.0,0
2591,5021797,F,N,Y,0,224446.31,Commercial associate,Secondary / secondary special,Married,House / apartment,-12125.0,-186.0,1.0,0.0,0.0,0.0,Core staff,2.0,0
2592,5021798,F,N,Y,0,216918.94,Commercial associate,Secondary / secondary special,Married,House / apartment,-12009.0,-181.0,1.0,0.0,0.0,0.0,Core staff,2.0,0
2593,5021799,F,N,Y,0,229040.72,Commercial associate,Secondary / secondary special,Married,House / apartment,-12293.0,-190.0,1.0,0.0,0.0,0.0,Core staff,2.0,0
2594,5021800,F,N,Y,0,228705.41,Commercial associate,Secondary / secondary special,Married,House / apartment,-12122.0,-190.0,1.0,0.0,0.0,0.0,Core staff,2.0,0
2595,5021801,F,N,Y,0,220400.84,Commercial associate,Secondary / secondary special,Married,House / apartment,-11967.0,-192.0,1.0,0.0,0.0,0.0,Core staff,2.0,0
2596,5021802,F,N,Y,0,224053.09,Commercial associate,Secondary / secondary special,Married,House / apartment,-12258.0,-192.0,1.0,0.0,0.0,0.0,Core staff,2.0,0
2597,5021808,M,N,Y,0,157643.21,Working,Secondary / secondary special,Single / not married,House / apartment,-10829.0,-375.0,1.0,0.0,0.0,0.0,Laborers,1.0,0
2598,5021809,F,N,Y,0,113514.93,Working,Secondary / secondary special,Married,House / apartment,-19029.0,-427.0,1.0,0.0,0.0,0.0,Laborers,2.0,0
2599,5021810,F,Y,Y,1,70454.98,Working,Secondary / secondary special,Married,House / apartment,-11430.0,-1702.0,1.0,0.0,1.0,1.0,Cooking staff,3.0,0
2600,5021814,F,Y,Y,1,67618.3,Working,Secondary / secondary special,Married,House / apartment,-11253.0,-1667.0,1.0,0.0,1.0,1.0,Cooking staff,3.0,0
2601,5021815,F,Y,Y,1,66180.85,Working,Secondary / secondary special,Married,House / apartment,-11801.0,-1703.0,1.0,0.0,1.0,1.0,Cooking staff,3.0,0
2602,5021816,F,Y,Y,1,67251.98,Working,Secondary / secondary special,Married,House / apartment,-11341.0,-1655.0,1.0,0.0,1.0,1.0,Cooking staff,3.0,0
2603,5021817,F,Y,Y,1,68608.49,Working,Secondary / secondary special,Married,House / apartment,-11730.0,-1635.0,1.0,0.0,1.0,1.0,Cooking staff,3.0,0
2604,5021818,F,Y,Y,1,67463.4,Working,Secondary / secondary special,Married,House / apartment,-11352.0,-1672.0,1.0,0.0,1.0,1.0,Cooking staff,3.0,0
2605,5021819,F,Y,Y,1,69047.7,Working,Secondary / secondary special,Married,House / apartment,-11300.0,-1678.0,1.0,0.0,1.0,1.0,Cooking staff,3.0,0
2606,5090358,F,Y,Y,1,69701.97,Working,Secondary / secondary special,Married,House / apartment,-11351.0,-1626.0,1.0,0.0,1.0,1.0,Cooking staff,3.0,0
2607,5113171,F,Y,Y,1,65571.36,Working,Secondary / secondary special,Married,House / apartment,-11331.0,-1703.0,1.0,0.0,1.0,1.0,Cooking staff,3.0,0
2608,5113172,F,Y,Y,1,65999.94,Working,Secondary / secondary special,Married,House / apartment,-11037.0,-1649.0,1.0,0.0,1.0,1.0,Cooking staff,3.0,0
2609,5021822,F,N,Y,0,161261.35,Working,Higher education,Married,House / apartment,-17574.0,-4564.0,1.0,0.0,0.0,0.0,Medicine staff,2.0,0
2610,5021826,M,N,Y,0,269229.89,Commercial associate,Higher education,Married,House / apartment,-15645.0,-1596.0,1.0,0.0,0.0,0.0,High skill tech staff,2.0,0
2611,5021827,F,N,Y,0,163493.53,Working,Incomplete higher,Married,House / apartment,-12990.0,-1878.0,1.0,0.0,0.0,0.0,Laborers,2.0,0
2612,5021828,F,N,Y,0,160066.37,Working,Incomplete higher,Married,House / apartment,-12693.0,-1919.0,1.0,0.0,0.0,0.0,Laborers,2.0,0
2613,5021829,F,N,Y,0,164203.41,Working,Incomplete higher,Married,House / apartment,-13205.0,-1897.0,1.0,0.0,0.0,0.0,Laborers,2.0,0
2614,5021830,F,N,Y,0,165973.38,Working,Incomplete higher,Married,House / apartment,-12980.0,-1932.0,1.0,0.0,0.0,0.0,Laborers,2.0,0
2615,5021831,F,N,Y,0,167432.54,Working,Incomplete higher,Married,House / apartment,-12874.0,-1858.0,1.0,0.0,0.0,0.0,Laborers,2.0,0
2616,5021832,F,Y,Y,1,157639.31,Commercial associate,Secondary / secondary special,Married,House / apartment,-11690.0,-2202.0,1.0,0.0,0.0,0.0,Accountants,3.0,0
2617,5021833,F,Y,Y,1,155191.52,Commercial associate,Secondary / secondary special,Married,House / apartment,-12167.0,-2128.0,1.0,0.0,0.0,0.0,Accountants,3.0,0
2618,5021834,F,Y,Y,1,162789.92,Commercial associate,Secondary / secondary special,Married,House / apartment,-12011.0,-2122.0,1.0,0.0,0.0,0.0,Accountants,3.0,0
2619,5021835,F,Y,Y,1,160285.81,Commercial associate,Secondary / secondary special,Married,House / apartment,-11742.0,-2102.0,1.0,0.0,0.0,0.0,Accountants,3.0,0
2620,5021836,F,Y,Y,1,160209.94,Commercial associate,Secondary / secondary special,Married,House / apartment,-12399.0,-2227.0,1.0,0.0,0.0,0.0,Accountants,3.0,0
2621,5021837,F,Y,Y,1,155929.18,Commercial associate,Secondary / secondary special,Married,House / apartment,-11974.0,-2157.0,1.0,0.0,0.0,0.0,Accountants,3.0,0
2622,5021838,F,N,Y,0,165299.1,Pensioner,Secondary / secondary special,Married,House / apartment,-20177.0,374206.0,1.0,0.0,0.0,1.0,,2.0,0
2623,5021839,F,N,Y,0,163342.39,Pensioner,Secondary / secondary special,Married,House / apartment,-20917.0,368473.0,1.0,0.0,0.0,1.0,,2.0,0
2624,5021840,F,N,Y,0,155249.37,Pensioner,Secondary / secondary special,Married,House / apartment,-20526.0,344363.0,1.0,0.0,0.0,1.0,,2.0,0
2625,5021841,F,N,Y,0,155659.58,Pensioner,Secondary / secondary special,Married,House / apartment,-20090.0,359234.0,1.0,0.0,0.0,1.0,,2.0,0
2626,5021842,F,N,Y,0,158220.5,Pensioner,Secondary / secondary special,Married,House / apartment,-20499.0,360649.0,1.0,0.0,0.0,1.0,,2.0,0
2627,5021843,F,N,Y,0,154795.76,Pensioner,Secondary / secondary special,Married,House / apartment,-20651.0,367111.0,1.0,0.0,0.0,1.0,,2.0,0
2628,6423373,F,N,Y,0,160023.71,Pensioner,Secondary / secondary special,Married,House / apartment,-20009.0,372773.0,1.0,0.0,0.0,1.0,,2.0,0
2629,5021844,F,N,Y,1,89645.94,Working,Secondary / secondary special,Civil marriage,House / apartment,-9157.0,-150.0,1.0,1.0,0.0,0.0,Medicine staff,3.0,0
2630,5021845,F,N,Y,1,93335.82,Working,Secondary / secondary special,Civil marriage,House / apartment,-9414.0,-153.0,1.0,1.0,0.0,0.0,Medicine staff,3.0,0
2631,5021846,F,N,Y,1,87510.94,Working,Secondary / secondary special,Civil marriage,House / apartment,-9133.0,-152.0,1.0,1.0,0.0,0.0,Medicine staff,3.0,0
2632,5021847,F,N,Y,1,129442.92,Working,Secondary / secondary special,Civil marriage,With parents,-10760.0,-283.0,1.0,0.0,0.0,0.0,,3.0,0
2633,5021848,F,N,Y,1,133205.96,Working,Secondary / secondary special,Civil marriage,With parents,-10337.0,-277.0,1.0,0.0,0.0,0.0,,3.0,0
2634,5021849,F,N,Y,1,133137.8,Working,Secondary / secondary special,Civil marriage,With parents,-10595.0,-293.0,1.0,0.0,0.0,0.0,,3.0,0
2635,5021850,F,N,Y,1,140438.85,Working,Secondary / secondary special,Civil marriage,With parents,-10521.0,-287.0,1.0,0.0,0.0,0.0,,3.0,0
2636,5021851,F,N,Y,1,132599.17,Working,Secondary / secondary special,Civil marriage,With parents,-10311.0,-276.0,1.0,0.0,0.0,0.0,,3.0,0
2637,5021852,F,N,Y,1,132653.8,Working,Secondary / secondary special,Civil marriage,With parents,-10034.0,-280.0,1.0,0.0,0.0,0.0,,3.0,0
2638,5021855,F,N,Y,1,134566.99,Working,Secondary / secondary special,Civil marriage,With parents,-10092.0,-282.0,1.0,0.0,0.0,0.0,,3.0,0
2639,5021856,F,N,Y,1,136310.6,Working,Secondary / secondary special,Civil marriage,With parents,-10029.0,-282.0,1.0,0.0,0.0,0.0,,3.0,0
2640,5113189,F,N,Y,1,131217.15,Working,Secondary / secondary special,Civil marriage,With parents,-10354.0,-269.0,1.0,0.0,0.0,0.0,,3.0,0
2641,5021853,F,N,Y,1,154273.03,Working,Secondary / secondary special,Civil marriage,House / apartment,-11846.0,-2114.0,1.0,0.0,0.0,0.0,Sales staff,3.0,0
2642,5021854,F,N,Y,0,176016.72,Commercial associate,Higher education,Married,House / apartment,-10765.0,-1736.0,1.0,0.0,0.0,1.0,Laborers,2.0,0
2643,5021857,F,Y,Y,1,317424.02,State servant,Higher education,Widow,House / apartment,-18465.0,-430.0,1.0,0.0,1.0,1.0,,2.0,0
2644,5021858,F,Y,Y,1,319812.48,State servant,Higher education,Widow,House / apartment,-18110.0,-437.0,1.0,0.0,1.0,1.0,,2.0,0
2645,5021861,F,Y,Y,1,321572.23,State servant,Higher education,Widow,House / apartment,-18103.0,-424.0,1.0,0.0,1.0,1.0,,2.0,0
2646,5021862,F,Y,Y,1,314911.0,State servant,Higher education,Widow,House / apartment,-18590.0,-414.0,1.0,0.0,1.0,1.0,,2.0,0
2647,5021863,F,Y,Y,1,319132.92,State servant,Higher education,Widow,House / apartment,-18334.0,-427.0,1.0,0.0,1.0,1.0,,2.0,0
2648,5021865,F,Y,Y,1,312043.63,State servant,Higher education,Widow,House / apartment,-18568.0,-422.0,1.0,0.0,1.0,1.0,,2.0,0
2649,5021866,F,Y,Y,1,318809.5,State servant,Higher education,Widow,House / apartment,-18403.0,-419.0,1.0,0.0,1.0,1.0,,2.0,0
2650,5021867,F,Y,Y,1,319557.81,State servant,Higher education,Widow,House / apartment,-17997.0,-416.0,1.0,0.0,1.0,1.0,,2.0,0
2651,5021868,F,Y,Y,1,306552.81,State servant,Higher education,Widow,House / apartment,-18333.0,-437.0,1.0,0.0,1.0,1.0,,2.0,0
2652,5021869,F,Y,Y,1,308056.69,State servant,Higher education,Widow,House / apartment,-17982.0,-420.0,1.0,0.0,1.0,1.0,,2.0,0
2653,5021870,F,Y,Y,1,317860.04,State servant,Higher education,Widow,House / apartment,-19000.0,-426.0,1.0,0.0,1.0,1.0,,2.0,0
2654,5021871,F,Y,Y,1,324593.6,State servant,Higher education,Widow,House / apartment,-18031.0,-420.0,1.0,0.0,1.0,1.0,,2.0,0
2655,5021872,F,Y,Y,1,319445.03,State servant,Higher education,Widow,House / apartment,-17832.0,-422.0,1.0,0.0,1.0,1.0,,2.0,0
2656,5021873,M,Y,N,0,170857.75,Working,Secondary / secondary special,Single / not married,Rented apartment,-9546.0,-155.0,1.0,0.0,0.0,0.0,Laborers,1.0,0
2657,5021874,M,Y,N,0,173066.53,Working,Secondary / secondary special,Single / not married,Rented apartment,-9403.0,-157.0,1.0,0.0,0.0,0.0,Laborers,1.0,0
2658,5021876,M,N,Y,2,134433.98,Working,Secondary / secondary special,Married,House / apartment,-13417.0,-2461.0,1.0,0.0,0.0,0.0,Laborers,4.0,0
2659,5021877,M,N,Y,2,134986.73,Working,Secondary / secondary special,Married,House / apartment,-13379.0,-2548.0,1.0,0.0,0.0,0.0,Laborers,4.0,0
2660,5021878,M,N,Y,2,138438.13,Working,Secondary / secondary special,Married,House / apartment,-13422.0,-2563.0,1.0,0.0,0.0,0.0,Laborers,4.0,0
2661,5021879,M,Y,N,2,114397.79,Working,Secondary / secondary special,Married,House / apartment,-12830.0,-218.0,1.0,0.0,1.0,0.0,Laborers,4.0,0
2662,5021880,M,Y,N,2,115227.83,Working,Secondary / secondary special,Married,House / apartment,-13003.0,-219.0,1.0,0.0,1.0,0.0,Laborers,4.0,0
2663,5021881,M,Y,N,2,113982.81,Working,Secondary / secondary special,Married,House / apartment,-13587.0,-215.0,1.0,0.0,1.0,0.0,Laborers,4.0,0
2664,5113190,M,Y,N,2,110819.16,Working,Secondary / secondary special,Married,House / apartment,-13086.0,-208.0,1.0,0.0,1.0,0.0,Laborers,4.0,0
2665,5021882,F,Y,Y,0,137189.44,Commercial associate,Higher education,Married,House / apartment,-17106.0,-1369.0,1.0,0.0,0.0,0.0,Managers,2.0,0
2666,5021883,F,Y,Y,0,139544.81,Commercial associate,Higher education,Married,House / apartment,-16823.0,-1319.0,1.0,0.0,0.0,0.0,Managers,2.0,0
2667,5021884,F,Y,Y,0,135188.22,Commercial associate,Higher education,Married,House / apartment,-16684.0,-1339.0,1.0,0.0,0.0,0.0,Managers,2.0,0
2668,5021886,F,Y,Y,0,133581.66,Commercial associate,Higher education,Married,House / apartment,-17347.0,-1323.0,1.0,0.0,0.0,0.0,Managers,2.0,0
2669,5021887,F,Y,Y,0,134570.08,Commercial associate,Higher education,Married,House / apartment,-17339.0,-1379.0,1.0,0.0,0.0,0.0,Managers,2.0,0
2670,5021888,F,Y,Y,0,134700.5,Commercial associate,Higher education,Married,House / apartment,-16705.0,-1409.0,1.0,0.0,0.0,0.0,Managers,2.0,0
2671,5021889,F,Y,Y,0,139926.79,Commercial associate,Higher education,Married,House / apartment,-17039.0,-1390.0,1.0,0.0,0.0,0.0,Managers,2.0,0
2672,5021890,F,Y,Y,0,136345.83,Commercial associate,Higher education,Married,House / apartment,-17160.0,-1442.0,1.0,0.0,0.0,0.0,Managers,2.0,0
2673,5021891,F,Y,Y,0,132869.25,Commercial associate,Higher education,Married,House / apartment,-16400.0,-1422.0,1.0,0.0,0.0,0.0,Managers,2.0,0
2674,5021892,F,Y,Y,0,133655.16,Commercial associate,Higher education,Married,House / apartment,-17089.0,-1360.0,1.0,0.0,0.0,0.0,Managers,2.0,0
2675,6423407,F,Y,Y,0,133526.95,Commercial associate,Higher education,Married,House / apartment,-17326.0,-1376.0,1.0,0.0,0.0,0.0,Managers,2.0,0
2676,5021895,F,N,Y,0,331546.11,Pensioner,Secondary / secondary special,Civil marriage,House / apartment,-22384.0,375856.0,1.0,0.0,0.0,0.0,,2.0,0
2677,5021898,F,N,Y,0,330879.49,Pensioner,Secondary / secondary special,Civil marriage,House / apartment,-20819.0,365677.0,1.0,0.0,0.0,0.0,,2.0,0
2678,5021899,F,N,Y,0,330146.03,Pensioner,Secondary / secondary special,Civil marriage,House / apartment,-20713.0,362981.0,1.0,0.0,0.0,0.0,,2.0,0
2679,5021900,F,N,Y,0,321427.02,Pensioner,Secondary / secondary special,Civil marriage,House / apartment,-21079.0,361232.0,1.0,0.0,0.0,0.0,,2.0,0
2680,5021901,F,N,Y,0,319553.68,Pensioner,Secondary / secondary special,Civil marriage,House / apartment,-21671.0,370060.0,1.0,0.0,0.0,0.0,,2.0,0
2681,5021902,F,N,Y,0,321878.85,Pensioner,Secondary / secondary special,Civil marriage,House / apartment,-21515.0,365321.0,1.0,0.0,0.0,0.0,,2.0,0
2682,5021903,F,N,Y,0,331131.63,Pensioner,Secondary / secondary special,Civil marriage,House / apartment,-21075.0,361620.0,1.0,0.0,0.0,0.0,,2.0,0
2683,5021904,M,Y,Y,0,227636.02,Working,Secondary / secondary special,Married,House / apartment,-10337.0,-1179.0,1.0,0.0,0.0,0.0,Laborers,2.0,0
2684,5021905,M,Y,Y,0,223291.65,Working,Secondary / secondary special,Married,House / apartment,-10407.0,-1157.0,1.0,0.0,0.0,0.0,Laborers,2.0,0
2685,5021906,M,Y,Y,0,225539.2,Working,Secondary / secondary special,Married,House / apartment,-10289.0,-1158.0,1.0,0.0,0.0,0.0,Laborers,2.0,0
2686,5021907,M,Y,Y,0,220696.18,Working,Secondary / secondary special,Married,House / apartment,-10585.0,-1161.0,1.0,0.0,0.0,0.0,Laborers,2.0,0
2687,5021908,M,Y,Y,0,219908.91,Working,Secondary / secondary special,Married,House / apartment,-10215.0,-1135.0,1.0,0.0,0.0,0.0,Laborers,2.0,0
2688,5021909,M,Y,Y,0,221942.6,Working,Secondary / secondary special,Married,House / apartment,-10089.0,-1174.0,1.0,0.0,0.0,0.0,Laborers,2.0,0
2689,5021910,M,Y,Y,0,222082.12,Working,Secondary / secondary special,Married,House / apartment,-10461.0,-1155.0,1.0,0.0,0.0,0.0,Laborers,2.0,0
2690,5021911,M,Y,Y,0,222063.27,Working,Secondary / secondary special,Married,House / apartment,-10342.0,-1123.0,1.0,0.0,0.0,0.0,Laborers,2.0,0
2691,5021912,M,Y,Y,0,220915.64,Working,Secondary / secondary special,Married,House / apartment,-10793.0,-1143.0,1.0,0.0,0.0,0.0,Laborers,2.0,0
2692,5021916,M,Y,Y,0,146790.0,Pensioner,Secondary / secondary special,Married,House / apartment,-22634.0,353600.0,1.0,0.0,1.0,0.0,,2.0,0
2693,5021917,M,Y,Y,0,146263.34,Pensioner,Secondary / secondary special,Married,House / apartment,-23249.0,362834.0,1.0,0.0,1.0,0.0,,2.0,0
2694,5021919,F,Y,N,1,75886.58,Pensioner,Secondary / secondary special,Married,Municipal apartment,-21993.0,367994.0,1.0,0.0,1.0,0.0,,3.0,0
2695,5021920,F,Y,N,1,78894.9,Pensioner,Secondary / secondary special,Married,Municipal apartment,-21789.0,360376.0,1.0,0.0,1.0,0.0,,3.0,0
2696,5021922,F,N,Y,0,136865.94,Working,Higher education,Married,House / apartment,-12523.0,-1564.0,1.0,0.0,1.0,0.0,Core staff,2.0,0
2697,5021923,F,N,Y,0,134055.83,Working,Higher education,Married,House / apartment,-12938.0,-1572.0,1.0,0.0,1.0,0.0,Core staff,2.0,0
2698,5021924,F,N,Y,0,134215.34,Working,Higher education,Married,House / apartment,-12489.0,-1569.0,1.0,0.0,1.0,0.0,Core staff,2.0,0
2699,5021926,F,Y,Y,2,136136.88,Working,Higher education,Separated,House / apartment,-21125.0,-5462.0,1.0,1.0,1.0,0.0,Sales staff,3.0,0
2700,5021928,F,N,Y,0,66269.98,Pensioner,Higher education,Married,House / apartment,-22002.0,370564.0,1.0,0.0,0.0,0.0,,2.0,0
2701,5021929,F,N,Y,0,67520.66,Pensioner,Higher education,Married,House / apartment,-22390.0,368830.0,1.0,0.0,0.0,0.0,,2.0,0
2702,5021930,F,N,Y,0,67059.18,Pensioner,Higher education,Married,House / apartment,-22844.0,352837.0,1.0,0.0,0.0,0.0,,2.0,0
2703,5021931,F,N,Y,0,67442.25,Pensioner,Higher education,Married,House / apartment,-21654.0,363053.0,1.0,0.0,0.0,0.0,,2.0,0
2704,5021933,F,N,Y,0,67654.05,Pensioner,Higher education,Married,House / apartment,-22087.0,357686.0,1.0,0.0,0.0,0.0,,2.0,0
2705,5021935,F,N,Y,0,67461.64,Pensioner,Higher education,Married,House / apartment,-22402.0,360810.0,1.0,0.0,0.0,0.0,,2.0,0
2706,5021936,F,N,Y,0,67065.36,Pensioner,Higher education,Married,House / apartment,-22389.0,379615.0,1.0,0.0,0.0,0.0,,2.0,0
2707,5021937,F,N,Y,0,67908.03,Pensioner,Higher education,Married,House / apartment,-21880.0,367699.0,1.0,0.0,0.0,0.0,,2.0,0
2708,5021938,F,N,Y,0,68797.87,Pensioner,Higher education,Married,House / apartment,-22526.0,381853.0,1.0,0.0,0.0,0.0,,2.0,0
2709,5021939,F,N,Y,0,67870.46,Pensioner,Higher education,Married,House / apartment,-22151.0,368090.0,1.0,0.0,0.0,0.0,,2.0,0
2710,6423546,F,N,Y,0,66109.92,Pensioner,Higher education,Married,House / apartment,-22014.0,367894.0,1.0,0.0,0.0,0.0,,2.0,0
2711,5021940,F,Y,Y,0,443925.69,Commercial associate,Higher education,Married,House / apartment,-12446.0,-464.0,1.0,0.0,0.0,0.0,Managers,2.0,0
2712,5021942,F,Y,Y,0,437364.22,Commercial associate,Higher education,Married,House / apartment,-12304.0,-469.0,1.0,0.0,0.0,0.0,Managers,2.0,0
2713,5021943,F,Y,Y,0,430624.69,Commercial associate,Higher education,Married,House / apartment,-12297.0,-440.0,1.0,0.0,0.0,0.0,Managers,2.0,0
2714,5021944,F,Y,Y,0,428855.73,Commercial associate,Higher education,Married,House / apartment,-12661.0,-477.0,1.0,0.0,0.0,0.0,Managers,2.0,0
2715,5021945,F,Y,Y,0,436669.9,Commercial associate,Higher education,Married,House / apartment,-12208.0,-456.0,1.0,0.0,0.0,0.0,Managers,2.0,0
2716,5021946,F,Y,Y,0,441310.37,Commercial associate,Higher education,Married,House / apartment,-12540.0,-455.0,1.0,0.0,0.0,0.0,Managers,2.0,0
2717,5021947,F,Y,Y,0,450939.49,Commercial associate,Higher education,Married,House / apartment,-12258.0,-459.0,1.0,0.0,0.0,0.0,Managers,2.0,0
2718,5021948,F,Y,Y,0,451046.31,Commercial associate,Higher education,Married,House / apartment,-12625.0,-448.0,1.0,0.0,0.0,0.0,Managers,2.0,0
2719,5021949,F,Y,Y,0,461853.01,Commercial associate,Higher education,Married,House / apartment,-12316.0,-450.0,1.0,0.0,0.0,0.0,Managers,2.0,0
2720,5021950,F,Y,Y,0,456082.75,Commercial associate,Higher education,Married,House / apartment,-12671.0,-444.0,1.0,0.0,0.0,0.0,Managers,2.0,0
2721,5021951,F,Y,Y,0,434043.94,Commercial associate,Higher education,Married,House / apartment,-12135.0,-462.0,1.0,0.0,0.0,0.0,Managers,2.0,0
2722,5021954,F,N,Y,0,68482.99,Working,Secondary / secondary special,Single / not married,With parents,-8975.0,-2092.0,1.0,0.0,0.0,0.0,High skill tech staff,1.0,0
2723,5021955,F,N,Y,0,68512.86,Working,Secondary / secondary special,Single / not married,With parents,-9062.0,-2042.0,1.0,0.0,0.0,0.0,High skill tech staff,1.0,0
2724,5021956,F,N,Y,0,66924.2,Working,Secondary / secondary special,Single / not married,With parents,-9147.0,-2072.0,1.0,0.0,0.0,0.0,High skill tech staff,1.0,0
2725,5113218,F,N,Y,0,65842.99,Working,Secondary / secondary special,Single / not married,With parents,-8914.0,-2129.0,1.0,0.0,0.0,0.0,High skill tech staff,1.0,0
2726,5021958,F,Y,Y,0,77806.98,Working,Higher education,Married,House / apartment,-17604.0,-4171.0,1.0,0.0,0.0,0.0,,2.0,0
2727,5021959,F,Y,Y,0,77004.22,Working,Higher education,Married,House / apartment,-17650.0,-4202.0,1.0,0.0,0.0,0.0,,2.0,0
2728,5021961,F,Y,Y,0,76775.23,Working,Higher education,Married,House / apartment,-17903.0,-4149.0,1.0,0.0,0.0,0.0,,2.0,0
2729,5021964,F,N,N,1,104732.43,Working,Secondary / secondary special,Married,House / apartment,-11438.0,-1188.0,1.0,0.0,0.0,0.0,Sales staff,3.0,0
2730,5021965,F,N,N,1,103517.87,Working,Secondary / secondary special,Married,House / apartment,-11369.0,-1243.0,1.0,0.0,0.0,0.0,Sales staff,3.0,0
2731,5021966,F,N,N,1,102705.32,Working,Secondary / secondary special,Married,House / apartment,-11755.0,-1193.0,1.0,0.0,0.0,0.0,Sales staff,3.0,0
2732,5021967,F,N,N,1,106006.84,Working,Secondary / secondary special,Married,House / apartment,-12004.0,-1174.0,1.0,0.0,0.0,0.0,Sales staff,3.0,0
2733,5021968,F,N,N,1,104036.22,Working,Secondary / secondary special,Married,House / apartment,-11714.0,-1193.0,1.0,0.0,0.0,0.0,Sales staff,3.0,0
2734,5021969,F,N,N,1,102118.97,Working,Secondary / secondary special,Married,House / apartment,-12143.0,-1215.0,1.0,0.0,0.0,0.0,Sales staff,3.0,0
2735,5021970,F,N,N,1,100836.94,Working,Secondary / secondary special,Married,House / apartment,-11283.0,-1219.0,1.0,0.0,0.0,0.0,Sales staff,3.0,0
2736,5021972,F,N,N,1,102711.35,Working,Secondary / secondary special,Married,House / apartment,-11605.0,-1186.0,1.0,0.0,0.0,0.0,Sales staff,3.0,0
2737,5021973,F,N,N,1,102129.37,Working,Secondary / secondary special,Married,House / apartment,-11619.0,-1210.0,1.0,0.0,0.0,0.0,Sales staff,3.0,0
2738,5021974,F,N,N,1,104066.61,Working,Secondary / secondary special,Married,House / apartment,-11612.0,-1194.0,1.0,0.0,0.0,0.0,Sales staff,3.0,0
2739,5021975,F,N,N,1,102551.35,Working,Secondary / secondary special,Married,House / apartment,-11908.0,-1180.0,1.0,0.0,0.0,0.0,Sales staff,3.0,0
2740,5113221,F,N,N,1,105123.57,Working,Secondary / secondary special,Married,House / apartment,-11475.0,-1126.0,1.0,0.0,0.0,0.0,Sales staff,3.0,0
2741,5021976,F,N,N,1,176391.24,Working,Secondary / secondary special,Single / not married,Rented apartment,-12581.0,-2022.0,1.0,0.0,0.0,1.0,,2.0,0
2742,5021977,F,N,N,1,174631.82,Working,Secondary / secondary special,Single / not married,Rented apartment,-12798.0,-1997.0,1.0,0.0,0.0,1.0,,2.0,0
2743,5021978,F,N,N,1,181276.44,Working,Secondary / secondary special,Single / not married,Rented apartment,-12836.0,-2044.0,1.0,0.0,0.0,1.0,,2.0,0
2744,5021979,F,N,N,1,184129.64,Working,Secondary / secondary special,Single / not married,Rented apartment,-12956.0,-1956.0,1.0,0.0,0.0,1.0,,2.0,0
2745,5021980,F,N,N,1,179180.81,Working,Secondary / secondary special,Single / not married,Rented apartment,-13132.0,-1981.0,1.0,0.0,0.0,1.0,,2.0,0
2746,5021981,M,N,Y,0,312019.15,Pensioner,Secondary / secondary special,Married,House / apartment,-19612.0,358690.0,1.0,0.0,0.0,0.0,,2.0,0
2747,5021983,M,Y,Y,1,221913.85,Working,Secondary / secondary special,Married,House / apartment,-11054.0,-4146.0,1.0,0.0,0.0,0.0,Laborers,3.0,0
2748,5021984,M,Y,Y,1,227312.42,Working,Secondary / secondary special,Married,House / apartment,-11671.0,-4121.0,1.0,0.0,0.0,0.0,Laborers,3.0,0
2749,5021985,M,Y,Y,1,229818.99,Working,Secondary / secondary special,Married,House / apartment,-11448.0,-4142.0,1.0,0.0,0.0,0.0,Laborers,3.0,0
2750,5021986,M,Y,Y,1,227223.99,Working,Secondary / secondary special,Married,House / apartment,-11312.0,-4157.0,1.0,0.0,0.0,0.0,Laborers,3.0,0
2751,5113231,M,Y,Y,1,225525.04,Working,Secondary / secondary special,Married,House / apartment,-10687.0,-4189.0,1.0,0.0,0.0,0.0,Laborers,3.0,0
2752,5021987,M,Y,Y,0,135608.87,Working,Higher education,Married,House / apartment,-9277.0,-854.0,1.0,0.0,0.0,0.0,Sales staff,2.0,0
2753,5021988,M,Y,Y,0,131311.01,Working,Higher education,Married,House / apartment,-9280.0,-824.0,1.0,0.0,0.0,0.0,Sales staff,2.0,0
2754,5021989,M,Y,Y,0,136804.13,Working,Higher education,Married,House / apartment,-9358.0,-858.0,1.0,0.0,0.0,0.0,Sales staff,2.0,0
2755,5021990,M,Y,Y,0,135356.53,Working,Higher education,Married,House / apartment,-9655.0,-841.0,1.0,0.0,0.0,0.0,Sales staff,2.0,0
2756,5021991,M,Y,Y,0,135552.14,Working,Higher education,Married,House / apartment,-9339.0,-830.0,1.0,0.0,0.0,0.0,Sales staff,2.0,0
2757,5021992,M,Y,Y,0,134998.3,Working,Higher education,Married,House / apartment,-9112.0,-859.0,1.0,0.0,0.0,0.0,Sales staff,2.0,0
2758,5021993,M,Y,Y,0,139811.65,Working,Higher education,Married,House / apartment,-9290.0,-806.0,1.0,0.0,0.0,0.0,Sales staff,2.0,0
2759,5021994,M,Y,Y,0,137825.12,Working,Higher education,Married,House / apartment,-9103.0,-841.0,1.0,0.0,0.0,0.0,Sales staff,2.0,0
2760,5021995,M,Y,Y,0,131344.63,Working,Higher education,Married,House / apartment,-9153.0,-867.0,1.0,0.0,0.0,0.0,Sales staff,2.0,0
2761,5021996,M,Y,Y,0,134947.36,Working,Higher education,Married,House / apartment,-9565.0,-845.0,1.0,0.0,0.0,0.0,Sales staff,2.0,0
2762,5021997,M,N,Y,0,91361.76,Commercial associate,Secondary / secondary special,Married,House / apartment,-19026.0,-1650.0,1.0,0.0,0.0,1.0,,2.0,0
2763,5021999,F,N,Y,0,256283.24,Commercial associate,Secondary / secondary special,Civil marriage,House / apartment,-14334.0,-590.0,1.0,0.0,0.0,0.0,Laborers,2.0,0
2764,5022000,M,N,Y,0,149803.19,Working,Secondary / secondary special,Single / not married,House / apartment,-19521.0,-1059.0,1.0,0.0,0.0,0.0,Laborers,1.0,0
2765,5022001,M,N,Y,0,155779.04,Working,Secondary / secondary special,Single / not married,House / apartment,-19509.0,-1007.0,1.0,0.0,0.0,0.0,Laborers,1.0,0
2766,5022002,M,N,Y,0,158103.78,Working,Secondary / secondary special,Single / not married,House / apartment,-20583.0,-1030.0,1.0,0.0,0.0,0.0,Laborers,1.0,0
2767,5113051,M,N,Y,0,153638.14,Working,Secondary / secondary special,Single / not married,House / apartment,-20036.0,-1010.0,1.0,0.0,0.0,0.0,Laborers,1.0,0
2768,5022003,M,Y,Y,0,112106.33,Working,Secondary / secondary special,Single / not married,House / apartment,-9879.0,-1588.0,1.0,0.0,0.0,0.0,,1.0,0
2769,5022004,M,Y,Y,0,111408.81,Working,Secondary / secondary special,Single / not married,House / apartment,-9597.0,-1603.0,1.0,0.0,0.0,0.0,,1.0,0
2770,5022005,M,Y,Y,0,114586.16,Working,Secondary / secondary special,Single / not married,House / apartment,-10019.0,-1619.0,1.0,0.0,0.0,0.0,,1.0,0
2771,5022006,M,Y,Y,0,113305.09,Working,Secondary / secondary special,Single / not married,House / apartment,-9723.0,-1660.0,1.0,0.0,0.0,0.0,,1.0,0
2772,5022007,M,Y,Y,0,112395.19,Working,Secondary / secondary special,Single / not married,House / apartment,-9894.0,-1615.0,1.0,0.0,0.0,0.0,,1.0,0
2773,5022008,M,Y,Y,0,114076.46,Working,Secondary / secondary special,Single / not married,House / apartment,-9845.0,-1601.0,1.0,0.0,0.0,0.0,,1.0,0
2774,5022009,M,Y,Y,0,113476.27,Working,Secondary / secondary special,Single / not married,House / apartment,-10212.0,-1687.0,1.0,0.0,0.0,0.0,,1.0,0
2775,5022010,M,Y,Y,0,113495.65,Working,Secondary / secondary special,Single / not married,House / apartment,-10310.0,-1586.0,1.0,0.0,0.0,0.0,,1.0,0
2776,5022011,M,Y,Y,0,114266.35,Working,Secondary / secondary special,Single / not married,House / apartment,-9770.0,-1631.0,1.0,0.0,0.0,0.0,,1.0,0
2777,5022012,M,Y,Y,0,112136.47,Working,Secondary / secondary special,Single / not married,House / apartment,-10098.0,-1658.0,1.0,0.0,0.0,0.0,,1.0,0
2778,5022013,M,Y,Y,0,111460.53,Working,Secondary / secondary special,Single / not married,House / apartment,-9939.0,-1635.0,1.0,0.0,0.0,0.0,,1.0,0
2779,5022014,M,Y,Y,0,119681.9,Working,Secondary / secondary special,Single / not married,House / apartment,-9719.0,-1577.0,1.0,0.0,0.0,0.0,,1.0,0
2780,5022015,M,Y,Y,0,109112.05,Working,Secondary / secondary special,Single / not married,House / apartment,-9946.0,-1601.0,1.0,0.0,0.0,0.0,,1.0,0
2781,5022016,M,Y,Y,0,110563.87,Working,Secondary / secondary special,Single / not married,House / apartment,-9916.0,-1576.0,1.0,0.0,0.0,0.0,,1.0,0
2782,5022017,M,Y,Y,0,112561.9,Working,Secondary / secondary special,Single / not married,House / apartment,-10143.0,-1621.0,1.0,0.0,0.0,0.0,,1.0,0
2783,5022018,M,Y,Y,0,111395.95,Working,Secondary / secondary special,Single / not married,House / apartment,-10036.0,-1567.0,1.0,0.0,0.0,0.0,,1.0,0
2784,5022019,M,Y,Y,0,115161.97,Working,Secondary / secondary special,Single / not married,House / apartment,-9755.0,-1600.0,1.0,0.0,0.0,0.0,,1.0,0
2785,5022020,M,Y,Y,0,112940.01,Working,Secondary / secondary special,Single / not married,House / apartment,-9788.0,-1613.0,1.0,0.0,0.0,0.0,,1.0,0
2786,5022021,M,Y,Y,0,117140.83,Working,Secondary / secondary special,Single / not married,House / apartment,-10240.0,-1612.0,1.0,0.0,0.0,0.0,,1.0,0
2787,5022022,M,Y,Y,0,110809.21,Working,Secondary / secondary special,Single / not married,House / apartment,-9646.0,-1631.0,1.0,0.0,0.0,0.0,,1.0,0
2788,5022023,M,Y,Y,0,117715.8,Working,Secondary / secondary special,Single / not married,House / apartment,-10161.0,-1613.0,1.0,0.0,0.0,0.0,,1.0,0
2789,5022024,M,Y,Y,0,113229.41,Working,Secondary / secondary special,Single / not married,House / apartment,-10290.0,-1613.0,1.0,0.0,0.0,0.0,,1.0,0
2790,5022025,M,Y,Y,0,113605.4,Working,Secondary / secondary special,Single / not married,House / apartment,-9858.0,-1632.0,1.0,0.0,0.0,0.0,,1.0,0
2791,5022026,M,Y,Y,0,111623.88,Working,Secondary / secondary special,Single / not married,House / apartment,-9795.0,-1573.0,1.0,0.0,0.0,0.0,,1.0,0
2792,5022027,M,Y,Y,0,112360.22,Working,Secondary / secondary special,Single / not married,House / apartment,-9750.0,-1663.0,1.0,0.0,0.0,0.0,,1.0,0
2793,6423615,M,Y,Y,0,113264.24,Working,Secondary / secondary special,Single / not married,House / apartment,-10029.0,-1602.0,1.0,0.0,0.0,0.0,,1.0,0
2794,6423616,M,Y,Y,0,112651.2,Working,Secondary / secondary special,Single / not married,House / apartment,-9513.0,-1634.0,1.0,0.0,0.0,0.0,,1.0,0
2795,6423617,M,Y,Y,0,111064.84,Working,Secondary / secondary special,Single / not married,House / apartment,-9977.0,-1555.0,1.0,0.0,0.0,0.0,,1.0,0
2796,5022029,M,Y,Y,1,316418.43,Commercial associate,Secondary / secondary special,Married,House / apartment,-14525.0,-2930.0,1.0,1.0,0.0,1.0,Security staff,3.0,0
2797,5022030,M,Y,Y,1,321338.08,Commercial associate,Secondary / secondary special,Married,House / apartment,-14777.0,-3089.0,1.0,1.0,0.0,1.0,Security staff,3.0,0
2798,5022031,M,Y,Y,1,306157.58,Commercial associate,Secondary / secondary special,Married,House / apartment,-15367.0,-3012.0,1.0,1.0,0.0,1.0,Security staff,3.0,0
2799,6423618,M,Y,Y,1,314902.92,Commercial associate,Secondary / secondary special,Married,House / apartment,-14983.0,-2978.0,1.0,1.0,0.0,1.0,Security staff,3.0,0
2800,5022033,M,N,Y,0,144778.38,Pensioner,Secondary / secondary special,Married,House / apartment,-22876.0,366074.0,1.0,0.0,1.0,0.0,,2.0,0
2801,5022034,M,N,Y,0,143242.73,Pensioner,Secondary / secondary special,Married,House / apartment,-22454.0,359639.0,1.0,0.0,1.0,0.0,,2.0,0
2802,5022038,M,N,Y,0,189496.09,Working,Secondary / secondary special,Married,House / apartment,-10559.0,-1416.0,1.0,0.0,0.0,1.0,Sales staff,2.0,0
2803,5022039,M,N,Y,0,177743.81,Working,Secondary / secondary special,Married,House / apartment,-9618.0,-1403.0,1.0,0.0,0.0,1.0,Sales staff,2.0,0
2804,5022040,M,N,Y,0,180403.0,Working,Secondary / secondary special,Married,House / apartment,-10014.0,-1399.0,1.0,0.0,0.0,1.0,Sales staff,2.0,0
2805,5022041,M,N,Y,0,178804.67,Working,Secondary / secondary special,Married,House / apartment,-10190.0,-1389.0,1.0,0.0,0.0,1.0,Sales staff,2.0,0
2806,5022042,M,N,Y,0,181780.68,Working,Secondary / secondary special,Married,House / apartment,-10157.0,-1449.0,1.0,0.0,0.0,1.0,Sales staff,2.0,0
2807,5090394,F,Y,N,1,228277.63,Commercial associate,Secondary / secondary special,Separated,House / apartment,-11622.0,-1696.0,1.0,0.0,0.0,1.0,Core staff,2.0,0
2808,5113069,F,Y,N,1,221624.17,Commercial associate,Secondary / secondary special,Separated,House / apartment,-11422.0,-1743.0,1.0,0.0,0.0,1.0,Core staff,2.0,0
2809,5113070,F,Y,N,1,227039.67,Commercial associate,Secondary / secondary special,Separated,House / apartment,-11642.0,-1711.0,1.0,0.0,0.0,1.0,Core staff,2.0,0
2810,5022046,M,Y,Y,0,134692.09,Working,Secondary / secondary special,Married,Office apartment,-14972.0,-8487.0,1.0,1.0,1.0,0.0,Drivers,2.0,0
2811,5022047,M,Y,Y,0,134642.97,Working,Secondary / secondary special,Married,Office apartment,-14866.0,-7999.0,1.0,1.0,1.0,0.0,Drivers,2.0,0
2812,6423658,M,Y,Y,0,135553.9,Working,Secondary / secondary special,Married,Office apartment,-14881.0,-8445.0,1.0,1.0,1.0,0.0,Drivers,2.0,0
2813,5022048,M,N,Y,0,202453.11,Working,Higher education,Single / not married,House / apartment,-12561.0,-4455.0,1.0,0.0,0.0,0.0,,1.0,0
2814,5022049,M,N,Y,0,203694.02,Working,Higher education,Single / not married,House / apartment,-12581.0,-4304.0,1.0,0.0,0.0,0.0,,1.0,0
2815,5022051,M,N,Y,0,206250.03,Working,Higher education,Single / not married,House / apartment,-12650.0,-4430.0,1.0,0.0,0.0,0.0,,1.0,0
2816,5022052,M,N,Y,0,206334.2,Working,Higher education,Single / not married,House / apartment,-12594.0,-4474.0,1.0,0.0,0.0,0.0,,1.0,0
2817,5022054,M,N,Y,0,210051.41,Working,Higher education,Single / not married,House / apartment,-12696.0,-4233.0,1.0,0.0,0.0,0.0,,1.0,0
2818,5022056,F,N,Y,0,60104.26,Working,Secondary / secondary special,Married,House / apartment,-14911.0,-5005.0,1.0,0.0,0.0,1.0,Laborers,2.0,0
2819,5022057,F,N,Y,0,58765.14,Working,Secondary / secondary special,Married,House / apartment,-14698.0,-4783.0,1.0,0.0,0.0,1.0,Laborers,2.0,0
2820,5022058,F,N,Y,0,58934.73,Working,Secondary / secondary special,Married,House / apartment,-14951.0,-4885.0,1.0,0.0,0.0,1.0,Laborers,2.0,0
2821,5022059,F,N,Y,0,56092.36,Working,Secondary / secondary special,Married,House / apartment,-15375.0,-4931.0,1.0,0.0,0.0,1.0,Laborers,2.0,0
2822,5022060,F,N,Y,0,58138.85,Working,Secondary / secondary special,Married,House / apartment,-14792.0,-4915.0,1.0,0.0,0.0,1.0,Laborers,2.0,0
2823,6423699,F,N,Y,0,57509.58,Working,Secondary / secondary special,Married,House / apartment,-14247.0,-4880.0,1.0,0.0,0.0,1.0,Laborers,2.0,0
2824,6423700,F,N,Y,0,58072.62,Working,Secondary / secondary special,Married,House / apartment,-14471.0,-4840.0,1.0,0.0,0.0,1.0,Laborers,2.0,0
2825,5022062,F,N,Y,0,183066.82,Pensioner,Higher education,Married,House / apartment,-20025.0,372649.0,1.0,0.0,1.0,0.0,,2.0,0
2826,5022063,F,N,Y,0,181704.02,Pensioner,Higher education,Married,House / apartment,-19587.0,365029.0,1.0,0.0,1.0,0.0,,2.0,0
2827,5022064,F,N,Y,0,182450.73,Pensioner,Higher education,Married,House / apartment,-20434.0,368010.0,1.0,0.0,1.0,0.0,,2.0,0
2828,5022065,F,N,Y,0,174194.88,Pensioner,Higher education,Married,House / apartment,-19683.0,378967.0,1.0,0.0,1.0,0.0,,2.0,0
2829,5022066,F,N,Y,0,210605.76,Working,Higher education,Married,With parents,-11171.0,-3642.0,1.0,0.0,1.0,0.0,Core staff,2.0,0
2830,5022068,F,N,Y,0,90661.11,Working,Secondary / secondary special,Married,House / apartment,-20103.0,-1208.0,1.0,1.0,0.0,0.0,Sales staff,2.0,0
2831,5022071,F,N,Y,0,90447.13,Working,Secondary / secondary special,Married,House / apartment,-19106.0,-1245.0,1.0,1.0,0.0,0.0,Sales staff,2.0,0
2832,5022072,F,N,Y,0,84789.17,Working,Secondary / secondary special,Married,House / apartment,-19312.0,-1223.0,1.0,1.0,0.0,0.0,Sales staff,2.0,0
2833,5022073,F,N,Y,0,88264.3,Working,Secondary / secondary special,Married,House / apartment,-19228.0,-1182.0,1.0,1.0,0.0,0.0,Sales staff,2.0,0
2834,5022074,F,N,Y,0,87526.95,Working,Secondary / secondary special,Married,House / apartment,-19400.0,-1208.0,1.0,1.0,0.0,0.0,Sales staff,2.0,0
2835,5022075,F,N,Y,0,90995.38,Working,Secondary / secondary special,Married,House / apartment,-19135.0,-1205.0,1.0,1.0,0.0,0.0,Sales staff,2.0,0
2836,5022076,F,N,Y,0,93533.47,Working,Secondary / secondary special,Married,House / apartment,-19182.0,-1216.0,1.0,1.0,0.0,0.0,Sales staff,2.0,0
2837,5022077,F,N,Y,0,89136.79,Working,Secondary / secondary special,Married,House / apartment,-19219.0,-1536.0,1.0,1.0,1.0,0.0,,2.0,0
2838,5022078,F,N,Y,0,93307.51,Working,Secondary / secondary special,Married,House / apartment,-19443.0,-1487.0,1.0,1.0,1.0,0.0,,2.0,0
2839,5022079,F,N,Y,0,89762.65,Working,Secondary / secondary special,Married,House / apartment,-19524.0,-1546.0,1.0,1.0,1.0,0.0,,2.0,0
2840,5022080,F,N,Y,0,90435.29,Working,Secondary / secondary special,Married,House / apartment,-19194.0,-1556.0,1.0,1.0,1.0,0.0,,2.0,0
2841,5022081,F,N,Y,0,89372.71,Working,Secondary / secondary special,Married,House / apartment,-19384.0,-1594.0,1.0,1.0,1.0,0.0,,2.0,0
2842,5022082,F,N,Y,0,89554.03,Working,Secondary / secondary special,Married,House / apartment,-20354.0,-1510.0,1.0,1.0,1.0,0.0,,2.0,0
2843,5022083,F,N,Y,0,91901.3,Working,Secondary / secondary special,Married,House / apartment,-19041.0,-1556.0,1.0,1.0,1.0,0.0,,2.0,0
2844,5022084,F,N,Y,0,91666.05,Working,Secondary / secondary special,Married,House / apartment,-19369.0,-1562.0,1.0,1.0,1.0,0.0,,2.0,0
2845,5022085,F,N,Y,0,91589.36,Working,Secondary / secondary special,Married,House / apartment,-19274.0,-1560.0,1.0,1.0,1.0,0.0,,2.0,0
2846,5022086,F,Y,Y,0,196652.72,Commercial associate,Incomplete higher,Married,House / apartment,-16106.0,-4221.0,1.0,1.0,1.0,1.0,Accountants,2.0,0
2847,5022087,F,Y,Y,0,204560.57,Commercial associate,Incomplete higher,Married,House / apartment,-15819.0,-4186.0,1.0,1.0,1.0,1.0,Accountants,2.0,1
2848,5022089,F,Y,Y,0,204453.65,Commercial associate,Incomplete higher,Married,House / apartment,-15385.0,-4148.0,1.0,1.0,1.0,1.0,Accountants,2.0,0
2849,5022090,F,Y,Y,0,195492.22,Commercial associate,Incomplete higher,Married,House / apartment,-15822.0,-4191.0,1.0,1.0,1.0,1.0,Accountants,2.0,1
2850,5022092,F,Y,Y,0,207268.64,Commercial associate,Incomplete higher,Married,House / apartment,-15263.0,-4097.0,1.0,1.0,1.0,1.0,Accountants,2.0,1
2851,5022093,F,N,Y,0,75569.24,Pensioner,Secondary / secondary special,Single / not married,House / apartment,-22209.0,366379.0,1.0,0.0,1.0,0.0,,1.0,0
2852,5022094,F,N,Y,0,76848.0,Pensioner,Secondary / secondary special,Single / not married,House / apartment,-22196.0,354229.0,1.0,0.0,1.0,0.0,,1.0,0
2853,5022095,F,N,Y,0,75537.04,Pensioner,Secondary / secondary special,Single / not married,House / apartment,-22172.0,373667.0,1.0,0.0,1.0,0.0,,1.0,0
2854,5022097,F,N,Y,0,74805.82,Pensioner,Secondary / secondary special,Single / not married,House / apartment,-21602.0,369782.0,1.0,0.0,1.0,0.0,,1.0,0
2855,5022098,F,N,Y,0,76897.59,Pensioner,Secondary / secondary special,Single / not married,House / apartment,-21728.0,365517.0,1.0,0.0,1.0,0.0,,1.0,0
2856,5022099,F,N,Y,0,75047.2,Pensioner,Secondary / secondary special,Single / not married,House / apartment,-22470.0,360781.0,1.0,0.0,1.0,0.0,,1.0,0
2857,5022100,F,N,Y,0,76419.2,Pensioner,Secondary / secondary special,Single / not married,House / apartment,-22411.0,366675.0,1.0,0.0,1.0,0.0,,1.0,0
2858,5022101,F,N,Y,0,78211.23,Pensioner,Secondary / secondary special,Single / not married,House / apartment,-21839.0,376382.0,1.0,0.0,1.0,0.0,,1.0,0
2859,5022102,F,N,N,0,96323.69,Working,Secondary / secondary special,Single / not married,Rented apartment,-17776.0,-2611.0,1.0,0.0,0.0,0.0,Security staff,1.0,0
2860,5022103,F,N,N,0,93348.27,Working,Secondary / secondary special,Single / not married,Rented apartment,-18486.0,-2649.0,1.0,0.0,0.0,0.0,Security staff,1.0,0
2861,5022105,F,N,Y,1,110995.56,Working,Secondary / secondary special,Single / not married,House / apartment,-18076.0,-5378.0,1.0,1.0,1.0,1.0,High skill tech staff,2.0,0
2862,5022107,F,N,Y,1,114048.39,Working,Secondary / secondary special,Single / not married,House / apartment,-18304.0,-5431.0,1.0,1.0,1.0,1.0,High skill tech staff,2.0,0
2863,5022108,F,N,Y,1,112052.41,Working,Secondary / secondary special,Single / not married,House / apartment,-17953.0,-5536.0,1.0,1.0,1.0,1.0,High skill tech staff,2.0,0
2864,5022109,F,N,Y,1,113009.09,Working,Secondary / secondary special,Single / not married,House / apartment,-17919.0,-5654.0,1.0,1.0,1.0,1.0,High skill tech staff,2.0,0
2865,5022111,F,N,Y,1,112553.52,Working,Secondary / secondary special,Single / not married,House / apartment,-17862.0,-5473.0,1.0,1.0,1.0,1.0,High skill tech staff,2.0,0
2866,5022112,F,N,Y,1,116388.8,Working,Secondary / secondary special,Single / not married,House / apartment,-18030.0,-5716.0,1.0,1.0,1.0,1.0,High skill tech staff,2.0,0
2867,6416337,F,N,Y,1,111393.68,Working,Secondary / secondary special,Single / not married,House / apartment,-18218.0,-5441.0,1.0,1.0,1.0,1.0,High skill tech staff,2.0,0
2868,5022113,M,Y,Y,1,135809.11,Working,Higher education,Married,House / apartment,-9581.0,-127.0,1.0,0.0,0.0,0.0,Core staff,3.0,0
2869,5022114,M,Y,Y,1,136543.03,Working,Higher education,Married,House / apartment,-9603.0,-126.0,1.0,0.0,0.0,0.0,Core staff,3.0,0
2870,5022115,M,Y,Y,1,131610.31,Working,Higher education,Married,House / apartment,-9715.0,-126.0,1.0,0.0,0.0,0.0,Core staff,3.0,0
2871,5022116,M,N,Y,0,312097.21,Working,Secondary / secondary special,Married,House / apartment,-19478.0,-1114.0,1.0,0.0,0.0,0.0,Laborers,2.0,0
2872,5022117,M,N,Y,0,311304.08,Working,Secondary / secondary special,Married,House / apartment,-19610.0,-1163.0,1.0,0.0,0.0,0.0,Laborers,2.0,0
2873,5022118,M,N,Y,0,314768.56,Working,Secondary / secondary special,Married,House / apartment,-19874.0,-1155.0,1.0,0.0,0.0,0.0,Laborers,2.0,0
2874,5022119,M,N,Y,0,313691.67,Working,Secondary / secondary special,Married,House / apartment,-20822.0,-1096.0,1.0,0.0,0.0,0.0,Laborers,2.0,0
2875,5022120,M,N,Y,0,317641.95,Working,Secondary / secondary special,Married,House / apartment,-19364.0,-1131.0,1.0,0.0,0.0,0.0,Laborers,2.0,0
2876,5022122,M,N,Y,0,315485.17,Working,Secondary / secondary special,Married,House / apartment,-19373.0,-1132.0,1.0,0.0,0.0,0.0,Laborers,2.0,0
2877,5022123,M,N,Y,0,318733.2,Working,Secondary / secondary special,Married,House / apartment,-20303.0,-1147.0,1.0,0.0,0.0,0.0,Laborers,2.0,0
2878,5022124,M,N,Y,0,309575.9,Working,Secondary / secondary special,Married,House / apartment,-19837.0,-1173.0,1.0,0.0,0.0,0.0,Laborers,2.0,0
2879,5090465,M,N,Y,0,307868.28,Working,Secondary / secondary special,Married,House / apartment,-19177.0,-1150.0,1.0,0.0,0.0,0.0,Laborers,2.0,0
2880,5022125,F,N,Y,0,133521.39,Commercial associate,Higher education,Civil marriage,House / apartment,-10185.0,-1533.0,1.0,0.0,0.0,1.0,,2.0,0
2881,5022126,F,N,Y,0,133832.94,Commercial associate,Higher education,Civil marriage,House / apartment,-9580.0,-1535.0,1.0,0.0,0.0,1.0,,2.0,0
2882,5022127,F,N,Y,0,133379.87,Commercial associate,Higher education,Civil marriage,House / apartment,-10042.0,-1556.0,1.0,0.0,0.0,1.0,,2.0,0
2883,5113120,F,N,Y,0,136199.76,Commercial associate,Higher education,Civil marriage,House / apartment,-10123.0,-1529.0,1.0,0.0,0.0,1.0,,2.0,0
2884,5022128,F,N,Y,0,135815.51,Pensioner,Higher education,Single / not married,House / apartment,-22041.0,350122.0,1.0,0.0,0.0,0.0,,1.0,0
2885,5022130,M,Y,N,2,204058.89,Commercial associate,Secondary / secondary special,Married,House / apartment,-13896.0,-769.0,1.0,0.0,0.0,0.0,Sales staff,4.0,0
2886,5022131,M,Y,N,2,203680.55,Commercial associate,Secondary / secondary special,Married,House / apartment,-13490.0,-752.0,1.0,0.0,0.0,0.0,Sales staff,4.0,0
2887,5022132,M,Y,N,2,210738.47,Commercial associate,Secondary / secondary special,Married,House / apartment,-13216.0,-747.0,1.0,0.0,0.0,0.0,Sales staff,4.0,0
2888,5022133,M,Y,N,2,213567.05,Commercial associate,Secondary / secondary special,Married,House / apartment,-13373.0,-774.0,1.0,0.0,0.0,0.0,Sales staff,4.0,0
2889,5022134,M,Y,N,2,207346.23,Commercial associate,Secondary / secondary special,Married,House / apartment,-13169.0,-782.0,1.0,0.0,0.0,0.0,Sales staff,4.0,0
2890,6416389,M,Y,N,2,205896.95,Commercial associate,Secondary / secondary special,Married,House / apartment,-13478.0,-762.0,1.0,0.0,0.0,0.0,Sales staff,4.0,0
2891,5022135,F,N,Y,0,127162.37,Pensioner,Secondary / secondary special,Married,House / apartment,-20989.0,352454.0,1.0,0.0,0.0,0.0,,2.0,0
2892,5022136,F,N,Y,0,123926.68,Pensioner,Secondary / secondary special,Married,House / apartment,-20583.0,376675.0,1.0,0.0,0.0,0.0,,2.0,0
2893,5022137,F,N,Y,0,124015.65,Pensioner,Secondary / secondary special,Married,House / apartment,-20979.0,364302.0,1.0,0.0,0.0,0.0,,2.0,0
2894,5022138,F,N,Y,0,126245.52,Pensioner,Secondary / secondary special,Married,House / apartment,-20501.0,354476.0,1.0,0.0,0.0,0.0,,2.0,0
2895,5022140,F,N,Y,0,205256.27,Commercial associate,Secondary / secondary special,Single / not married,House / apartment,-19396.0,-2018.0,1.0,0.0,0.0,0.0,Sales staff,1.0,1
2896,5022141,F,N,Y,0,213019.24,Commercial associate,Secondary / secondary special,Single / not married,House / apartment,-20058.0,-2092.0,1.0,0.0,0.0,0.0,Sales staff,1.0,1
2897,5022142,F,N,Y,0,208129.85,Commercial associate,Secondary / secondary special,Single / not married,House / apartment,-19713.0,-1937.0,1.0,0.0,0.0,0.0,Sales staff,1.0,1
2898,5022143,F,N,Y,0,173991.12,Working,Secondary / secondary special,Married,House / apartment,-13056.0,-1636.0,1.0,0.0,0.0,0.0,Sales staff,2.0,0
2899,5022144,F,N,Y,0,177106.92,Working,Secondary / secondary special,Married,House / apartment,-13570.0,-1668.0,1.0,0.0,0.0,0.0,Sales staff,2.0,0
2900,5022145,F,N,Y,0,177517.7,Working,Secondary / secondary special,Married,House / apartment,-13263.0,-1619.0,1.0,0.0,0.0,0.0,Sales staff,2.0,0
2901,5022146,F,N,Y,0,180338.84,Working,Secondary / secondary special,Married,House / apartment,-13298.0,-1681.0,1.0,0.0,0.0,0.0,Sales staff,2.0,0
2902,5022147,F,Y,Y,2,178440.02,Commercial associate,Higher education,Married,House / apartment,-11866.0,-2931.0,1.0,0.0,1.0,1.0,,4.0,0
2903,5022148,F,Y,Y,2,179995.61,Commercial associate,Higher education,Married,House / apartment,-11590.0,-2886.0,1.0,0.0,1.0,1.0,,4.0,0
2904,5022149,F,Y,Y,2,176151.56,Commercial associate,Higher education,Married,House / apartment,-11673.0,-2816.0,1.0,0.0,1.0,1.0,,4.0,0
2905,5022150,F,Y,Y,2,183593.57,Commercial associate,Higher education,Married,House / apartment,-11796.0,-2850.0,1.0,0.0,1.0,1.0,,4.0,0
2906,5022152,F,Y,Y,2,175133.59,Commercial associate,Higher education,Married,House / apartment,-11928.0,-2861.0,1.0,0.0,1.0,1.0,,4.0,0
2907,5022153,F,Y,Y,2,177895.3,Commercial associate,Higher education,Married,House / apartment,-11507.0,-2921.0,1.0,0.0,1.0,1.0,,4.0,0
2908,5022154,F,Y,Y,2,178333.67,Commercial associate,Higher education,Married,House / apartment,-11871.0,-2824.0,1.0,0.0,1.0,1.0,,4.0,0
2909,5022155,F,Y,Y,2,175772.8,Commercial associate,Higher education,Married,House / apartment,-11637.0,-2951.0,1.0,0.0,1.0,1.0,,4.0,0
2910,5022156,F,Y,Y,2,182740.26,Commercial associate,Higher education,Married,House / apartment,-11561.0,-2894.0,1.0,0.0,1.0,1.0,,4.0,0
2911,5022157,F,Y,Y,2,181085.7,Commercial associate,Higher education,Married,House / apartment,-11825.0,-2860.0,1.0,0.0,1.0,1.0,,4.0,0
2912,5022158,F,Y,Y,2,178765.67,Commercial associate,Higher education,Married,House / apartment,-11663.0,-2919.0,1.0,0.0,1.0,1.0,,4.0,0
2913,5022161,F,N,Y,0,292319.14,Pensioner,Secondary / secondary special,Separated,House / apartment,-21911.0,360208.0,1.0,0.0,1.0,0.0,,1.0,0
2914,5113146,F,N,Y,0,285921.13,Pensioner,Secondary / secondary special,Separated,House / apartment,-21929.0,361623.0,1.0,0.0,1.0,0.0,,1.0,0
2915,5022163,F,N,N,1,114641.22,Working,Secondary / secondary special,Married,House / apartment,-11878.0,-2793.0,1.0,0.0,0.0,0.0,Sales staff,3.0,0
2916,5022164,F,N,N,1,112510.25,Working,Secondary / secondary special,Married,House / apartment,-11992.0,-2771.0,1.0,0.0,0.0,0.0,Sales staff,3.0,0
2917,5113147,F,N,N,1,114214.28,Working,Secondary / secondary special,Married,House / apartment,-12186.0,-2768.0,1.0,0.0,0.0,0.0,Sales staff,3.0,0
2918,5022168,M,N,N,0,45862.77,Working,Lower secondary,Married,House / apartment,-13481.0,-772.0,1.0,0.0,1.0,0.0,Low-skill Laborers,2.0,0
2919,5022172,F,N,N,0,132269.17,Working,Secondary / secondary special,Single / not married,Municipal apartment,-20116.0,-128.0,1.0,0.0,0.0,0.0,Cooking staff,1.0,0
2920,5022174,F,N,N,0,134425.73,Working,Secondary / secondary special,Single / not married,Municipal apartment,-20234.0,-125.0,1.0,0.0,0.0,0.0,Cooking staff,1.0,0
2921,5022175,F,N,N,0,136191.09,Working,Secondary / secondary special,Single / not married,Municipal apartment,-19780.0,-128.0,1.0,0.0,0.0,0.0,Cooking staff,1.0,0
2922,5022176,F,N,N,1,134941.48,Commercial associate,Secondary / secondary special,Separated,House / apartment,-15122.0,-8015.0,1.0,0.0,0.0,0.0,High skill tech staff,2.0,0
2923,5022177,F,N,N,1,127495.52,Commercial associate,Secondary / secondary special,Separated,House / apartment,-15057.0,-7859.0,1.0,0.0,0.0,0.0,High skill tech staff,2.0,0
2924,5022178,F,N,N,1,138389.58,Commercial associate,Secondary / secondary special,Separated,House / apartment,-15131.0,-7817.0,1.0,0.0,0.0,0.0,High skill tech staff,2.0,0
2925,5022179,F,N,N,1,136550.31,Commercial associate,Secondary / secondary special,Separated,House / apartment,-15324.0,-8012.0,1.0,0.0,0.0,0.0,High skill tech staff,2.0,0
2926,5022180,F,N,N,1,135827.7,Commercial associate,Secondary / secondary special,Separated,House / apartment,-14920.0,-8091.0,1.0,0.0,0.0,0.0,High skill tech staff,2.0,0
2927,5022181,F,N,N,1,134511.51,Commercial associate,Secondary / secondary special,Separated,House / apartment,-15014.0,-7985.0,1.0,0.0,0.0,0.0,High skill tech staff,2.0,0
2928,5022182,F,N,N,1,136988.57,Commercial associate,Secondary / secondary special,Separated,House / apartment,-15134.0,-7884.0,1.0,0.0,0.0,0.0,High skill tech staff,2.0,0
2929,5022183,F,N,N,1,137836.55,Commercial associate,Secondary / secondary special,Separated,House / apartment,-15056.0,-8061.0,1.0,0.0,0.0,0.0,High skill tech staff,2.0,0
2930,5022184,F,N,N,1,136226.1,Commercial associate,Secondary / secondary special,Separated,House / apartment,-15300.0,-7969.0,1.0,0.0,0.0,0.0,High skill tech staff,2.0,0
2931,5022185,F,N,N,1,134093.49,Commercial associate,Secondary / secondary special,Separated,House / apartment,-15457.0,-7842.0,1.0,0.0,0.0,0.0,High skill tech staff,2.0,0
2932,5022186,F,N,N,1,131037.92,Commercial associate,Secondary / secondary special,Separated,House / apartment,-15643.0,-7919.0,1.0,0.0,0.0,0.0,High skill tech staff,2.0,0
2933,5022187,F,N,N,1,133070.28,Commercial associate,Secondary / secondary special,Separated,House / apartment,-14600.0,-7992.0,1.0,0.0,0.0,0.0,High skill tech staff,2.0,0
2934,5022188,F,N,N,1,134790.49,Commercial associate,Secondary / secondary special,Separated,House / apartment,-15098.0,-8222.0,1.0,0.0,0.0,0.0,High skill tech staff,2.0,0
2935,5022189,F,N,N,1,138325.53,Commercial associate,Secondary / secondary special,Separated,House / apartment,-14834.0,-7863.0,1.0,0.0,0.0,0.0,High skill tech staff,2.0,0
2936,5022190,F,Y,Y,1,93789.77,Working,Secondary / secondary special,Married,House / apartment,-19867.0,-6842.0,1.0,0.0,0.0,0.0,Managers,3.0,0
2937,5022192,F,Y,Y,1,93432.9,Working,Secondary / secondary special,Married,House / apartment,-19728.0,-6654.0,1.0,0.0,0.0,0.0,Managers,3.0,0
2938,5022193,F,Y,Y,1,94897.94,Working,Secondary / secondary special,Married,House / apartment,-19647.0,-7013.0,1.0,0.0,0.0,0.0,Managers,3.0,0
2939,5022195,F,Y,Y,1,96448.65,Working,Secondary / secondary special,Married,House / apartment,-19995.0,-7044.0,1.0,0.0,0.0,0.0,Managers,3.0,0
2940,5022196,M,Y,Y,3,137162.77,Working,Secondary / secondary special,Married,House / apartment,-12210.0,-713.0,1.0,0.0,0.0,1.0,Laborers,5.0,0
2941,5022197,M,Y,Y,3,129620.28,Working,Secondary / secondary special,Married,House / apartment,-11950.0,-725.0,1.0,0.0,0.0,1.0,Laborers,5.0,0
2942,5022198,M,Y,Y,3,133656.54,Working,Secondary / secondary special,Married,House / apartment,-11946.0,-728.0,1.0,0.0,0.0,1.0,Laborers,5.0,0
2943,5022199,M,Y,Y,3,140168.83,Working,Secondary / secondary special,Married,House / apartment,-12162.0,-764.0,1.0,0.0,0.0,1.0,Laborers,5.0,0
2944,5022200,M,Y,N,0,113046.93,Commercial associate,Secondary / secondary special,Married,House / apartment,-18486.0,-2587.0,1.0,1.0,0.0,0.0,Drivers,2.0,0
2945,5022201,M,Y,N,0,114091.5,Commercial associate,Secondary / secondary special,Married,House / apartment,-19296.0,-2498.0,1.0,1.0,0.0,0.0,Drivers,2.0,0
2946,5022202,M,Y,N,0,112906.76,Commercial associate,Secondary / secondary special,Married,House / apartment,-20298.0,-2609.0,1.0,1.0,0.0,0.0,Drivers,2.0,0
2947,5022203,M,N,Y,1,202540.01,Commercial associate,Secondary / secondary special,Married,House / apartment,-14201.0,-273.0,1.0,0.0,1.0,0.0,Drivers,3.0,0
2948,5022204,M,N,Y,1,200412.23,Commercial associate,Secondary / secondary special,Married,House / apartment,-14124.0,-272.0,1.0,0.0,1.0,0.0,Drivers,3.0,0
2949,5022206,M,N,Y,1,200771.78,Commercial associate,Secondary / secondary special,Married,House / apartment,-14337.0,-275.0,1.0,0.0,1.0,0.0,Drivers,3.0,0
2950,5022207,M,N,Y,1,203524.76,Commercial associate,Secondary / secondary special,Married,House / apartment,-14286.0,-279.0,1.0,0.0,1.0,0.0,Drivers,3.0,0
2951,5022208,M,N,Y,1,203013.79,Commercial associate,Secondary / secondary special,Married,House / apartment,-14751.0,-272.0,1.0,0.0,1.0,0.0,Drivers,3.0,0
2952,5022210,M,N,Y,1,198777.23,Commercial associate,Secondary / secondary special,Married,House / apartment,-13910.0,-275.0,1.0,0.0,1.0,0.0,Drivers,3.0,0
2953,5022211,F,N,Y,0,321074.89,Working,Higher education,Separated,With parents,-12315.0,-3838.0,1.0,0.0,1.0,1.0,,1.0,0
2954,5113158,F,N,Y,0,319553.09,Working,Higher education,Separated,With parents,-12389.0,-3783.0,1.0,0.0,1.0,1.0,,1.0,0
2955,5022212,M,N,Y,0,178694.09,Commercial associate,Secondary / secondary special,Married,House / apartment,-19689.0,-3294.0,1.0,1.0,1.0,0.0,Security staff,2.0,0
2956,5022213,M,N,Y,0,180137.36,Commercial associate,Secondary / secondary special,Married,House / apartment,-19308.0,-3337.0,1.0,1.0,1.0,0.0,Security staff,2.0,1
2957,5022216,M,N,Y,0,180965.37,Commercial associate,Secondary / secondary special,Married,House / apartment,-18675.0,-3345.0,1.0,1.0,1.0,0.0,Security staff,2.0,1
2958,5022217,M,N,Y,0,181999.88,Commercial associate,Secondary / secondary special,Married,House / apartment,-19177.0,-3401.0,1.0,1.0,1.0,0.0,Security staff,2.0,1
2959,5022218,M,N,Y,0,174741.93,Commercial associate,Secondary / secondary special,Married,House / apartment,-19216.0,-3272.0,1.0,1.0,1.0,0.0,Security staff,2.0,1
2960,5022219,F,N,Y,0,173220.38,Pensioner,Secondary / secondary special,Single / not married,House / apartment,-23358.0,364847.0,1.0,0.0,0.0,0.0,,1.0,0
2961,5022220,F,N,Y,0,181880.88,Pensioner,Secondary / secondary special,Single / not married,House / apartment,-24837.0,367600.0,1.0,0.0,0.0,0.0,,1.0,0
2962,5022221,F,N,Y,0,179121.33,Pensioner,Secondary / secondary special,Single / not married,House / apartment,-23949.0,367308.0,1.0,0.0,0.0,0.0,,1.0,0
2963,5022222,F,N,Y,0,180961.06,Pensioner,Secondary / secondary special,Single / not married,House / apartment,-23173.0,352966.0,1.0,0.0,0.0,0.0,,1.0,0
2964,5022223,F,N,Y,0,183642.07,Pensioner,Secondary / secondary special,Single / not married,House / apartment,-23574.0,357314.0,1.0,0.0,0.0,0.0,,1.0,0
2965,5022224,F,N,Y,0,184407.88,Pensioner,Secondary / secondary special,Single / not married,House / apartment,-23833.0,359391.0,1.0,0.0,0.0,0.0,,1.0,0
2966,5022225,F,N,Y,0,181788.56,Pensioner,Secondary / secondary special,Single / not married,House / apartment,-23034.0,376549.0,1.0,0.0,0.0,0.0,,1.0,0
2967,5022226,F,N,Y,0,183425.69,Pensioner,Secondary / secondary special,Single / not married,House / apartment,-23377.0,378334.0,1.0,0.0,0.0,0.0,,1.0,0
2968,5022227,F,N,Y,1,55067.46,Working,Secondary / secondary special,Married,House / apartment,-15444.0,-185.0,1.0,0.0,0.0,0.0,,3.0,0
2969,5022228,F,N,Y,1,54243.11,Working,Secondary / secondary special,Married,House / apartment,-16089.0,-186.0,1.0,0.0,0.0,0.0,,3.0,0
2970,5022229,F,N,Y,1,53719.92,Working,Secondary / secondary special,Married,House / apartment,-15515.0,-185.0,1.0,0.0,0.0,0.0,,3.0,0
2971,5022230,F,N,Y,1,54915.1,Working,Secondary / secondary special,Married,House / apartment,-15767.0,-181.0,1.0,0.0,0.0,0.0,,3.0,0
2972,5022231,F,N,Y,1,56505.96,Working,Secondary / secondary special,Married,House / apartment,-15728.0,-190.0,1.0,0.0,0.0,0.0,,3.0,0
2973,5022235,F,Y,Y,1,170955.87,Commercial associate,Secondary / secondary special,Separated,House / apartment,-14695.0,-6172.0,1.0,0.0,0.0,0.0,Laborers,2.0,0
2974,5022236,F,Y,Y,1,183824.61,Commercial associate,Secondary / secondary special,Separated,House / apartment,-14112.0,-6194.0,1.0,0.0,0.0,0.0,Laborers,2.0,0
2975,5022237,F,Y,Y,1,179341.43,Commercial associate,Secondary / secondary special,Separated,House / apartment,-14281.0,-6214.0,1.0,0.0,0.0,0.0,Laborers,2.0,0
2976,5022238,F,Y,Y,1,179015.06,Commercial associate,Secondary / secondary special,Separated,House / apartment,-14399.0,-6077.0,1.0,0.0,0.0,0.0,Laborers,2.0,0
2977,5022239,F,Y,Y,1,175458.04,Commercial associate,Secondary / secondary special,Separated,House / apartment,-14132.0,-6065.0,1.0,0.0,0.0,0.0,Laborers,2.0,0
2978,6423323,F,Y,Y,1,182039.75,Commercial associate,Secondary / secondary special,Separated,House / apartment,-14472.0,-6274.0,1.0,0.0,0.0,0.0,Laborers,2.0,0
2979,5022240,F,N,Y,0,208736.76,Working,Secondary / secondary special,Married,House / apartment,-15731.0,-8300.0,1.0,0.0,0.0,1.0,High skill tech staff,2.0,0
2980,5022241,F,N,Y,0,202209.92,Working,Secondary / secondary special,Married,House / apartment,-15298.0,-8521.0,1.0,0.0,0.0,1.0,High skill tech staff,2.0,0
2981,5022243,F,N,Y,0,201258.52,Working,Secondary / secondary special,Married,House / apartment,-15068.0,-8391.0,1.0,0.0,0.0,1.0,High skill tech staff,2.0,0
2982,5022244,F,N,Y,0,201683.15,Working,Secondary / secondary special,Married,House / apartment,-14599.0,-8131.0,1.0,0.0,0.0,1.0,High skill tech staff,2.0,0
2983,5022246,F,N,Y,0,201781.47,Working,Secondary / secondary special,Married,House / apartment,-15505.0,-8576.0,1.0,0.0,0.0,1.0,High skill tech staff,2.0,0
2984,5022247,F,N,Y,0,205839.16,Working,Secondary / secondary special,Married,House / apartment,-15057.0,-8304.0,1.0,0.0,0.0,1.0,High skill tech staff,2.0,0
2985,5022248,F,N,Y,0,200319.35,Working,Secondary / secondary special,Married,House / apartment,-14902.0,-8241.0,1.0,0.0,0.0,1.0,High skill tech staff,2.0,0
2986,5022249,F,N,Y,0,200736.69,Working,Secondary / secondary special,Married,House / apartment,-15631.0,-8168.0,1.0,0.0,0.0,1.0,High skill tech staff,2.0,0
2987,5022250,F,N,Y,0,207427.47,Working,Secondary / secondary special,Married,House / apartment,-14947.0,-8348.0,1.0,0.0,0.0,1.0,High skill tech staff,2.0,0
2988,5022251,F,N,Y,0,202532.85,Working,Secondary / secondary special,Married,House / apartment,-15130.0,-8549.0,1.0,0.0,0.0,1.0,High skill tech staff,2.0,0
2989,5022252,F,N,Y,0,200246.57,Working,Secondary / secondary special,Married,House / apartment,-15862.0,-8036.0,1.0,0.0,0.0,1.0,High skill tech staff,2.0,0
2990,5022253,F,N,Y,0,204094.92,Working,Secondary / secondary special,Married,House / apartment,-15778.0,-7988.0,1.0,0.0,0.0,1.0,High skill tech staff,2.0,0
2991,5022254,F,N,Y,0,207075.84,Working,Secondary / secondary special,Married,House / apartment,-14774.0,-8325.0,1.0,0.0,0.0,1.0,High skill tech staff,2.0,0
2992,5022255,F,N,Y,0,210288.99,Working,Secondary / secondary special,Married,House / apartment,-15301.0,-8425.0,1.0,0.0,0.0,1.0,High skill tech staff,2.0,0
2993,5022256,F,N,Y,0,203918.56,Working,Secondary / secondary special,Married,House / apartment,-14606.0,-8359.0,1.0,0.0,0.0,1.0,High skill tech staff,2.0,0
2994,5113174,F,N,Y,0,200391.53,Working,Secondary / secondary special,Married,House / apartment,-14798.0,-8695.0,1.0,0.0,0.0,1.0,High skill tech staff,2.0,0
2995,5113175,F,N,Y,0,209266.86,Working,Secondary / secondary special,Married,House / apartment,-15293.0,-7995.0,1.0,0.0,0.0,1.0,High skill tech staff,2.0,0
2996,5022261,F,N,Y,1,157616.04,Working,Secondary / secondary special,Married,House / apartment,-15573.0,-1691.0,1.0,0.0,0.0,0.0,,3.0,0
2997,5022262,F,N,Y,1,153696.05,Working,Secondary / secondary special,Married,House / apartment,-16203.0,-1721.0,1.0,0.0,0.0,0.0,,3.0,0
2998,5022263,M,Y,Y,0,127265.38,Pensioner,Secondary / secondary special,Married,House / apartment,-23372.0,351026.0,1.0,0.0,0.0,0.0,,2.0,0
2999,5022264,M,Y,Y,0,129831.26,Pensioner,Secondary / secondary special,Married,House / apartment,-22898.0,373887.0,1.0,0.0,0.0,0.0,,2.0,0
3000,5022265,M,Y,Y,0,131437.66,Pensioner,Secondary / secondary special,Married,House / apartment,-23714.0,367527.0,1.0,0.0,0.0,0.0,,2.0,0
3001,5022266,M,Y,Y,0,130314.21,Pensioner,Secondary / secondary special,Married,House / apartment,-23584.0,371652.0,1.0,0.0,0.0,0.0,,2.0,0
3002,5022267,M,Y,Y,0,129234.73,Pensioner,Secondary / secondary special,Married,House / apartment,-23086.0,364594.0,1.0,0.0,0.0,0.0,,2.0,0
3003,5022268,M,Y,Y,0,128115.64,Pensioner,Secondary / secondary special,Married,House / apartment,-23279.0,367099.0,1.0,0.0,0.0,0.0,,2.0,0
3004,5022269,M,Y,Y,0,132063.86,Pensioner,Secondary / secondary special,Married,House / apartment,-23944.0,362794.0,1.0,0.0,0.0,0.0,,2.0,0
3005,5022270,M,Y,Y,0,130724.48,Pensioner,Secondary / secondary special,Married,House / apartment,-23570.0,373719.0,1.0,0.0,0.0,0.0,,2.0,0
3006,5022271,M,Y,Y,0,129796.67,Pensioner,Secondary / secondary special,Married,House / apartment,-23566.0,363030.0,1.0,0.0,0.0,0.0,,2.0,0
3007,5022272,M,Y,Y,0,135347.63,Pensioner,Secondary / secondary special,Married,House / apartment,-24076.0,368246.0,1.0,0.0,0.0,0.0,,2.0,0
3008,5022273,M,Y,Y,0,134696.06,Pensioner,Secondary / secondary special,Married,House / apartment,-24367.0,364492.0,1.0,0.0,0.0,0.0,,2.0,0
3009,5022274,M,Y,Y,0,134195.32,Pensioner,Secondary / secondary special,Married,House / apartment,-23524.0,367295.0,1.0,0.0,0.0,0.0,,2.0,0
3010,5022275,M,Y,Y,0,130605.59,Pensioner,Secondary / secondary special,Married,House / apartment,-23277.0,363867.0,1.0,0.0,0.0,0.0,,2.0,0
3011,5022277,F,N,N,0,172002.72,Working,Secondary / secondary special,Single / not married,Office apartment,-21129.0,-13814.0,1.0,0.0,0.0,0.0,Core staff,1.0,0
3012,5022278,F,Y,Y,0,206379.28,Working,Secondary / secondary special,Married,House / apartment,-17996.0,-1897.0,1.0,0.0,1.0,0.0,Sales staff,2.0,0
3013,5022280,F,Y,Y,0,205747.26,Working,Secondary / secondary special,Married,House / apartment,-17390.0,-1924.0,1.0,0.0,1.0,0.0,Sales staff,2.0,1
3014,5022281,M,Y,N,0,223287.13,Commercial associate,Higher education,Single / not married,House / apartment,-10579.0,-280.0,1.0,0.0,0.0,1.0,Managers,1.0,0
3015,5022282,M,Y,N,0,236566.96,Commercial associate,Higher education,Single / not married,House / apartment,-11030.0,-276.0,1.0,0.0,0.0,1.0,Managers,1.0,0
3016,5022283,F,N,N,1,160490.64,Working,Secondary / secondary special,Civil marriage,House / apartment,-15113.0,-3542.0,1.0,0.0,0.0,0.0,Cooking staff,3.0,0
3017,5022285,F,N,N,1,152555.73,Working,Secondary / secondary special,Civil marriage,House / apartment,-15079.0,-3539.0,1.0,0.0,0.0,0.0,Cooking staff,3.0,0
3018,5022288,F,N,N,1,151739.91,Working,Secondary / secondary special,Civil marriage,House / apartment,-14930.0,-3522.0,1.0,0.0,0.0,0.0,Cooking staff,3.0,0
3019,5022289,F,N,N,1,158724.12,Working,Secondary / secondary special,Civil marriage,House / apartment,-14945.0,-3499.0,1.0,0.0,0.0,0.0,Cooking staff,3.0,0
3020,5022290,F,N,N,1,154744.83,Working,Secondary / secondary special,Civil marriage,House / apartment,-14798.0,-3581.0,1.0,0.0,0.0,0.0,Cooking staff,3.0,0
3021,5022291,F,N,N,1,154769.58,Working,Secondary / secondary special,Civil marriage,House / apartment,-14526.0,-3401.0,1.0,0.0,0.0,0.0,Cooking staff,3.0,0
3022,5022292,F,N,N,1,156031.3,Working,Secondary / secondary special,Civil marriage,House / apartment,-14791.0,-3409.0,1.0,0.0,0.0,0.0,Cooking staff,3.0,0
3023,5022294,F,N,N,1,155482.21,Working,Secondary / secondary special,Civil marriage,House / apartment,-15256.0,-3418.0,1.0,0.0,0.0,0.0,Cooking staff,3.0,0
3024,5022295,F,N,N,1,159407.09,Working,Secondary / secondary special,Civil marriage,House / apartment,-14959.0,-3488.0,1.0,0.0,0.0,0.0,Cooking staff,3.0,0
3025,5022297,F,N,N,1,155614.48,Working,Secondary / secondary special,Civil marriage,House / apartment,-15202.0,-3415.0,1.0,0.0,0.0,0.0,Cooking staff,3.0,0
3026,5022298,F,N,N,1,159856.15,Working,Secondary / secondary special,Civil marriage,House / apartment,-14761.0,-3457.0,1.0,0.0,0.0,0.0,Cooking staff,3.0,0
3027,5022299,F,N,N,1,152194.34,Working,Secondary / secondary special,Civil marriage,House / apartment,-14900.0,-3460.0,1.0,0.0,0.0,0.0,Cooking staff,3.0,0
3028,6423409,F,N,N,1,153463.97,Working,Secondary / secondary special,Civil marriage,House / apartment,-15563.0,-3457.0,1.0,0.0,0.0,0.0,Cooking staff,3.0,0
3029,5022284,M,Y,Y,0,156192.59,Commercial associate,Secondary / secondary special,Single / not married,House / apartment,-11753.0,-1494.0,1.0,0.0,0.0,0.0,Drivers,1.0,0
3030,5022302,F,N,Y,0,89395.61,Working,Secondary / secondary special,Separated,House / apartment,-19008.0,-3310.0,1.0,0.0,0.0,0.0,,1.0,0
3031,5022303,F,N,Y,0,90295.03,Working,Secondary / secondary special,Separated,House / apartment,-19407.0,-3448.0,1.0,0.0,0.0,0.0,,1.0,0
3032,5022304,F,N,Y,0,90614.45,Working,Secondary / secondary special,Separated,House / apartment,-19008.0,-3267.0,1.0,0.0,0.0,0.0,,1.0,0
3033,5022305,F,N,Y,0,90824.52,Working,Secondary / secondary special,Separated,House / apartment,-19316.0,-3281.0,1.0,0.0,0.0,0.0,,1.0,0
3034,5022307,F,N,Y,0,87984.91,Working,Secondary / secondary special,Separated,House / apartment,-19290.0,-3262.0,1.0,0.0,0.0,0.0,,1.0,0
3035,5022308,F,N,Y,0,92823.64,Working,Secondary / secondary special,Separated,House / apartment,-18653.0,-3220.0,1.0,0.0,0.0,0.0,,1.0,0
3036,5022311,F,N,Y,0,90654.93,Working,Secondary / secondary special,Separated,House / apartment,-18919.0,-3253.0,1.0,0.0,0.0,0.0,,1.0,0
3037,6423410,F,N,Y,0,87834.73,Working,Secondary / secondary special,Separated,House / apartment,-19671.0,-3335.0,1.0,0.0,0.0,0.0,,1.0,0
3038,6423411,F,N,Y,0,90070.54,Working,Secondary / secondary special,Separated,House / apartment,-19664.0,-3316.0,1.0,0.0,0.0,0.0,,1.0,0
3039,6423412,F,N,Y,0,90567.59,Working,Secondary / secondary special,Separated,House / apartment,-19614.0,-3281.0,1.0,0.0,0.0,0.0,,1.0,0
3040,5022309,F,Y,Y,2,182103.84,Working,Secondary / secondary special,Married,House / apartment,-10919.0,-2718.0,1.0,1.0,1.0,0.0,Sales staff,4.0,0
3041,5022310,F,Y,Y,2,187706.92,Working,Secondary / secondary special,Married,House / apartment,-11077.0,-2666.0,1.0,1.0,1.0,0.0,Sales staff,4.0,0
3042,5022316,M,Y,N,1,278316.85,Commercial associate,Higher education,Married,House / apartment,-11388.0,-1339.0,1.0,0.0,0.0,0.0,Managers,3.0,0
3043,5022317,M,Y,N,1,267980.65,Commercial associate,Higher education,Married,House / apartment,-11127.0,-1394.0,1.0,0.0,0.0,0.0,Managers,3.0,0
3044,5022318,M,Y,N,1,264280.73,Commercial associate,Higher education,Married,House / apartment,-11313.0,-1392.0,1.0,0.0,0.0,0.0,Managers,3.0,0
3045,5022320,M,Y,N,1,266028.12,Commercial associate,Higher education,Married,House / apartment,-10962.0,-1334.0,1.0,0.0,0.0,0.0,Managers,3.0,0
3046,5022324,M,Y,Y,0,256927.88,Commercial associate,Higher education,Married,House / apartment,-21614.0,-1668.0,1.0,0.0,0.0,1.0,Core staff,2.0,1
3047,5022325,M,Y,Y,0,263541.91,Commercial associate,Higher education,Married,House / apartment,-22626.0,-1668.0,1.0,0.0,0.0,1.0,Core staff,2.0,0
3048,5022326,M,Y,Y,0,260674.6,Commercial associate,Higher education,Married,House / apartment,-21409.0,-1742.0,1.0,0.0,0.0,1.0,Core staff,2.0,1
3049,5022327,M,Y,Y,0,257930.88,Commercial associate,Higher education,Married,House / apartment,-21593.0,-1615.0,1.0,0.0,0.0,1.0,Core staff,2.0,1
3050,5022328,M,Y,Y,0,249123.79,Commercial associate,Higher education,Married,House / apartment,-21488.0,-1715.0,1.0,0.0,0.0,1.0,Core staff,2.0,1
3051,5022329,M,Y,Y,0,266197.79,Commercial associate,Higher education,Married,House / apartment,-22071.0,-1741.0,1.0,0.0,0.0,1.0,Core staff,2.0,1
3052,5022330,M,Y,Y,0,254381.25,Commercial associate,Higher education,Married,House / apartment,-21468.0,-1706.0,1.0,0.0,0.0,1.0,Core staff,2.0,1
3053,5022332,M,Y,Y,0,266081.45,Commercial associate,Higher education,Married,House / apartment,-21310.0,-1663.0,1.0,0.0,0.0,1.0,Core staff,2.0,1
3054,5022333,M,Y,Y,0,256627.99,Commercial associate,Higher education,Married,House / apartment,-21325.0,-1695.0,1.0,0.0,0.0,1.0,Core staff,2.0,1
3055,5022334,M,Y,Y,0,248933.22,Commercial associate,Higher education,Married,House / apartment,-20848.0,-1632.0,1.0,0.0,0.0,1.0,Core staff,2.0,1
3056,5022335,M,Y,Y,0,256017.38,Commercial associate,Higher education,Married,House / apartment,-22026.0,-1653.0,1.0,0.0,0.0,1.0,Core staff,2.0,1
3057,5022336,M,Y,Y,0,261111.53,Commercial associate,Higher education,Married,House / apartment,-21395.0,-1714.0,1.0,0.0,0.0,1.0,Core staff,2.0,1
3058,5022337,M,Y,Y,0,257513.6,Commercial associate,Higher education,Married,House / apartment,-21092.0,-1645.0,1.0,0.0,0.0,1.0,Core staff,2.0,1
3059,5022338,M,N,Y,0,137596.23,Working,Secondary / secondary special,Single / not married,House / apartment,-9212.0,-157.0,1.0,0.0,0.0,0.0,,1.0,0
3060,5022339,M,N,Y,0,137697.97,Working,Secondary / secondary special,Single / not married,House / apartment,-9697.0,-154.0,1.0,0.0,0.0,0.0,,1.0,0
3061,5022340,M,N,Y,0,134409.76,Working,Secondary / secondary special,Single / not married,House / apartment,-9551.0,-158.0,1.0,0.0,0.0,0.0,,1.0,0
3062,5022341,F,Y,Y,1,201753.11,State servant,Higher education,Married,House / apartment,-15932.0,-3704.0,1.0,0.0,0.0,0.0,Core staff,3.0,1
3063,5022342,F,Y,Y,1,199527.9,State servant,Higher education,Married,House / apartment,-16671.0,-3656.0,1.0,0.0,0.0,0.0,Core staff,3.0,1
3064,5022343,F,N,Y,0,65826.63,Pensioner,Secondary / secondary special,Widow,House / apartment,-22269.0,383267.0,1.0,0.0,0.0,0.0,,1.0,0
3065,5022348,F,N,Y,1,226635.73,Working,Secondary / secondary special,Single / not married,House / apartment,-20351.0,-8077.0,1.0,0.0,0.0,0.0,Core staff,2.0,0
3066,5022349,F,N,Y,1,238353.16,Working,Secondary / secondary special,Single / not married,House / apartment,-21081.0,-8245.0,1.0,0.0,0.0,0.0,Core staff,2.0,0
3067,5022350,F,N,Y,1,234136.48,Working,Secondary / secondary special,Single / not married,House / apartment,-20866.0,-7875.0,1.0,0.0,0.0,0.0,Core staff,2.0,1
3068,5022351,F,N,Y,1,232864.68,Working,Secondary / secondary special,Single / not married,House / apartment,-19959.0,-7813.0,1.0,0.0,0.0,0.0,Core staff,2.0,1
3069,5022352,F,N,Y,1,228547.97,Working,Secondary / secondary special,Single / not married,House / apartment,-20247.0,-8132.0,1.0,0.0,0.0,0.0,Core staff,2.0,1
3070,5022353,F,N,Y,1,231012.94,Working,Secondary / secondary special,Single / not married,House / apartment,-20270.0,-7985.0,1.0,0.0,0.0,0.0,Core staff,2.0,1
3071,5022354,F,N,Y,1,232929.89,Working,Secondary / secondary special,Single / not married,House / apartment,-21600.0,-8156.0,1.0,0.0,0.0,0.0,Core staff,2.0,1
3072,5022355,F,N,Y,1,228886.66,Working,Secondary / secondary special,Single / not married,House / apartment,-20071.0,-7977.0,1.0,0.0,0.0,0.0,Core staff,2.0,1
3073,5022359,F,N,Y,1,228131.54,Working,Secondary / secondary special,Single / not married,House / apartment,-19596.0,-8299.0,1.0,0.0,0.0,0.0,Core staff,2.0,1
3074,5022362,F,N,Y,1,236060.06,Working,Secondary / secondary special,Single / not married,House / apartment,-20467.0,-7788.0,1.0,0.0,0.0,0.0,Core staff,2.0,1
3075,5022363,F,N,Y,1,233542.43,Working,Secondary / secondary special,Single / not married,House / apartment,-20458.0,-8083.0,1.0,0.0,0.0,0.0,Core staff,2.0,1
3076,5022373,F,N,Y,1,231209.26,Working,Secondary / secondary special,Single / not married,House / apartment,-20486.0,-8081.0,1.0,0.0,0.0,0.0,Core staff,2.0,1
3077,5022365,F,N,Y,0,54336.49,Pensioner,Secondary / secondary special,Widow,House / apartment,-22965.0,363136.0,1.0,0.0,1.0,0.0,,1.0,0
3078,5022366,M,Y,N,0,270535.89,Working,Incomplete higher,Married,House / apartment,-11293.0,-3450.0,1.0,0.0,0.0,0.0,Laborers,2.0,0
3079,5022367,M,Y,N,0,277408.52,Working,Incomplete higher,Married,House / apartment,-10820.0,-3533.0,1.0,0.0,0.0,0.0,Laborers,2.0,0
3080,5022370,M,Y,N,0,271715.98,Working,Incomplete higher,Married,House / apartment,-11186.0,-3599.0,1.0,0.0,0.0,0.0,Laborers,2.0,0
3081,5022371,M,Y,N,0,276102.91,Working,Incomplete higher,Married,House / apartment,-11227.0,-3384.0,1.0,0.0,0.0,0.0,Laborers,2.0,0
3082,5113191,M,Y,N,0,264027.45,Working,Incomplete higher,Married,House / apartment,-11285.0,-3516.0,1.0,0.0,0.0,0.0,Laborers,2.0,0
3083,5113192,M,Y,N,0,268958.45,Working,Incomplete higher,Married,House / apartment,-10851.0,-3557.0,1.0,0.0,0.0,0.0,Laborers,2.0,0
3084,5022376,F,Y,Y,0,119721.82,Working,Secondary / secondary special,Married,Municipal apartment,-17399.0,-4099.0,1.0,0.0,1.0,0.0,Sales staff,2.0,0
3085,5113201,F,Y,Y,0,114384.31,Working,Secondary / secondary special,Married,Municipal apartment,-17384.0,-4184.0,1.0,0.0,1.0,0.0,Sales staff,2.0,0
3086,5022379,F,N,Y,0,223507.37,Commercial associate,Higher education,Widow,House / apartment,-22057.0,-11386.0,1.0,1.0,1.0,0.0,Laborers,1.0,1
3087,5022381,F,N,Y,0,228799.63,Commercial associate,Higher education,Widow,House / apartment,-21683.0,-11819.0,1.0,1.0,1.0,0.0,Laborers,1.0,0
3088,5022382,F,N,Y,0,226899.37,Commercial associate,Higher education,Widow,House / apartment,-21490.0,-11925.0,1.0,1.0,1.0,0.0,Laborers,1.0,1
3089,5022383,F,N,Y,0,225447.45,Commercial associate,Higher education,Widow,House / apartment,-21191.0,-11601.0,1.0,1.0,1.0,0.0,Laborers,1.0,1
3090,5022384,F,N,Y,0,218612.38,Commercial associate,Higher education,Widow,House / apartment,-21753.0,-11721.0,1.0,1.0,1.0,0.0,Laborers,1.0,0
3091,5113212,F,N,Y,0,232375.24,Commercial associate,Higher education,Widow,House / apartment,-22434.0,-11728.0,1.0,1.0,1.0,0.0,Laborers,1.0,1
3092,5022385,M,Y,Y,0,199094.35,Working,Secondary / secondary special,Married,House / apartment,-8467.0,-127.0,1.0,1.0,0.0,0.0,Sales staff,2.0,0
3093,5022386,M,Y,Y,0,203523.59,Working,Secondary / secondary special,Married,House / apartment,-8571.0,-124.0,1.0,1.0,0.0,0.0,Sales staff,2.0,0
3094,5022387,F,N,Y,0,150915.26,Pensioner,Higher education,Married,House / apartment,-22567.0,354769.0,1.0,0.0,1.0,0.0,,2.0,0
3095,5022388,F,N,Y,0,150705.83,Pensioner,Higher education,Married,House / apartment,-22788.0,367682.0,1.0,0.0,1.0,0.0,,2.0,0
3096,5022389,F,N,Y,0,156756.08,Pensioner,Higher education,Married,House / apartment,-22093.0,370637.0,1.0,0.0,1.0,0.0,,2.0,0
3097,5022396,F,N,Y,0,159324.3,Pensioner,Higher education,Married,House / apartment,-22078.0,350500.0,1.0,0.0,1.0,0.0,,2.0,0
3098,5022397,F,N,Y,0,149416.69,Pensioner,Higher education,Married,House / apartment,-21562.0,355948.0,1.0,0.0,1.0,0.0,,2.0,0
3099,5022398,F,N,Y,0,150951.36,Pensioner,Higher education,Married,House / apartment,-22083.0,367246.0,1.0,0.0,1.0,0.0,,2.0,0
3100,5022401,F,N,Y,0,154278.26,Pensioner,Higher education,Married,House / apartment,-22362.0,356765.0,1.0,0.0,1.0,0.0,,2.0,0
3101,5022402,F,N,Y,0,157282.43,Pensioner,Higher education,Married,House / apartment,-21694.0,366858.0,1.0,0.0,1.0,0.0,,2.0,0
3102,5022407,F,N,Y,0,149578.97,Pensioner,Higher education,Married,House / apartment,-21735.0,372447.0,1.0,0.0,1.0,0.0,,2.0,0
3103,5022410,F,N,Y,0,152396.65,Pensioner,Higher education,Married,House / apartment,-21541.0,359167.0,1.0,0.0,1.0,0.0,,2.0,0
3104,5022411,F,N,Y,0,154907.58,Pensioner,Higher education,Married,House / apartment,-21540.0,368522.0,1.0,0.0,1.0,0.0,,2.0,0
3105,5022412,F,N,Y,0,162479.63,Pensioner,Higher education,Married,House / apartment,-22093.0,360836.0,1.0,0.0,1.0,0.0,,2.0,0
3106,5022413,F,N,Y,0,154877.72,Pensioner,Higher education,Married,House / apartment,-22187.0,377422.0,1.0,0.0,1.0,0.0,,2.0,0
3107,5022414,F,N,Y,0,150591.11,Pensioner,Higher education,Married,House / apartment,-20880.0,358717.0,1.0,0.0,1.0,0.0,,2.0,0
3108,5022415,F,N,Y,0,154637.18,Pensioner,Higher education,Married,House / apartment,-21877.0,368661.0,1.0,0.0,1.0,0.0,,2.0,0
3109,6423548,F,N,Y,0,144714.49,Pensioner,Higher education,Married,House / apartment,-21615.0,353785.0,1.0,0.0,1.0,0.0,,2.0,0
3110,5022416,F,Y,Y,1,155724.1,Working,Higher education,Married,With parents,-10909.0,-511.0,1.0,0.0,0.0,1.0,High skill tech staff,3.0,0
3111,5022417,F,Y,Y,1,155016.09,Working,Higher education,Married,With parents,-11037.0,-521.0,1.0,0.0,0.0,1.0,High skill tech staff,3.0,0
3112,5022418,F,Y,Y,1,153507.81,Working,Higher education,Married,With parents,-10991.0,-513.0,1.0,0.0,0.0,1.0,High skill tech staff,3.0,0
3113,5022419,F,Y,Y,1,149793.12,Working,Higher education,Married,With parents,-10842.0,-534.0,1.0,0.0,0.0,1.0,High skill tech staff,3.0,0
3114,5022420,F,Y,Y,1,158657.98,Working,Higher education,Married,With parents,-11167.0,-522.0,1.0,0.0,0.0,1.0,High skill tech staff,3.0,0
3115,5022421,F,Y,Y,1,159066.34,Working,Higher education,Married,With parents,-11122.0,-546.0,1.0,0.0,0.0,1.0,High skill tech staff,3.0,0
3116,5113213,F,Y,Y,1,157009.28,Working,Higher education,Married,With parents,-10690.0,-522.0,1.0,0.0,0.0,1.0,High skill tech staff,3.0,0
3117,5022422,F,N,Y,0,177601.56,Working,Secondary / secondary special,Married,House / apartment,-19781.0,-1223.0,1.0,1.0,1.0,0.0,Cooking staff,2.0,0
3118,5022423,F,N,Y,0,183199.07,Working,Secondary / secondary special,Married,House / apartment,-18679.0,-1205.0,1.0,1.0,1.0,0.0,Cooking staff,2.0,0
3119,5022424,F,N,Y,0,182538.19,Working,Secondary / secondary special,Married,House / apartment,-18580.0,-1188.0,1.0,1.0,1.0,0.0,Cooking staff,2.0,0
3120,5022425,F,N,Y,0,180641.41,Working,Secondary / secondary special,Married,House / apartment,-19017.0,-1216.0,1.0,1.0,1.0,0.0,Cooking staff,2.0,0
3121,5022429,F,N,Y,0,90401.03,Working,Secondary / secondary special,Civil marriage,House / apartment,-16617.0,-500.0,1.0,0.0,0.0,0.0,Laborers,2.0,0
3122,5022430,F,N,Y,0,68353.6,Pensioner,Secondary / secondary special,Married,House / apartment,-21860.0,361868.0,1.0,0.0,0.0,0.0,,2.0,0
3123,5022431,F,N,Y,0,69173.86,Pensioner,Secondary / secondary special,Married,House / apartment,-21796.0,369370.0,1.0,0.0,0.0,0.0,,2.0,0
3124,5022432,F,N,Y,0,68346.84,Pensioner,Secondary / secondary special,Married,House / apartment,-21540.0,356949.0,1.0,0.0,0.0,0.0,,2.0,0
3125,5022433,F,N,Y,0,66699.93,Pensioner,Secondary / secondary special,Married,House / apartment,-21691.0,365887.0,1.0,0.0,0.0,0.0,,2.0,0
3126,5022434,F,N,Y,0,66094.88,Pensioner,Secondary / secondary special,Married,House / apartment,-21288.0,364944.0,1.0,0.0,0.0,0.0,,2.0,0
3127,5022435,F,N,Y,0,67243.56,Pensioner,Secondary / secondary special,Married,House / apartment,-21471.0,372026.0,1.0,0.0,0.0,0.0,,2.0,0
3128,5022436,F,N,Y,0,66187.69,Pensioner,Secondary / secondary special,Married,House / apartment,-21721.0,352002.0,1.0,0.0,0.0,0.0,,2.0,0
3129,6423592,F,N,Y,0,67210.01,Pensioner,Secondary / secondary special,Married,House / apartment,-21166.0,353350.0,1.0,0.0,0.0,0.0,,2.0,0
3130,5022437,F,Y,Y,1,158499.91,Working,Secondary / secondary special,Married,House / apartment,-11542.0,-919.0,1.0,0.0,1.0,1.0,Sales staff,3.0,0
3131,5022438,F,Y,Y,1,154727.72,Working,Secondary / secondary special,Married,House / apartment,-11477.0,-937.0,1.0,0.0,1.0,1.0,Sales staff,3.0,0
3132,5022439,F,Y,Y,0,262246.36,Commercial associate,Secondary / secondary special,Married,House / apartment,-17639.0,-8809.0,1.0,0.0,0.0,0.0,Laborers,2.0,0
3133,5022440,M,Y,Y,0,220461.23,Commercial associate,Secondary / secondary special,Married,House / apartment,-10707.0,-1835.0,1.0,0.0,1.0,0.0,Sales staff,2.0,0
3134,5022441,M,Y,Y,0,229340.12,Commercial associate,Secondary / secondary special,Married,House / apartment,-10865.0,-1791.0,1.0,0.0,1.0,0.0,Sales staff,2.0,0
3135,5022442,F,N,Y,0,177446.04,Commercial associate,Secondary / secondary special,Married,House / apartment,-16411.0,-4251.0,1.0,0.0,1.0,0.0,Sales staff,2.0,1
3136,5022443,F,N,Y,0,177673.93,Commercial associate,Secondary / secondary special,Married,House / apartment,-16059.0,-4351.0,1.0,0.0,1.0,0.0,Sales staff,2.0,0
3137,5022444,F,N,Y,0,175032.14,Commercial associate,Secondary / secondary special,Married,House / apartment,-15820.0,-4442.0,1.0,0.0,1.0,0.0,Sales staff,2.0,1
3138,5022445,F,N,Y,0,176171.98,Commercial associate,Secondary / secondary special,Married,House / apartment,-15823.0,-4223.0,1.0,0.0,1.0,0.0,Sales staff,2.0,1
3139,5022446,F,N,Y,0,177618.87,Commercial associate,Secondary / secondary special,Married,House / apartment,-15905.0,-4275.0,1.0,0.0,1.0,0.0,Sales staff,2.0,1
3140,5022447,F,N,Y,0,177514.8,Commercial associate,Secondary / secondary special,Married,House / apartment,-15780.0,-4367.0,1.0,0.0,1.0,0.0,Sales staff,2.0,0
3141,6423619,F,N,Y,0,178226.76,Commercial associate,Secondary / secondary special,Married,House / apartment,-15860.0,-4309.0,1.0,0.0,1.0,0.0,Sales staff,2.0,0
3142,6423620,F,N,Y,0,184551.42,Commercial associate,Secondary / secondary special,Married,House / apartment,-15352.0,-4379.0,1.0,0.0,1.0,0.0,Sales staff,2.0,1
3143,5022448,F,N,N,0,319021.52,Working,Secondary / secondary special,Separated,House / apartment,-16570.0,-1963.0,1.0,0.0,0.0,1.0,Core staff,1.0,1
3144,5022449,F,N,N,0,314789.41,Working,Secondary / secondary special,Separated,House / apartment,-17393.0,-1983.0,1.0,0.0,0.0,1.0,Core staff,1.0,0
3145,5022451,F,N,N,0,318428.24,Working,Secondary / secondary special,Separated,House / apartment,-17622.0,-1986.0,1.0,0.0,0.0,1.0,Core staff,1.0,1
3146,5022452,F,N,N,0,322706.23,Working,Secondary / secondary special,Separated,House / apartment,-17565.0,-1999.0,1.0,0.0,0.0,1.0,Core staff,1.0,1
3147,5022453,F,N,N,0,308118.69,Working,Secondary / secondary special,Separated,House / apartment,-17769.0,-1949.0,1.0,0.0,0.0,1.0,Core staff,1.0,1
3148,5022454,M,Y,Y,1,148173.09,Working,Secondary / secondary special,Married,House / apartment,-8775.0,-1074.0,1.0,0.0,0.0,1.0,Drivers,3.0,0
3149,5022455,M,Y,Y,1,143534.87,Working,Secondary / secondary special,Married,House / apartment,-8639.0,-1058.0,1.0,0.0,0.0,1.0,Drivers,3.0,0
3150,5022456,M,Y,Y,1,145087.84,Working,Secondary / secondary special,Married,House / apartment,-8697.0,-1101.0,1.0,0.0,0.0,1.0,Drivers,3.0,0
3151,5022457,M,Y,Y,1,141879.71,Working,Secondary / secondary special,Married,House / apartment,-8761.0,-1031.0,1.0,0.0,0.0,1.0,Drivers,3.0,0
3152,5022458,M,Y,Y,1,142112.55,Working,Secondary / secondary special,Married,House / apartment,-8743.0,-1055.0,1.0,0.0,0.0,1.0,Drivers,3.0,0
3153,5022459,M,Y,Y,1,146708.5,Working,Secondary / secondary special,Married,House / apartment,-8884.0,-1083.0,1.0,0.0,0.0,1.0,Drivers,3.0,0
3154,5022460,F,Y,Y,1,135084.82,Working,Secondary / secondary special,Married,House / apartment,-14049.0,-224.0,1.0,0.0,0.0,0.0,Security staff,3.0,0
3155,5022461,F,Y,Y,1,139526.52,Working,Secondary / secondary special,Married,House / apartment,-14675.0,-226.0,1.0,0.0,0.0,0.0,Security staff,3.0,0
3156,5022462,M,Y,Y,0,406722.38,State servant,Secondary / secondary special,Married,House / apartment,-17558.0,-3424.0,1.0,0.0,0.0,0.0,,2.0,1
3157,5022465,M,Y,Y,0,414680.02,State servant,Secondary / secondary special,Married,House / apartment,-16972.0,-3519.0,1.0,0.0,0.0,0.0,,2.0,0
3158,5022466,M,Y,Y,0,409180.72,State servant,Secondary / secondary special,Married,House / apartment,-17608.0,-3459.0,1.0,0.0,0.0,0.0,,2.0,1
3159,5022468,M,Y,Y,0,408666.92,State servant,Secondary / secondary special,Married,House / apartment,-17736.0,-3372.0,1.0,0.0,0.0,0.0,,2.0,0
3160,5022469,M,Y,Y,0,398880.15,State servant,Secondary / secondary special,Married,House / apartment,-17557.0,-3457.0,1.0,0.0,0.0,0.0,,2.0,0
3161,5022470,M,Y,Y,0,403446.03,State servant,Secondary / secondary special,Married,House / apartment,-17224.0,-3577.0,1.0,0.0,0.0,0.0,,2.0,1
3162,5022471,M,Y,Y,0,397965.59,State servant,Secondary / secondary special,Married,House / apartment,-17293.0,-3445.0,1.0,0.0,0.0,0.0,,2.0,0
3163,5022472,M,Y,Y,0,408927.12,State servant,Secondary / secondary special,Married,House / apartment,-17222.0,-3466.0,1.0,0.0,0.0,0.0,,2.0,0
3164,5022473,M,Y,Y,0,408720.99,State servant,Secondary / secondary special,Married,House / apartment,-17382.0,-3495.0,1.0,0.0,0.0,0.0,,2.0,0
3165,6423659,M,Y,Y,0,418181.3,State servant,Secondary / secondary special,Married,House / apartment,-17484.0,-3456.0,1.0,0.0,0.0,0.0,,2.0,0
3166,6423660,M,Y,Y,0,411561.29,State servant,Secondary / secondary special,Married,House / apartment,-17505.0,-3600.0,1.0,0.0,0.0,0.0,,2.0,0
3167,6423661,M,Y,Y,0,414332.9,State servant,Secondary / secondary special,Married,House / apartment,-17146.0,-3553.0,1.0,0.0,0.0,0.0,,2.0,0
3168,5022477,F,N,Y,0,138207.03,Working,Incomplete higher,Married,House / apartment,-13005.0,-1598.0,1.0,0.0,0.0,1.0,,2.0,0
3169,5022478,F,N,Y,0,136685.43,Working,Incomplete higher,Married,House / apartment,-13164.0,-1616.0,1.0,0.0,0.0,1.0,,2.0,0
3170,5022479,F,N,Y,0,136481.95,Working,Incomplete higher,Married,House / apartment,-12917.0,-1651.0,1.0,0.0,0.0,1.0,,2.0,0
3171,5022480,F,N,Y,0,137172.0,Working,Incomplete higher,Married,House / apartment,-12984.0,-1603.0,1.0,0.0,0.0,1.0,,2.0,0
3172,5090587,F,N,Y,0,139624.01,Working,Incomplete higher,Married,House / apartment,-13190.0,-1661.0,1.0,0.0,0.0,1.0,,2.0,0
3173,5113071,F,N,Y,0,131297.12,Working,Incomplete higher,Married,House / apartment,-13002.0,-1601.0,1.0,0.0,0.0,1.0,,2.0,0
3174,5022481,M,N,Y,0,113728.61,Pensioner,Secondary / secondary special,Single / not married,House / apartment,-8367.0,365113.0,1.0,0.0,0.0,0.0,,1.0,0
3175,5022482,F,N,Y,0,156652.15,Working,Secondary / secondary special,Married,House / apartment,-17130.0,-3010.0,1.0,1.0,1.0,0.0,,2.0,0
3176,5022483,F,N,Y,0,150713.16,Working,Secondary / secondary special,Married,House / apartment,-17000.0,-3026.0,1.0,1.0,1.0,0.0,,2.0,0
3177,5022484,F,N,Y,0,152002.44,Working,Secondary / secondary special,Married,House / apartment,-17144.0,-3010.0,1.0,1.0,1.0,0.0,,2.0,0
3178,5022485,F,N,Y,0,160978.68,Working,Secondary / secondary special,Married,House / apartment,-16699.0,-2985.0,1.0,1.0,1.0,0.0,,2.0,0
3179,5022486,F,N,Y,0,158491.44,Working,Secondary / secondary special,Married,House / apartment,-16988.0,-2949.0,1.0,1.0,1.0,0.0,,2.0,0
3180,5022487,F,N,Y,0,161989.36,Working,Secondary / secondary special,Married,House / apartment,-17374.0,-2965.0,1.0,1.0,1.0,0.0,,2.0,0
3181,5022488,F,N,Y,0,153580.72,Working,Secondary / secondary special,Married,House / apartment,-16865.0,-3059.0,1.0,1.0,1.0,0.0,,2.0,0
3182,5022489,F,N,Y,0,150918.48,Working,Secondary / secondary special,Married,House / apartment,-16475.0,-3076.0,1.0,1.0,1.0,0.0,,2.0,0
3183,5113072,F,N,Y,0,152136.71,Working,Secondary / secondary special,Married,House / apartment,-16824.0,-2907.0,1.0,1.0,1.0,0.0,,2.0,0
3184,5022492,M,Y,N,1,399228.5,State servant,Secondary / secondary special,Married,House / apartment,-14931.0,-2378.0,1.0,0.0,0.0,0.0,Medicine staff,3.0,0
3185,5022493,M,Y,N,1,395136.42,State servant,Secondary / secondary special,Married,House / apartment,-14552.0,-2427.0,1.0,0.0,0.0,0.0,Medicine staff,3.0,0
3186,5022494,M,Y,N,1,406204.37,State servant,Secondary / secondary special,Married,House / apartment,-14595.0,-2405.0,1.0,0.0,0.0,0.0,Medicine staff,3.0,0
3187,5022495,M,Y,N,1,418106.47,State servant,Secondary / secondary special,Married,House / apartment,-14047.0,-2460.0,1.0,0.0,0.0,0.0,Medicine staff,3.0,0
3188,5022496,M,Y,N,1,413713.11,State servant,Secondary / secondary special,Married,House / apartment,-14375.0,-2461.0,1.0,0.0,0.0,0.0,Medicine staff,3.0,0
3189,5022497,M,Y,N,1,403424.36,State servant,Secondary / secondary special,Married,House / apartment,-14101.0,-2495.0,1.0,0.0,0.0,0.0,Medicine staff,3.0,0
3190,5022498,M,Y,N,1,413123.88,State servant,Secondary / secondary special,Married,House / apartment,-14491.0,-2399.0,1.0,0.0,0.0,0.0,Medicine staff,3.0,0
3191,5022499,M,Y,N,1,406480.33,State servant,Secondary / secondary special,Married,House / apartment,-14139.0,-2413.0,1.0,0.0,0.0,0.0,Medicine staff,3.0,0
3192,5022502,M,Y,N,1,413413.94,State servant,Secondary / secondary special,Married,House / apartment,-14376.0,-2510.0,1.0,0.0,0.0,0.0,Medicine staff,3.0,0
3193,6423750,M,Y,N,1,409497.84,State servant,Secondary / secondary special,Married,House / apartment,-14132.0,-2446.0,1.0,0.0,0.0,0.0,Medicine staff,3.0,0
3194,6423751,M,Y,N,1,407359.77,State servant,Secondary / secondary special,Married,House / apartment,-14561.0,-2444.0,1.0,0.0,0.0,0.0,Medicine staff,3.0,0
3195,6423752,M,Y,N,1,402571.33,State servant,Secondary / secondary special,Married,House / apartment,-13728.0,-2484.0,1.0,0.0,0.0,0.0,Medicine staff,3.0,0
3196,5022504,F,N,Y,1,705840.11,Commercial associate,Higher education,Married,House / apartment,-17329.0,-2156.0,1.0,0.0,0.0,1.0,Managers,3.0,0
3197,5022505,F,N,Y,1,724611.61,Commercial associate,Higher education,Married,House / apartment,-17018.0,-2255.0,1.0,0.0,0.0,1.0,Managers,3.0,1
3198,5022506,F,N,Y,1,735340.07,Commercial associate,Higher education,Married,House / apartment,-16936.0,-2141.0,1.0,0.0,0.0,1.0,Managers,3.0,1
3199,5022507,F,N,Y,0,112425.47,Pensioner,Secondary / secondary special,Widow,House / apartment,-23175.0,372658.0,1.0,0.0,0.0,0.0,,1.0,0
3200,5022508,F,N,Y,0,115887.9,Pensioner,Secondary / secondary special,Widow,House / apartment,-23217.0,362259.0,1.0,0.0,0.0,0.0,,1.0,0
3201,5022509,F,N,Y,0,112073.93,Pensioner,Secondary / secondary special,Widow,House / apartment,-23185.0,364042.0,1.0,0.0,0.0,0.0,,1.0,0
3202,5022510,F,N,Y,0,115302.62,Pensioner,Secondary / secondary special,Widow,House / apartment,-22910.0,354479.0,1.0,0.0,0.0,0.0,,1.0,0
3203,5022511,F,N,Y,0,114995.77,Pensioner,Secondary / secondary special,Widow,House / apartment,-23302.0,363620.0,1.0,0.0,0.0,0.0,,1.0,0
3204,5113092,F,N,Y,0,112246.37,Pensioner,Secondary / secondary special,Widow,House / apartment,-24132.0,367829.0,1.0,0.0,0.0,0.0,,1.0,0
3205,5022512,M,Y,Y,0,134820.98,Working,Secondary / secondary special,Married,House / apartment,-15980.0,-741.0,1.0,0.0,0.0,0.0,Drivers,2.0,0
3206,5022513,M,Y,Y,0,137347.15,Working,Secondary / secondary special,Married,House / apartment,-15604.0,-708.0,1.0,0.0,0.0,0.0,Drivers,2.0,0
3207,5022516,F,N,Y,0,222015.19,Pensioner,Secondary / secondary special,Widow,House / apartment,-20695.0,362900.0,1.0,0.0,1.0,0.0,,1.0,0
3208,5022517,F,N,Y,0,227217.44,Pensioner,Secondary / secondary special,Widow,House / apartment,-20753.0,357230.0,1.0,0.0,1.0,0.0,,1.0,0
3209,5022518,F,N,Y,0,230950.1,Pensioner,Secondary / secondary special,Widow,House / apartment,-20934.0,377501.0,1.0,0.0,1.0,0.0,,1.0,0
3210,5022519,F,N,Y,0,218537.02,Pensioner,Secondary / secondary special,Widow,House / apartment,-20561.0,365797.0,1.0,0.0,1.0,0.0,,1.0,0
3211,5022523,F,N,Y,0,227699.6,Pensioner,Secondary / secondary special,Widow,House / apartment,-21369.0,351798.0,1.0,0.0,1.0,0.0,,1.0,0
3212,5113093,F,N,Y,0,219620.6,Pensioner,Secondary / secondary special,Widow,House / apartment,-20731.0,376277.0,1.0,0.0,1.0,0.0,,1.0,0
3213,5022525,F,N,Y,0,124700.72,Pensioner,Secondary / secondary special,Married,House / apartment,-22840.0,373147.0,1.0,0.0,0.0,0.0,,2.0,0
3214,5022527,F,N,Y,0,122431.58,Pensioner,Secondary / secondary special,Married,House / apartment,-23920.0,362428.0,1.0,0.0,0.0,0.0,,2.0,0
3215,5022528,F,N,Y,0,124578.81,Pensioner,Secondary / secondary special,Married,House / apartment,-23548.0,360767.0,1.0,0.0,0.0,0.0,,2.0,0
3216,5022529,F,N,Y,0,121286.74,Pensioner,Secondary / secondary special,Married,House / apartment,-22419.0,371160.0,1.0,0.0,0.0,0.0,,2.0,0
3217,5022530,M,N,Y,0,229095.32,Working,Secondary / secondary special,Married,With parents,-19215.0,-1431.0,1.0,0.0,0.0,0.0,Laborers,2.0,0
3218,5022531,M,N,Y,0,222627.65,Working,Secondary / secondary special,Married,With parents,-19040.0,-1463.0,1.0,0.0,0.0,0.0,Laborers,2.0,0
3219,5022532,M,N,Y,0,225433.37,Working,Secondary / secondary special,Married,With parents,-18415.0,-1436.0,1.0,0.0,0.0,0.0,Laborers,2.0,0
3220,5022535,F,N,Y,2,199537.06,Working,Higher education,Married,House / apartment,-11070.0,-3055.0,1.0,0.0,0.0,0.0,High skill tech staff,4.0,0
3221,5022536,F,N,Y,2,202151.44,Working,Higher education,Married,House / apartment,-10991.0,-3061.0,1.0,0.0,0.0,0.0,High skill tech staff,4.0,0
3222,5022539,M,N,Y,0,201955.12,Working,Secondary / secondary special,Married,House / apartment,-13114.0,-1404.0,1.0,0.0,0.0,0.0,Laborers,2.0,0
3223,5022540,M,N,Y,0,203420.7,Working,Secondary / secondary special,Married,House / apartment,-13272.0,-1413.0,1.0,0.0,0.0,0.0,Laborers,2.0,0
3224,5022541,F,N,Y,0,248966.76,Commercial associate,Higher education,Single / not married,House / apartment,-12026.0,-2061.0,1.0,0.0,0.0,1.0,Core staff,1.0,0
3225,5022542,F,N,Y,0,247635.56,Commercial associate,Higher education,Single / not married,House / apartment,-12159.0,-2068.0,1.0,0.0,0.0,1.0,Core staff,1.0,0
3226,5022543,F,N,Y,0,251391.87,Commercial associate,Higher education,Single / not married,House / apartment,-11781.0,-2078.0,1.0,0.0,0.0,1.0,Core staff,1.0,0
3227,5022545,F,N,Y,0,246774.12,Commercial associate,Higher education,Single / not married,House / apartment,-11964.0,-2091.0,1.0,0.0,0.0,1.0,Core staff,1.0,0
3228,5022546,F,N,Y,0,241643.68,Commercial associate,Higher education,Single / not married,House / apartment,-11981.0,-2048.0,1.0,0.0,0.0,1.0,Core staff,1.0,0
3229,5022547,F,N,Y,0,248365.81,Commercial associate,Higher education,Single / not married,House / apartment,-11604.0,-2042.0,1.0,0.0,0.0,1.0,Core staff,1.0,0
3230,5022548,F,N,Y,0,250197.27,Commercial associate,Higher education,Single / not married,House / apartment,-11801.0,-2001.0,1.0,0.0,0.0,1.0,Core staff,1.0,0
3231,5022549,F,N,Y,0,248362.28,Commercial associate,Higher education,Single / not married,House / apartment,-12145.0,-2067.0,1.0,0.0,0.0,1.0,Core staff,1.0,0
3232,5022550,F,N,Y,0,253715.55,Commercial associate,Higher education,Single / not married,House / apartment,-12174.0,-2039.0,1.0,0.0,0.0,1.0,Core staff,1.0,0
3233,5022551,F,N,Y,0,251764.53,Commercial associate,Higher education,Single / not married,House / apartment,-11735.0,-2088.0,1.0,0.0,0.0,1.0,Core staff,1.0,0
3234,5022553,F,N,Y,0,110534.66,Working,Higher education,Civil marriage,House / apartment,-11374.0,-2514.0,1.0,0.0,1.0,1.0,Sales staff,2.0,0
3235,5022554,F,N,Y,0,113080.33,Working,Higher education,Civil marriage,House / apartment,-11069.0,-2516.0,1.0,0.0,1.0,1.0,Sales staff,2.0,0
3236,5022555,F,N,Y,0,114987.32,Working,Higher education,Civil marriage,House / apartment,-11404.0,-2534.0,1.0,0.0,1.0,1.0,Sales staff,2.0,0
3237,5022556,F,N,Y,0,112960.62,Working,Higher education,Civil marriage,House / apartment,-11167.0,-2483.0,1.0,0.0,1.0,1.0,Sales staff,2.0,0
3238,5022557,F,N,Y,0,108136.16,Working,Higher education,Civil marriage,House / apartment,-11364.0,-2474.0,1.0,0.0,1.0,1.0,Sales staff,2.0,0
3239,5022559,F,N,Y,1,224022.28,Working,Higher education,Married,House / apartment,-13033.0,-1340.0,1.0,0.0,0.0,0.0,Sales staff,3.0,0
3240,5022560,F,N,Y,1,237116.2,Working,Higher education,Married,House / apartment,-13351.0,-1355.0,1.0,0.0,0.0,0.0,Sales staff,3.0,0
3241,5022561,F,N,Y,1,224895.14,Working,Higher education,Married,House / apartment,-13360.0,-1328.0,1.0,0.0,0.0,0.0,Sales staff,3.0,0
3242,5022562,F,N,Y,1,223152.13,Working,Higher education,Married,House / apartment,-12924.0,-1381.0,1.0,0.0,0.0,0.0,Sales staff,3.0,0
3243,5022563,F,N,Y,1,225550.12,Working,Higher education,Married,House / apartment,-13089.0,-1320.0,1.0,0.0,0.0,0.0,Sales staff,3.0,0
3244,5022564,F,N,Y,1,230818.07,Working,Higher education,Married,House / apartment,-13150.0,-1363.0,1.0,0.0,0.0,0.0,Sales staff,3.0,0
3245,5022565,F,N,Y,1,227221.32,Working,Higher education,Married,House / apartment,-12882.0,-1338.0,1.0,0.0,0.0,0.0,Sales staff,3.0,0
3246,5022566,F,N,Y,1,220634.43,Working,Higher education,Married,House / apartment,-13323.0,-1345.0,1.0,0.0,0.0,0.0,Sales staff,3.0,0
3247,5022567,F,N,Y,1,227376.07,Working,Higher education,Married,House / apartment,-13405.0,-1360.0,1.0,0.0,0.0,0.0,Sales staff,3.0,0
3248,5022568,F,N,Y,1,219454.7,Working,Higher education,Married,House / apartment,-13052.0,-1352.0,1.0,0.0,0.0,0.0,Sales staff,3.0,0
3249,5090590,F,N,Y,1,233255.38,Working,Higher education,Married,House / apartment,-13372.0,-1328.0,1.0,0.0,0.0,0.0,Sales staff,3.0,0
3250,5022569,M,Y,Y,0,224187.38,Working,Secondary / secondary special,Married,House / apartment,-14576.0,-1733.0,1.0,0.0,0.0,0.0,Security staff,2.0,0
3251,5022570,M,Y,Y,0,232654.63,Working,Secondary / secondary special,Married,House / apartment,-14951.0,-1760.0,1.0,0.0,0.0,0.0,Security staff,2.0,0
3252,5022571,M,Y,Y,0,200300.84,Pensioner,Higher education,Married,House / apartment,-21687.0,359575.0,1.0,0.0,0.0,0.0,,2.0,0
3253,5022572,M,Y,Y,0,207115.81,Pensioner,Higher education,Married,House / apartment,-22458.0,368892.0,1.0,0.0,0.0,0.0,,2.0,0
3254,5022573,M,Y,Y,0,198966.81,Pensioner,Higher education,Married,House / apartment,-21534.0,352363.0,1.0,0.0,0.0,0.0,,2.0,0
3255,5022577,M,N,Y,0,207163.2,Working,Secondary / secondary special,Single / not married,House / apartment,-8363.0,-596.0,1.0,0.0,0.0,0.0,Laborers,1.0,0
3256,5022578,M,N,Y,0,205884.93,Working,Secondary / secondary special,Single / not married,House / apartment,-8288.0,-588.0,1.0,0.0,0.0,0.0,Laborers,1.0,0
3257,5022579,M,N,Y,0,199296.03,Working,Secondary / secondary special,Single / not married,House / apartment,-8832.0,-574.0,1.0,0.0,0.0,0.0,Laborers,1.0,0
3258,5022580,M,N,Y,0,200815.55,Working,Secondary / secondary special,Single / not married,House / apartment,-8111.0,-579.0,1.0,0.0,0.0,0.0,Laborers,1.0,0
3259,5022582,F,N,Y,0,202242.34,Working,Secondary / secondary special,Single / not married,House / apartment,-17086.0,-9972.0,1.0,0.0,1.0,0.0,Core staff,1.0,1
3260,5022583,F,N,Y,0,210539.88,Working,Secondary / secondary special,Single / not married,House / apartment,-17930.0,-10058.0,1.0,0.0,1.0,0.0,Core staff,1.0,1
3261,5022584,F,N,Y,0,203228.19,Working,Secondary / secondary special,Single / not married,House / apartment,-18034.0,-9895.0,1.0,0.0,1.0,0.0,Core staff,1.0,0
3262,5022585,F,N,Y,0,198989.68,Working,Secondary / secondary special,Single / not married,House / apartment,-17562.0,-9914.0,1.0,0.0,1.0,0.0,Core staff,1.0,1
3263,5022587,F,N,Y,0,207170.7,Working,Secondary / secondary special,Single / not married,House / apartment,-17616.0,-10227.0,1.0,0.0,1.0,0.0,Core staff,1.0,1
3264,5022589,F,N,Y,0,202702.47,Working,Secondary / secondary special,Single / not married,House / apartment,-17819.0,-9868.0,1.0,0.0,1.0,0.0,Core staff,1.0,1
3265,5022590,F,N,Y,0,200789.37,Working,Secondary / secondary special,Single / not married,House / apartment,-17662.0,-10288.0,1.0,0.0,1.0,0.0,Core staff,1.0,0
3266,5022591,F,N,Y,0,201502.42,Working,Secondary / secondary special,Single / not married,House / apartment,-16953.0,-9846.0,1.0,0.0,1.0,0.0,Core staff,1.0,1
3267,5113121,F,N,Y,0,201822.29,Working,Secondary / secondary special,Single / not married,House / apartment,-17968.0,-10118.0,1.0,0.0,1.0,0.0,Core staff,1.0,0
3268,5022592,F,N,Y,1,147099.94,Working,Higher education,Civil marriage,House / apartment,-13519.0,-119.0,1.0,1.0,1.0,1.0,Secretaries,3.0,0
3269,5022593,F,N,Y,1,140406.53,Working,Higher education,Civil marriage,House / apartment,-13319.0,-125.0,1.0,1.0,1.0,1.0,Secretaries,3.0,0
3270,5022594,F,N,Y,1,145688.42,Working,Higher education,Civil marriage,House / apartment,-13337.0,-125.0,1.0,1.0,1.0,1.0,Secretaries,3.0,0
3271,5022595,F,N,Y,1,139308.21,Working,Higher education,Civil marriage,House / apartment,-13765.0,-125.0,1.0,1.0,1.0,1.0,Secretaries,3.0,0
3272,5022596,F,N,Y,1,141351.86,Working,Higher education,Civil marriage,House / apartment,-13335.0,-122.0,1.0,1.0,1.0,1.0,Secretaries,3.0,0
3273,5022597,F,N,Y,1,143415.69,Working,Higher education,Civil marriage,House / apartment,-13568.0,-122.0,1.0,1.0,1.0,1.0,Secretaries,3.0,0
3274,5022598,F,N,Y,1,142688.17,Working,Higher education,Civil marriage,House / apartment,-13721.0,-126.0,1.0,1.0,1.0,1.0,Secretaries,3.0,0
3275,5022599,F,N,Y,1,137805.03,Working,Higher education,Civil marriage,House / apartment,-13090.0,-124.0,1.0,1.0,1.0,1.0,Secretaries,3.0,0
3276,6423270,F,N,Y,1,144997.01,Working,Higher education,Civil marriage,House / apartment,-13478.0,-125.0,1.0,1.0,1.0,1.0,Secretaries,3.0,0
3277,6423271,F,N,Y,1,141312.52,Working,Higher education,Civil marriage,House / apartment,-13500.0,-123.0,1.0,1.0,1.0,1.0,Secretaries,3.0,0
3278,5022602,M,N,Y,0,338661.79,Working,Higher education,Married,House / apartment,-13181.0,-5340.0,1.0,0.0,0.0,0.0,Managers,2.0,0
3279,5022604,M,N,Y,0,345824.0,Working,Higher education,Married,House / apartment,-13573.0,-5391.0,1.0,0.0,0.0,0.0,Managers,2.0,0
3280,5022605,M,N,Y,0,343847.42,Working,Higher education,Married,House / apartment,-13408.0,-5304.0,1.0,0.0,0.0,0.0,Managers,2.0,0
3281,5113137,M,N,Y,0,328514.91,Working,Higher education,Married,House / apartment,-13217.0,-5222.0,1.0,0.0,0.0,0.0,Managers,2.0,0
3282,5113138,M,N,Y,0,347840.11,Working,Higher education,Married,House / apartment,-12841.0,-5328.0,1.0,0.0,0.0,0.0,Managers,2.0,0
3283,5022606,F,N,Y,1,110834.82,Commercial associate,Secondary / secondary special,Married,House / apartment,-8786.0,-1035.0,1.0,1.0,1.0,0.0,Core staff,3.0,0
3284,5022607,F,N,Y,1,111246.27,Commercial associate,Secondary / secondary special,Married,House / apartment,-8448.0,-956.0,1.0,1.0,1.0,0.0,Core staff,3.0,0
3285,5022608,M,Y,Y,1,209430.8,Working,Secondary / secondary special,Married,House / apartment,-10418.0,-827.0,1.0,0.0,0.0,0.0,Laborers,3.0,0
3286,5022609,M,Y,Y,1,200562.96,Working,Secondary / secondary special,Married,House / apartment,-10123.0,-816.0,1.0,0.0,0.0,0.0,Laborers,3.0,0
3287,5022610,M,Y,Y,1,203734.03,Working,Secondary / secondary special,Married,House / apartment,-10294.0,-813.0,1.0,0.0,0.0,0.0,Laborers,3.0,0
3288,5022611,M,Y,Y,1,198217.48,Working,Secondary / secondary special,Married,House / apartment,-10128.0,-833.0,1.0,0.0,0.0,0.0,Laborers,3.0,0
3289,5022612,M,Y,Y,1,197369.47,Working,Secondary / secondary special,Married,House / apartment,-10383.0,-828.0,1.0,0.0,0.0,0.0,Laborers,3.0,0
3290,5022614,M,Y,Y,0,203085.51,Commercial associate,Secondary / secondary special,Civil marriage,House / apartment,-11808.0,-1634.0,1.0,0.0,0.0,1.0,Laborers,2.0,0
3291,5022616,M,Y,Y,0,196378.5,Commercial associate,Secondary / secondary special,Civil marriage,House / apartment,-11966.0,-1679.0,1.0,0.0,0.0,1.0,Laborers,2.0,0
3292,5022617,M,Y,Y,0,205690.0,Commercial associate,Secondary / secondary special,Civil marriage,House / apartment,-12054.0,-1647.0,1.0,0.0,0.0,1.0,Laborers,2.0,0
3293,5022618,M,Y,Y,0,206022.34,Commercial associate,Secondary / secondary special,Civil marriage,House / apartment,-11843.0,-1715.0,1.0,0.0,0.0,1.0,Laborers,2.0,0
3294,5022619,M,Y,Y,0,203563.24,Commercial associate,Secondary / secondary special,Civil marriage,House / apartment,-12307.0,-1671.0,1.0,0.0,0.0,1.0,Laborers,2.0,0
3295,6423273,M,Y,Y,0,202284.73,Commercial associate,Secondary / secondary special,Civil marriage,House / apartment,-12361.0,-1662.0,1.0,0.0,0.0,1.0,Laborers,2.0,0
3296,5022620,M,Y,N,0,240334.22,State servant,Higher education,Married,With parents,-12507.0,-2324.0,1.0,1.0,1.0,1.0,Core staff,2.0,0
3297,5022621,M,Y,N,0,252132.43,State servant,Higher education,Married,With parents,-12001.0,-2277.0,1.0,1.0,1.0,1.0,Core staff,2.0,0
3298,5022622,M,Y,N,0,242965.23,State servant,Higher education,Married,With parents,-12362.0,-2312.0,1.0,1.0,1.0,1.0,Core staff,2.0,0
3299,5022623,M,Y,N,0,244828.93,State servant,Higher education,Married,With parents,-11899.0,-2257.0,1.0,1.0,1.0,1.0,Core staff,2.0,0
3300,5022624,M,Y,N,0,256907.15,State servant,Higher education,Married,With parents,-12333.0,-2254.0,1.0,1.0,1.0,1.0,Core staff,2.0,0
3301,5022625,M,Y,N,0,243821.26,State servant,Higher education,Married,With parents,-12481.0,-2314.0,1.0,1.0,1.0,1.0,Core staff,2.0,0
3302,5022626,M,Y,N,0,247518.14,State servant,Higher education,Married,With parents,-11510.0,-2325.0,1.0,1.0,1.0,1.0,Core staff,2.0,0
3303,5022627,M,Y,N,0,249378.47,State servant,Higher education,Married,With parents,-12339.0,-2319.0,1.0,1.0,1.0,1.0,Core staff,2.0,0
3304,5022628,F,N,Y,0,156701.38,Working,Secondary / secondary special,Single / not married,Municipal apartment,-20078.0,-1739.0,1.0,0.0,1.0,0.0,,1.0,0
3305,5022634,F,N,Y,0,162711.88,Working,Secondary / secondary special,Single / not married,Municipal apartment,-20262.0,-1722.0,1.0,0.0,1.0,0.0,,1.0,0
3306,5022635,F,N,Y,0,152785.69,Working,Secondary / secondary special,Single / not married,Municipal apartment,-20287.0,-1792.0,1.0,0.0,1.0,0.0,,1.0,0
3307,5022636,F,N,Y,0,158629.7,Working,Secondary / secondary special,Single / not married,Municipal apartment,-20169.0,-1728.0,1.0,0.0,1.0,0.0,,1.0,0
3308,5022637,F,N,Y,0,156641.8,Working,Secondary / secondary special,Single / not married,Municipal apartment,-20908.0,-1782.0,1.0,0.0,1.0,0.0,,1.0,0
3309,5022639,F,N,Y,0,159648.7,Working,Secondary / secondary special,Single / not married,Municipal apartment,-20633.0,-1674.0,1.0,0.0,1.0,0.0,,1.0,0
3310,6423325,F,N,Y,0,162549.8,Working,Secondary / secondary special,Single / not married,Municipal apartment,-19988.0,-1751.0,1.0,0.0,1.0,0.0,,1.0,0
3311,6423326,F,N,Y,0,156741.37,Working,Secondary / secondary special,Single / not married,Municipal apartment,-20418.0,-1756.0,1.0,0.0,1.0,0.0,,1.0,0
3312,5022640,F,N,Y,1,75626.43,Working,Secondary / secondary special,Married,House / apartment,-11064.0,-1420.0,1.0,0.0,0.0,1.0,Medicine staff,3.0,0
3313,5022641,F,N,Y,1,72813.75,Working,Secondary / secondary special,Married,House / apartment,-11186.0,-1456.0,1.0,0.0,0.0,1.0,Medicine staff,3.0,0
3314,5022642,F,N,Y,1,76641.94,Working,Secondary / secondary special,Married,House / apartment,-11192.0,-1368.0,1.0,0.0,0.0,1.0,Medicine staff,3.0,0
3315,5022643,F,N,Y,1,75107.64,Working,Secondary / secondary special,Married,House / apartment,-11105.0,-1459.0,1.0,0.0,0.0,1.0,Medicine staff,3.0,0
3316,5022644,M,Y,Y,1,135833.32,Commercial associate,Higher education,Married,House / apartment,-12071.0,-90.0,1.0,0.0,0.0,0.0,Managers,3.0,0
3317,5022647,M,Y,Y,1,139362.14,Commercial associate,Higher education,Married,House / apartment,-11613.0,-88.0,1.0,0.0,0.0,0.0,Managers,3.0,0
3318,5022648,M,Y,Y,1,137996.88,Commercial associate,Higher education,Married,House / apartment,-11763.0,-92.0,1.0,0.0,0.0,0.0,Managers,3.0,0
3319,5022649,M,Y,Y,1,136432.99,Commercial associate,Higher education,Married,House / apartment,-11768.0,-94.0,1.0,0.0,0.0,0.0,Managers,3.0,0
3320,5022651,M,Y,Y,1,137833.9,Commercial associate,Higher education,Married,House / apartment,-11804.0,-93.0,1.0,0.0,0.0,0.0,Managers,3.0,0
3321,5022652,M,Y,Y,1,135961.7,Commercial associate,Higher education,Married,House / apartment,-11554.0,-93.0,1.0,0.0,0.0,0.0,Managers,3.0,0
3322,6423328,M,Y,Y,1,134560.23,Commercial associate,Higher education,Married,House / apartment,-11938.0,-95.0,1.0,0.0,0.0,0.0,Managers,3.0,0
3323,5022654,M,N,Y,0,110651.95,Working,Secondary / secondary special,Single / not married,House / apartment,-17751.0,-1918.0,1.0,1.0,1.0,0.0,Sales staff,1.0,0
3324,5022655,M,N,Y,0,111230.49,Working,Secondary / secondary special,Single / not married,House / apartment,-18077.0,-1937.0,1.0,1.0,1.0,0.0,Sales staff,1.0,0
3325,6423374,M,N,Y,0,110699.42,Working,Secondary / secondary special,Single / not married,House / apartment,-18383.0,-1933.0,1.0,1.0,1.0,0.0,Sales staff,1.0,0
3326,5022656,F,N,Y,0,209753.6,Pensioner,Secondary / secondary special,Widow,House / apartment,-22001.0,373708.0,1.0,0.0,1.0,0.0,,1.0,0
3327,5022657,F,N,Y,0,199029.08,Pensioner,Secondary / secondary special,Widow,House / apartment,-22281.0,363304.0,1.0,0.0,1.0,0.0,,1.0,0
3328,5022658,F,N,Y,0,197036.27,Pensioner,Secondary / secondary special,Widow,House / apartment,-22296.0,363988.0,1.0,0.0,1.0,0.0,,1.0,0
3329,6423375,F,N,Y,0,206236.96,Pensioner,Secondary / secondary special,Widow,House / apartment,-21841.0,363403.0,1.0,0.0,1.0,0.0,,1.0,0
3330,5022659,F,N,Y,0,250589.25,Commercial associate,Secondary / secondary special,Single / not married,House / apartment,-13860.0,-1273.0,1.0,0.0,1.0,0.0,Private service staff,1.0,0
3331,5022660,F,N,Y,0,246968.16,Commercial associate,Secondary / secondary special,Single / not married,House / apartment,-13754.0,-1270.0,1.0,0.0,1.0,0.0,Private service staff,1.0,0
3332,5022661,F,N,Y,0,247567.1,Commercial associate,Secondary / secondary special,Single / not married,House / apartment,-14260.0,-1266.0,1.0,0.0,1.0,0.0,Private service staff,1.0,0
3333,5022663,F,N,N,1,162500.57,Working,Secondary / secondary special,Single / not married,With parents,-14341.0,-1376.0,1.0,0.0,0.0,0.0,Cleaning staff,2.0,0
3334,5022664,M,Y,Y,0,156282.76,Commercial associate,Secondary / secondary special,Single / not married,Municipal apartment,-9870.0,-2075.0,1.0,1.0,0.0,0.0,Laborers,1.0,0
3335,5022665,M,Y,Y,0,160097.01,Commercial associate,Secondary / secondary special,Single / not married,Municipal apartment,-9714.0,-2161.0,1.0,1.0,0.0,0.0,Laborers,1.0,0
3336,5022666,M,Y,Y,0,158524.21,Commercial associate,Secondary / secondary special,Single / not married,Municipal apartment,-10077.0,-2152.0,1.0,1.0,0.0,0.0,Laborers,1.0,0
3337,5022667,M,Y,Y,0,153641.86,Commercial associate,Secondary / secondary special,Single / not married,Municipal apartment,-9990.0,-2178.0,1.0,1.0,0.0,0.0,Laborers,1.0,0
3338,5022668,M,Y,Y,0,159176.33,Commercial associate,Secondary / secondary special,Single / not married,Municipal apartment,-9828.0,-2148.0,1.0,1.0,0.0,0.0,Laborers,1.0,0
3339,5022669,M,Y,Y,0,152476.2,Commercial associate,Secondary / secondary special,Single / not married,Municipal apartment,-9700.0,-2135.0,1.0,1.0,0.0,0.0,Laborers,1.0,0
3340,5022670,M,Y,Y,0,155218.47,Commercial associate,Secondary / secondary special,Single / not married,Municipal apartment,-9794.0,-2151.0,1.0,1.0,0.0,0.0,Laborers,1.0,0
3341,5022671,M,Y,Y,0,158537.94,Commercial associate,Secondary / secondary special,Single / not married,Municipal apartment,-9702.0,-2093.0,1.0,1.0,0.0,0.0,Laborers,1.0,0
3342,5022672,M,Y,Y,0,155091.56,Commercial associate,Secondary / secondary special,Single / not married,Municipal apartment,-9675.0,-2054.0,1.0,1.0,0.0,0.0,Laborers,1.0,0
3343,5113159,M,Y,Y,0,153229.28,Commercial associate,Secondary / secondary special,Single / not married,Municipal apartment,-9822.0,-2194.0,1.0,1.0,0.0,0.0,Laborers,1.0,0
3344,5113160,M,Y,Y,0,160184.86,Commercial associate,Secondary / secondary special,Single / not married,Municipal apartment,-9785.0,-2046.0,1.0,1.0,0.0,0.0,Laborers,1.0,0
3345,5022673,F,N,Y,1,313602.66,Commercial associate,Higher education,Married,House / apartment,-14045.0,-5589.0,1.0,0.0,0.0,1.0,Accountants,3.0,0
3346,5022679,F,N,Y,1,316496.02,Commercial associate,Higher education,Married,House / apartment,-14325.0,-5559.0,1.0,0.0,0.0,1.0,Accountants,3.0,0
3347,5022676,M,N,Y,0,140809.6,Pensioner,Secondary / secondary special,Married,House / apartment,-22740.0,359020.0,1.0,0.0,0.0,0.0,,2.0,0
3348,5022677,M,N,Y,0,137138.71,Pensioner,Secondary / secondary special,Married,House / apartment,-22258.0,367978.0,1.0,0.0,0.0,0.0,,2.0,0
3349,5022681,M,Y,Y,0,308054.63,Pensioner,Higher education,Married,House / apartment,-19465.0,359373.0,1.0,0.0,1.0,0.0,,2.0,0
3350,5022682,M,Y,Y,0,321933.06,Pensioner,Higher education,Married,House / apartment,-18685.0,377937.0,1.0,0.0,1.0,0.0,,2.0,0
3351,5022683,F,N,N,0,153441.07,Working,Secondary / secondary special,Separated,With parents,-14416.0,-565.0,1.0,1.0,1.0,0.0,Sales staff,1.0,0
3352,5022684,F,N,N,0,155738.81,Working,Secondary / secondary special,Separated,With parents,-14271.0,-541.0,1.0,1.0,1.0,0.0,Sales staff,1.0,0
3353,5022685,F,N,N,0,162251.12,Working,Secondary / secondary special,Separated,With parents,-14188.0,-563.0,1.0,1.0,1.0,0.0,Sales staff,1.0,0
3354,5022686,F,N,Y,0,115410.08,Commercial associate,Secondary / secondary special,Single / not married,House / apartment,-15809.0,-772.0,1.0,0.0,0.0,0.0,Sales staff,1.0,0
3355,5022687,F,N,Y,0,112677.4,Commercial associate,Secondary / secondary special,Single / not married,House / apartment,-15411.0,-748.0,1.0,0.0,0.0,0.0,Sales staff,1.0,0
3356,5022689,F,N,Y,0,116504.04,Commercial associate,Secondary / secondary special,Single / not married,House / apartment,-15995.0,-758.0,1.0,0.0,0.0,0.0,Sales staff,1.0,0
3357,5022690,F,N,Y,0,110604.52,Commercial associate,Secondary / secondary special,Single / not married,House / apartment,-15885.0,-759.0,1.0,0.0,0.0,0.0,Sales staff,1.0,0
3358,5022691,F,Y,Y,0,131446.23,Working,Incomplete higher,Civil marriage,House / apartment,-10625.0,-3101.0,1.0,0.0,0.0,0.0,Laborers,2.0,0
3359,5022692,F,Y,Y,0,132750.99,Working,Incomplete higher,Civil marriage,House / apartment,-10641.0,-3074.0,1.0,0.0,0.0,0.0,Laborers,2.0,0
3360,5022694,F,N,Y,0,112705.25,Pensioner,Secondary / secondary special,Married,House / apartment,-21158.0,371845.0,1.0,0.0,1.0,0.0,,2.0,0
3361,5022696,F,N,Y,0,111444.8,Pensioner,Secondary / secondary special,Married,House / apartment,-20515.0,359360.0,1.0,0.0,1.0,0.0,,2.0,0
3362,5022698,M,Y,Y,0,303212.68,Working,Secondary / secondary special,Single / not married,House / apartment,-13681.0,-5434.0,1.0,0.0,0.0,0.0,Drivers,1.0,0
3363,5022700,M,Y,Y,0,311273.9,Working,Secondary / secondary special,Single / not married,House / apartment,-14094.0,-5300.0,1.0,0.0,0.0,0.0,Drivers,1.0,0
3364,5022701,M,Y,Y,0,314768.29,Working,Secondary / secondary special,Single / not married,House / apartment,-14754.0,-5227.0,1.0,0.0,0.0,0.0,Drivers,1.0,0
3365,5022702,M,Y,Y,0,307910.34,Working,Secondary / secondary special,Single / not married,House / apartment,-14247.0,-5432.0,1.0,0.0,0.0,0.0,Drivers,1.0,0
3366,5022703,M,Y,Y,0,316901.95,Working,Secondary / secondary special,Single / not married,House / apartment,-14536.0,-5315.0,1.0,0.0,0.0,0.0,Drivers,1.0,0
3367,5022704,M,Y,Y,0,328482.1,Working,Secondary / secondary special,Single / not married,House / apartment,-13761.0,-5305.0,1.0,0.0,0.0,0.0,Drivers,1.0,0
3368,5022705,M,Y,Y,0,317468.05,Working,Secondary / secondary special,Single / not married,House / apartment,-13916.0,-5338.0,1.0,0.0,0.0,0.0,Drivers,1.0,0
3369,5022707,M,Y,Y,0,324871.98,Working,Secondary / secondary special,Single / not married,House / apartment,-14227.0,-5264.0,1.0,0.0,0.0,0.0,Drivers,1.0,0
3370,5022712,M,N,Y,0,159066.22,Working,Secondary / secondary special,Married,House / apartment,-24351.0,-2708.0,1.0,0.0,0.0,0.0,Security staff,2.0,0
3371,5022713,M,N,Y,0,157123.22,Working,Secondary / secondary special,Married,House / apartment,-24355.0,-2649.0,1.0,0.0,0.0,0.0,Security staff,2.0,0
3372,5022715,M,N,Y,0,160416.4,Working,Secondary / secondary special,Married,House / apartment,-22713.0,-2604.0,1.0,0.0,0.0,0.0,Security staff,2.0,0
3373,5022716,M,N,Y,0,159560.69,Working,Secondary / secondary special,Married,House / apartment,-23109.0,-2534.0,1.0,0.0,0.0,0.0,Security staff,2.0,0
3374,5022717,M,N,Y,0,159325.6,Working,Secondary / secondary special,Married,House / apartment,-23413.0,-2517.0,1.0,0.0,0.0,0.0,Security staff,2.0,0
3375,5022718,M,N,Y,0,159570.11,Working,Secondary / secondary special,Married,House / apartment,-23901.0,-2618.0,1.0,0.0,0.0,0.0,Security staff,2.0,0
3376,5022719,M,N,Y,0,154461.05,Working,Secondary / secondary special,Married,House / apartment,-24068.0,-2639.0,1.0,0.0,0.0,0.0,Security staff,2.0,0
3377,6423444,M,N,Y,0,161873.26,Working,Secondary / secondary special,Married,House / apartment,-23678.0,-2647.0,1.0,0.0,0.0,0.0,Security staff,2.0,0
3378,6423445,M,N,Y,0,161216.91,Working,Secondary / secondary special,Married,House / apartment,-22578.0,-2658.0,1.0,0.0,0.0,0.0,Security staff,2.0,0
3379,5022720,M,Y,Y,2,157058.92,Working,Secondary / secondary special,Married,House / apartment,-15282.0,-664.0,1.0,0.0,0.0,0.0,Drivers,4.0,0
3380,5022721,M,Y,Y,2,153369.58,Working,Secondary / secondary special,Married,House / apartment,-15667.0,-678.0,1.0,0.0,0.0,0.0,Drivers,4.0,0
3381,5022722,M,Y,Y,2,150253.53,Working,Secondary / secondary special,Married,House / apartment,-15006.0,-697.0,1.0,0.0,0.0,0.0,Drivers,4.0,0
3382,5090617,M,Y,Y,2,160284.16,Working,Secondary / secondary special,Married,House / apartment,-14658.0,-672.0,1.0,0.0,0.0,0.0,Drivers,4.0,0
3383,5022730,M,Y,N,3,348522.84,Commercial associate,Secondary / secondary special,Married,House / apartment,-15596.0,-1618.0,1.0,0.0,0.0,0.0,Managers,5.0,0
3384,5022731,M,Y,N,3,366467.71,Commercial associate,Secondary / secondary special,Married,House / apartment,-14774.0,-1636.0,1.0,0.0,0.0,0.0,Managers,5.0,0
3385,5022732,F,N,Y,0,89930.41,Pensioner,Secondary / secondary special,Married,House / apartment,-21152.0,369408.0,1.0,0.0,0.0,0.0,,2.0,0
3386,5022733,F,N,Y,0,91568.94,Pensioner,Secondary / secondary special,Married,House / apartment,-20986.0,353613.0,1.0,0.0,0.0,0.0,,2.0,0
3387,5022734,F,N,Y,0,89511.62,Pensioner,Secondary / secondary special,Married,House / apartment,-20973.0,368262.0,1.0,0.0,0.0,0.0,,2.0,0
3388,5022737,F,N,Y,0,86016.28,Pensioner,Secondary / secondary special,Married,House / apartment,-20979.0,360668.0,1.0,0.0,0.0,0.0,,2.0,0
3389,5022738,F,N,Y,0,88320.62,Pensioner,Secondary / secondary special,Married,House / apartment,-21481.0,360708.0,1.0,0.0,0.0,0.0,,2.0,0
3390,5022739,F,N,Y,0,90053.02,Pensioner,Secondary / secondary special,Married,House / apartment,-21091.0,364972.0,1.0,0.0,0.0,0.0,,2.0,0
3391,5022740,F,N,Y,0,91915.75,Pensioner,Secondary / secondary special,Married,House / apartment,-21166.0,373856.0,1.0,0.0,0.0,0.0,,2.0,0
3392,5022741,F,N,Y,0,178246.98,Working,Secondary / secondary special,Married,House / apartment,-9515.0,-1356.0,1.0,0.0,0.0,1.0,Sales staff,2.0,0
3393,5022742,F,N,Y,0,181876.24,Working,Secondary / secondary special,Married,House / apartment,-9678.0,-1372.0,1.0,0.0,0.0,1.0,Sales staff,2.0,0
3394,5022757,F,N,Y,0,175397.96,Working,Secondary / secondary special,Married,House / apartment,-9735.0,-1329.0,1.0,0.0,0.0,1.0,Sales staff,2.0,0
3395,5022758,F,N,Y,0,177030.12,Working,Secondary / secondary special,Married,House / apartment,-10042.0,-1340.0,1.0,0.0,0.0,1.0,Sales staff,2.0,0
3396,5022759,F,N,Y,0,177772.63,Working,Secondary / secondary special,Married,House / apartment,-9563.0,-1298.0,1.0,0.0,0.0,1.0,Sales staff,2.0,0
3397,5022760,F,N,Y,0,185100.88,Working,Secondary / secondary special,Married,House / apartment,-9584.0,-1309.0,1.0,0.0,0.0,1.0,Sales staff,2.0,0
3398,5022761,F,N,Y,0,181101.7,Working,Secondary / secondary special,Married,House / apartment,-9778.0,-1315.0,1.0,0.0,0.0,1.0,Sales staff,2.0,0
3399,5113193,F,N,Y,0,174842.19,Working,Secondary / secondary special,Married,House / apartment,-9823.0,-1306.0,1.0,0.0,0.0,1.0,Sales staff,2.0,0
3400,5022743,F,N,N,1,199897.59,Commercial associate,Secondary / secondary special,Separated,House / apartment,-10433.0,-3214.0,1.0,0.0,0.0,0.0,Sales staff,2.0,0
3401,5022744,F,N,N,1,199555.53,Commercial associate,Secondary / secondary special,Separated,House / apartment,-10610.0,-3235.0,1.0,0.0,0.0,0.0,Sales staff,2.0,0
3402,5022745,F,N,N,1,208423.21,Commercial associate,Secondary / secondary special,Separated,House / apartment,-11304.0,-3201.0,1.0,0.0,0.0,0.0,Sales staff,2.0,0
3403,5022746,F,N,N,1,197377.79,Commercial associate,Secondary / secondary special,Separated,House / apartment,-10576.0,-3231.0,1.0,0.0,0.0,0.0,Sales staff,2.0,0
3404,5022749,F,N,N,1,202856.44,Commercial associate,Secondary / secondary special,Separated,House / apartment,-10921.0,-3244.0,1.0,0.0,0.0,0.0,Sales staff,2.0,0
3405,5022750,F,N,N,1,204255.82,Commercial associate,Secondary / secondary special,Separated,House / apartment,-10886.0,-3101.0,1.0,0.0,0.0,0.0,Sales staff,2.0,0
3406,5022751,F,N,N,1,207607.54,Commercial associate,Secondary / secondary special,Separated,House / apartment,-10630.0,-2994.0,1.0,0.0,0.0,0.0,Sales staff,2.0,0
3407,5022752,F,N,N,1,199313.58,Commercial associate,Secondary / secondary special,Separated,House / apartment,-10954.0,-3222.0,1.0,0.0,0.0,0.0,Sales staff,2.0,0
3408,5022753,F,N,N,1,203017.27,Commercial associate,Secondary / secondary special,Separated,House / apartment,-10569.0,-3118.0,1.0,0.0,0.0,0.0,Sales staff,2.0,0
3409,5022754,F,N,N,1,208855.06,Commercial associate,Secondary / secondary special,Separated,House / apartment,-10985.0,-3107.0,1.0,0.0,0.0,0.0,Sales staff,2.0,0
3410,5022755,F,N,N,1,204200.81,Commercial associate,Secondary / secondary special,Separated,House / apartment,-10808.0,-3166.0,1.0,0.0,0.0,0.0,Sales staff,2.0,0
3411,5022756,F,N,N,1,209751.72,Commercial associate,Secondary / secondary special,Separated,House / apartment,-10879.0,-3213.0,1.0,0.0,0.0,0.0,Sales staff,2.0,0
3412,5022762,F,N,N,1,203887.1,Commercial associate,Secondary / secondary special,Separated,House / apartment,-11003.0,-3111.0,1.0,0.0,0.0,0.0,Sales staff,2.0,0
3413,6423447,F,N,N,1,197718.49,Commercial associate,Secondary / secondary special,Separated,House / apartment,-10901.0,-3185.0,1.0,0.0,0.0,0.0,Sales staff,2.0,0
3414,5022765,F,N,N,0,114162.63,State servant,Secondary / secondary special,Married,House / apartment,-11414.0,-3934.0,1.0,0.0,0.0,1.0,Core staff,2.0,0
3415,5022767,F,N,Y,2,88214.97,Working,Secondary / secondary special,Married,With parents,-14318.0,-374.0,1.0,0.0,1.0,0.0,Medicine staff,4.0,0
3416,5022768,F,N,Y,2,90383.23,Working,Secondary / secondary special,Married,With parents,-13810.0,-377.0,1.0,0.0,1.0,0.0,Medicine staff,4.0,0
3417,5022769,F,N,Y,2,89683.82,Working,Secondary / secondary special,Married,With parents,-13529.0,-357.0,1.0,0.0,1.0,0.0,Medicine staff,4.0,0
3418,5022770,F,N,Y,2,90985.67,Working,Secondary / secondary special,Married,With parents,-13462.0,-376.0,1.0,0.0,1.0,0.0,Medicine staff,4.0,0
3419,5022771,F,N,Y,2,91436.84,Working,Secondary / secondary special,Married,With parents,-14109.0,-368.0,1.0,0.0,1.0,0.0,Medicine staff,4.0,0
3420,5022772,F,N,Y,2,90453.74,Working,Secondary / secondary special,Married,With parents,-13692.0,-359.0,1.0,0.0,1.0,0.0,Medicine staff,4.0,0
3421,5022773,F,N,Y,2,90365.86,Working,Secondary / secondary special,Married,With parents,-13610.0,-368.0,1.0,0.0,1.0,0.0,Medicine staff,4.0,0
3422,6423550,F,N,Y,2,89222.72,Working,Secondary / secondary special,Married,With parents,-13319.0,-364.0,1.0,0.0,1.0,0.0,Medicine staff,4.0,0
3423,6423551,F,N,Y,2,89830.08,Working,Secondary / secondary special,Married,With parents,-14112.0,-359.0,1.0,0.0,1.0,0.0,Medicine staff,4.0,0
3424,5022774,F,Y,Y,0,223795.34,Pensioner,Higher education,Married,House / apartment,-22886.0,348442.0,1.0,0.0,0.0,0.0,,2.0,0
3425,5022775,F,Y,Y,0,227320.34,Pensioner,Higher education,Married,House / apartment,-22942.0,373376.0,1.0,0.0,0.0,0.0,,2.0,0
3426,5022776,F,Y,Y,0,220930.94,Pensioner,Higher education,Married,House / apartment,-23182.0,367177.0,1.0,0.0,0.0,0.0,,2.0,0
3427,5022778,F,Y,Y,0,217420.33,Pensioner,Higher education,Married,House / apartment,-23322.0,360469.0,1.0,0.0,0.0,0.0,,2.0,0
3428,5022783,M,Y,Y,1,209439.36,Working,Higher education,Widow,House / apartment,-12992.0,-1309.0,1.0,0.0,0.0,0.0,Managers,2.0,0
3429,5022784,M,Y,Y,1,219494.49,Working,Higher education,Widow,House / apartment,-12725.0,-1310.0,1.0,0.0,0.0,0.0,Managers,2.0,0
3430,5022787,M,Y,Y,1,222550.48,Working,Higher education,Widow,House / apartment,-13224.0,-1266.0,1.0,0.0,0.0,0.0,Managers,2.0,0
3431,5022788,M,Y,Y,1,216547.62,Working,Higher education,Widow,House / apartment,-13213.0,-1267.0,1.0,0.0,0.0,0.0,Managers,2.0,0
3432,5022789,F,N,N,0,108002.29,Working,Secondary / secondary special,Separated,House / apartment,-12529.0,-182.0,1.0,0.0,0.0,0.0,Core staff,1.0,0
3433,5022790,F,N,N,0,108756.26,Working,Secondary / secondary special,Separated,House / apartment,-12858.0,-190.0,1.0,0.0,0.0,0.0,Core staff,1.0,0
3434,5022791,F,Y,Y,0,203917.37,Working,Higher education,Widow,House / apartment,-12126.0,-1498.0,1.0,0.0,0.0,0.0,Managers,1.0,0
3435,5022792,F,Y,Y,0,202250.91,Working,Higher education,Widow,House / apartment,-11771.0,-1487.0,1.0,0.0,0.0,0.0,Managers,1.0,0
3436,5022794,F,Y,Y,0,198989.57,Working,Higher education,Widow,House / apartment,-12360.0,-1481.0,1.0,0.0,0.0,0.0,Managers,1.0,0
3437,5022795,F,Y,Y,0,199482.32,Working,Higher education,Widow,House / apartment,-11919.0,-1524.0,1.0,0.0,0.0,0.0,Managers,1.0,0
3438,5022796,F,Y,Y,0,204621.76,Working,Higher education,Widow,House / apartment,-12031.0,-1466.0,1.0,0.0,0.0,0.0,Managers,1.0,0
3439,5022797,F,Y,Y,0,197410.97,Working,Higher education,Widow,House / apartment,-12302.0,-1552.0,1.0,0.0,0.0,0.0,Managers,1.0,0
3440,5022798,F,Y,Y,0,213377.22,Working,Higher education,Widow,House / apartment,-12470.0,-1496.0,1.0,0.0,0.0,0.0,Managers,1.0,0
3441,5022799,F,Y,Y,0,200225.76,Working,Higher education,Widow,House / apartment,-12086.0,-1474.0,1.0,0.0,0.0,0.0,Managers,1.0,0
3442,5022800,F,Y,Y,0,206359.88,Working,Higher education,Widow,House / apartment,-12007.0,-1493.0,1.0,0.0,0.0,0.0,Managers,1.0,0
3443,5022802,F,Y,Y,0,202737.98,Working,Higher education,Widow,House / apartment,-12082.0,-1481.0,1.0,0.0,0.0,0.0,Managers,1.0,0
3444,5022803,F,Y,Y,0,204043.78,Working,Higher education,Widow,House / apartment,-11841.0,-1496.0,1.0,0.0,0.0,0.0,Managers,1.0,0
3445,5022804,F,Y,Y,0,197360.11,Working,Higher education,Widow,House / apartment,-11642.0,-1516.0,1.0,0.0,0.0,0.0,Managers,1.0,0
3446,5090079,F,Y,Y,0,203759.0,Working,Higher education,Widow,House / apartment,-11832.0,-1523.0,1.0,0.0,0.0,0.0,Managers,1.0,0
3447,5022807,F,N,Y,1,181753.27,Working,Higher education,Married,House / apartment,-12157.0,-715.0,1.0,0.0,0.0,1.0,Sales staff,3.0,0
3448,5022808,F,N,Y,1,178840.71,Working,Higher education,Married,House / apartment,-12034.0,-733.0,1.0,0.0,0.0,1.0,Sales staff,3.0,0
3449,5022809,M,N,Y,0,135493.26,Commercial associate,Secondary / secondary special,Single / not married,Rented apartment,-7628.0,-369.0,1.0,0.0,0.0,1.0,Sales staff,1.0,0
3450,5022810,M,N,Y,0,138681.29,Commercial associate,Secondary / secondary special,Single / not married,Rented apartment,-7618.0,-366.0,1.0,0.0,0.0,1.0,Sales staff,1.0,0
3451,5022811,F,N,Y,0,264193.84,Commercial associate,Secondary / secondary special,Single / not married,House / apartment,-8515.0,-975.0,1.0,0.0,1.0,1.0,Laborers,1.0,0
3452,5022812,F,N,Y,0,268859.63,Commercial associate,Secondary / secondary special,Single / not married,House / apartment,-8060.0,-950.0,1.0,0.0,1.0,1.0,Laborers,1.0,0
3453,5022813,F,N,Y,0,254721.04,Commercial associate,Secondary / secondary special,Single / not married,House / apartment,-8103.0,-990.0,1.0,0.0,1.0,1.0,Laborers,1.0,0
3454,5022814,F,N,Y,0,269702.28,Commercial associate,Secondary / secondary special,Single / not married,House / apartment,-8420.0,-944.0,1.0,0.0,1.0,1.0,Laborers,1.0,0
3455,5022815,F,N,Y,0,267626.84,Commercial associate,Secondary / secondary special,Single / not married,House / apartment,-8306.0,-953.0,1.0,0.0,1.0,1.0,Laborers,1.0,0
3456,5022816,F,N,Y,0,262073.09,Commercial associate,Secondary / secondary special,Single / not married,House / apartment,-8336.0,-916.0,1.0,0.0,1.0,1.0,Laborers,1.0,0
3457,5022817,M,Y,Y,0,202262.47,Working,Secondary / secondary special,Married,House / apartment,-16929.0,-1584.0,1.0,0.0,0.0,0.0,Core staff,2.0,0
3458,5022818,M,Y,Y,0,199761.34,Working,Secondary / secondary special,Married,House / apartment,-17570.0,-1636.0,1.0,0.0,0.0,0.0,Core staff,2.0,1
3459,5022824,M,Y,Y,0,201027.25,Working,Secondary / secondary special,Married,House / apartment,-17384.0,-1595.0,1.0,0.0,0.0,0.0,Core staff,2.0,0
3460,5022825,M,Y,Y,0,200946.0,Working,Secondary / secondary special,Married,House / apartment,-17391.0,-1601.0,1.0,0.0,0.0,0.0,Core staff,2.0,1
3461,5022826,M,Y,Y,0,203474.59,Working,Secondary / secondary special,Married,House / apartment,-17602.0,-1628.0,1.0,0.0,0.0,0.0,Core staff,2.0,1
3462,5022827,M,Y,Y,0,201519.15,Working,Secondary / secondary special,Married,House / apartment,-16714.0,-1650.0,1.0,0.0,0.0,0.0,Core staff,2.0,1
3463,5022828,M,Y,Y,0,204730.3,Working,Secondary / secondary special,Married,House / apartment,-17779.0,-1622.0,1.0,0.0,0.0,0.0,Core staff,2.0,1
3464,5022831,M,Y,Y,0,201753.48,Working,Secondary / secondary special,Married,House / apartment,-17312.0,-1590.0,1.0,0.0,0.0,0.0,Core staff,2.0,0
3465,5022832,M,Y,Y,0,204428.12,Working,Secondary / secondary special,Married,House / apartment,-16986.0,-1626.0,1.0,0.0,0.0,0.0,Core staff,2.0,1
3466,5022833,M,Y,Y,0,198673.92,Working,Secondary / secondary special,Married,House / apartment,-17305.0,-1609.0,1.0,0.0,0.0,0.0,Core staff,2.0,1
3467,5022834,M,Y,Y,0,202161.53,Working,Secondary / secondary special,Married,House / apartment,-17313.0,-1613.0,1.0,0.0,0.0,0.0,Core staff,2.0,1
3468,5022835,M,Y,Y,0,203908.39,Working,Secondary / secondary special,Married,House / apartment,-17001.0,-1609.0,1.0,0.0,0.0,0.0,Core staff,2.0,1
3469,5022836,M,Y,Y,0,197512.68,Working,Secondary / secondary special,Married,House / apartment,-17506.0,-1640.0,1.0,0.0,0.0,0.0,Core staff,2.0,1
3470,5022837,M,Y,Y,0,205704.99,Working,Secondary / secondary special,Married,House / apartment,-17900.0,-1657.0,1.0,0.0,0.0,0.0,Core staff,2.0,0
3471,5113214,M,Y,Y,0,205520.1,Working,Secondary / secondary special,Married,House / apartment,-16971.0,-1574.0,1.0,0.0,0.0,0.0,Core staff,2.0,0
3472,5022840,M,N,Y,0,175075.15,Commercial associate,Secondary / secondary special,Separated,House / apartment,-12457.0,-961.0,1.0,0.0,0.0,0.0,Laborers,1.0,0
3473,5022841,M,N,Y,0,178713.59,Commercial associate,Secondary / secondary special,Separated,House / apartment,-12709.0,-993.0,1.0,0.0,0.0,0.0,Laborers,1.0,0
3474,5022842,M,N,Y,0,176822.08,Commercial associate,Secondary / secondary special,Separated,House / apartment,-12902.0,-950.0,1.0,0.0,0.0,0.0,Laborers,1.0,0
3475,5022843,M,N,Y,0,181496.36,Commercial associate,Secondary / secondary special,Separated,House / apartment,-11893.0,-987.0,1.0,0.0,0.0,0.0,Laborers,1.0,0
3476,5022844,M,N,Y,0,185352.54,Commercial associate,Secondary / secondary special,Separated,House / apartment,-13027.0,-998.0,1.0,0.0,0.0,0.0,Laborers,1.0,0
3477,5022845,M,N,Y,0,177247.04,Commercial associate,Secondary / secondary special,Separated,House / apartment,-12646.0,-950.0,1.0,0.0,0.0,0.0,Laborers,1.0,0
3478,5022846,M,N,Y,0,179553.41,Commercial associate,Secondary / secondary special,Separated,House / apartment,-12664.0,-989.0,1.0,0.0,0.0,0.0,Laborers,1.0,0
3479,5022847,M,N,Y,0,178473.14,Commercial associate,Secondary / secondary special,Separated,House / apartment,-12263.0,-995.0,1.0,0.0,0.0,0.0,Laborers,1.0,0
3480,5022848,M,N,Y,0,182860.08,Commercial associate,Secondary / secondary special,Separated,House / apartment,-12201.0,-954.0,1.0,0.0,0.0,0.0,Laborers,1.0,0
3481,5022849,M,N,Y,0,183103.27,Commercial associate,Secondary / secondary special,Separated,House / apartment,-12323.0,-1004.0,1.0,0.0,0.0,0.0,Laborers,1.0,0
3482,5113222,M,N,Y,0,175129.24,Commercial associate,Secondary / secondary special,Separated,House / apartment,-12981.0,-943.0,1.0,0.0,0.0,0.0,Laborers,1.0,0
3483,5113223,M,N,Y,0,181058.18,Commercial associate,Secondary / secondary special,Separated,House / apartment,-12383.0,-1001.0,1.0,0.0,0.0,0.0,Laborers,1.0,0
3484,5022851,F,N,Y,0,198263.08,Working,Higher education,Married,House / apartment,-19592.0,-8707.0,1.0,0.0,0.0,0.0,Managers,2.0,1
3485,5022852,F,N,Y,0,198349.29,Working,Higher education,Married,House / apartment,-19164.0,-8891.0,1.0,0.0,0.0,0.0,Managers,2.0,1
3486,5022853,F,N,Y,0,202031.06,Working,Higher education,Married,House / apartment,-18477.0,-8410.0,1.0,0.0,0.0,0.0,Managers,2.0,1
3487,5022855,F,N,Y,0,193827.94,Working,Higher education,Married,House / apartment,-18675.0,-9055.0,1.0,0.0,0.0,0.0,Managers,2.0,1
3488,5113224,F,N,Y,0,202917.52,Working,Higher education,Married,House / apartment,-19070.0,-8439.0,1.0,0.0,0.0,0.0,Managers,2.0,1
3489,5022858,F,N,N,0,192329.65,Working,Higher education,Single / not married,Rented apartment,-19237.0,-1271.0,1.0,0.0,1.0,1.0,Managers,1.0,0
3490,6423621,F,N,N,0,207171.37,Working,Higher education,Single / not married,Rented apartment,-19049.0,-1327.0,1.0,0.0,1.0,1.0,Managers,1.0,0
3491,5022859,F,Y,Y,0,178446.93,Working,Higher education,Single / not married,House / apartment,-17133.0,-5805.0,1.0,0.0,0.0,0.0,Core staff,1.0,0
3492,5022860,F,Y,Y,0,178276.52,Working,Higher education,Single / not married,House / apartment,-16272.0,-5614.0,1.0,0.0,0.0,0.0,Core staff,1.0,1
3493,6423662,F,Y,Y,0,177766.33,Working,Higher education,Single / not married,House / apartment,-16654.0,-5767.0,1.0,0.0,0.0,0.0,Core staff,1.0,0
3494,5022862,F,N,Y,0,66816.71,Working,Secondary / secondary special,Single / not married,House / apartment,-14067.0,-850.0,1.0,0.0,0.0,0.0,Accountants,1.0,0
3495,5022863,F,Y,Y,2,223026.32,Commercial associate,Higher education,Married,House / apartment,-13792.0,-3562.0,1.0,0.0,0.0,0.0,Private service staff,4.0,0
3496,5022864,F,Y,Y,2,223026.55,Commercial associate,Higher education,Married,House / apartment,-14208.0,-3652.0,1.0,0.0,0.0,0.0,Private service staff,4.0,0
3497,5022865,F,Y,Y,2,221621.02,Commercial associate,Higher education,Married,House / apartment,-14388.0,-3594.0,1.0,0.0,0.0,0.0,Private service staff,4.0,0
3498,5022866,F,Y,Y,2,225722.07,Commercial associate,Higher education,Married,House / apartment,-13726.0,-3716.0,1.0,0.0,0.0,0.0,Private service staff,4.0,0
3499,5022867,F,Y,Y,2,227696.84,Commercial associate,Higher education,Married,House / apartment,-14274.0,-3701.0,1.0,0.0,0.0,0.0,Private service staff,4.0,0
3500,5022868,F,Y,Y,2,222775.09,Commercial associate,Higher education,Married,House / apartment,-14073.0,-3545.0,1.0,0.0,0.0,0.0,Private service staff,4.0,0
3501,5022869,F,Y,Y,2,218333.65,Commercial associate,Higher education,Married,House / apartment,-14492.0,-3689.0,1.0,0.0,0.0,0.0,Private service staff,4.0,0
3502,5022870,F,Y,Y,2,218780.51,Commercial associate,Higher education,Married,House / apartment,-13908.0,-3600.0,1.0,0.0,0.0,0.0,Private service staff,4.0,0
3503,5022871,F,Y,Y,2,225286.24,Commercial associate,Higher education,Married,House / apartment,-14588.0,-3632.0,1.0,0.0,0.0,0.0,Private service staff,4.0,0
3504,5022872,F,Y,Y,2,224015.84,Commercial associate,Higher education,Married,House / apartment,-14097.0,-3631.0,1.0,0.0,0.0,0.0,Private service staff,4.0,0
3505,5022873,F,Y,Y,2,224379.94,Commercial associate,Higher education,Married,House / apartment,-14438.0,-3633.0,1.0,0.0,0.0,0.0,Private service staff,4.0,0
3506,5022875,F,Y,Y,2,223359.09,Commercial associate,Higher education,Married,House / apartment,-13644.0,-3597.0,1.0,0.0,0.0,0.0,Private service staff,4.0,0
3507,5022876,F,Y,Y,2,226340.51,Commercial associate,Higher education,Married,House / apartment,-13957.0,-3522.0,1.0,0.0,0.0,0.0,Private service staff,4.0,0
3508,5022877,F,Y,Y,2,221544.27,Commercial associate,Higher education,Married,House / apartment,-14270.0,-3628.0,1.0,0.0,0.0,0.0,Private service staff,4.0,0
3509,5022878,F,Y,Y,2,221036.85,Commercial associate,Higher education,Married,House / apartment,-14528.0,-3676.0,1.0,0.0,0.0,0.0,Private service staff,4.0,0
3510,6423663,F,Y,Y,2,232883.45,Commercial associate,Higher education,Married,House / apartment,-14309.0,-3497.0,1.0,0.0,0.0,0.0,Private service staff,4.0,0
3511,6423664,F,Y,Y,2,233264.73,Commercial associate,Higher education,Married,House / apartment,-14063.0,-3636.0,1.0,0.0,0.0,0.0,Private service staff,4.0,0
3512,6423665,F,Y,Y,2,231350.0,Commercial associate,Higher education,Married,House / apartment,-14614.0,-3818.0,1.0,0.0,0.0,0.0,Private service staff,4.0,0
3513,5022879,M,Y,Y,1,311607.91,Working,Secondary / secondary special,Separated,House / apartment,-16525.0,-873.0,1.0,0.0,0.0,0.0,Managers,2.0,0
3514,5022880,M,Y,Y,1,313535.64,Working,Secondary / secondary special,Separated,House / apartment,-16260.0,-886.0,1.0,0.0,0.0,0.0,Managers,2.0,0
3515,5022881,M,Y,Y,1,323613.12,Working,Secondary / secondary special,Separated,House / apartment,-16042.0,-908.0,1.0,0.0,0.0,0.0,Managers,2.0,0
3516,5022882,M,Y,Y,1,315002.26,Working,Secondary / secondary special,Separated,House / apartment,-16543.0,-865.0,1.0,0.0,0.0,0.0,Managers,2.0,0
3517,5022886,M,Y,Y,1,314386.41,Working,Secondary / secondary special,Separated,House / apartment,-16188.0,-904.0,1.0,0.0,0.0,0.0,Managers,2.0,0
3518,5022887,M,Y,Y,1,321479.02,Working,Secondary / secondary special,Separated,House / apartment,-16429.0,-888.0,1.0,0.0,0.0,0.0,Managers,2.0,0
3519,5022888,M,Y,Y,1,318689.66,Working,Secondary / secondary special,Separated,House / apartment,-16722.0,-892.0,1.0,0.0,0.0,0.0,Managers,2.0,0
3520,5022889,M,Y,Y,1,318492.42,Working,Secondary / secondary special,Separated,House / apartment,-16914.0,-886.0,1.0,0.0,0.0,0.0,Managers,2.0,0
3521,5022890,M,Y,Y,1,313422.44,Working,Secondary / secondary special,Separated,House / apartment,-16384.0,-876.0,1.0,0.0,0.0,0.0,Managers,2.0,0
3522,5022891,M,Y,Y,1,316015.58,Working,Secondary / secondary special,Separated,House / apartment,-16064.0,-881.0,1.0,0.0,0.0,0.0,Managers,2.0,0
3523,5022892,M,Y,Y,1,322710.37,Working,Secondary / secondary special,Separated,House / apartment,-16773.0,-867.0,1.0,0.0,0.0,0.0,Managers,2.0,0
3524,5022893,M,Y,Y,1,316613.84,Working,Secondary / secondary special,Separated,House / apartment,-16113.0,-894.0,1.0,0.0,0.0,0.0,Managers,2.0,0
3525,6423666,M,Y,Y,1,317544.36,Working,Secondary / secondary special,Separated,House / apartment,-15650.0,-878.0,1.0,0.0,0.0,0.0,Managers,2.0,0
3526,6423667,M,Y,Y,1,319552.71,Working,Secondary / secondary special,Separated,House / apartment,-16615.0,-884.0,1.0,0.0,0.0,0.0,Managers,2.0,0
3527,6423668,M,Y,Y,1,317811.14,Working,Secondary / secondary special,Separated,House / apartment,-15993.0,-877.0,1.0,0.0,0.0,0.0,Managers,2.0,0
3528,5022894,M,N,Y,0,315220.95,Working,Incomplete higher,Married,House / apartment,-13504.0,-2570.0,1.0,1.0,0.0,0.0,Laborers,2.0,0
3529,5022895,M,N,Y,0,310264.52,Working,Incomplete higher,Married,House / apartment,-13612.0,-2546.0,1.0,1.0,0.0,0.0,Laborers,2.0,0
3530,5022896,M,N,Y,0,311271.16,Working,Incomplete higher,Married,House / apartment,-13335.0,-2644.0,1.0,1.0,0.0,0.0,Laborers,2.0,0
3531,5022897,F,N,Y,0,123876.36,State servant,Higher education,Married,House / apartment,-19037.0,-1369.0,1.0,0.0,0.0,1.0,Core staff,2.0,0
3532,5022898,F,N,Y,1,140254.68,Commercial associate,Secondary / secondary special,Civil marriage,House / apartment,-10505.0,-2213.0,1.0,0.0,0.0,1.0,,3.0,0
3533,5022900,F,N,Y,1,134025.1,Commercial associate,Secondary / secondary special,Civil marriage,House / apartment,-10320.0,-2160.0,1.0,0.0,0.0,1.0,,3.0,0
3534,5022901,F,N,Y,1,136749.75,Commercial associate,Secondary / secondary special,Civil marriage,House / apartment,-10909.0,-2163.0,1.0,0.0,0.0,1.0,,3.0,0
3535,5022902,F,N,Y,1,136129.8,Commercial associate,Secondary / secondary special,Civil marriage,House / apartment,-10618.0,-2242.0,1.0,0.0,0.0,1.0,,3.0,0
3536,5022903,F,N,Y,1,140610.33,Commercial associate,Secondary / secondary special,Civil marriage,House / apartment,-10956.0,-2264.0,1.0,0.0,0.0,1.0,,3.0,0
3537,5022904,F,N,Y,1,135103.54,Commercial associate,Secondary / secondary special,Civil marriage,House / apartment,-10822.0,-2224.0,1.0,0.0,0.0,1.0,,3.0,0
3538,5022905,F,N,Y,1,131762.74,Commercial associate,Secondary / secondary special,Civil marriage,House / apartment,-11001.0,-2199.0,1.0,0.0,0.0,1.0,,3.0,0
3539,5113232,F,N,Y,1,137005.12,Commercial associate,Secondary / secondary special,Civil marriage,House / apartment,-10655.0,-2163.0,1.0,0.0,0.0,1.0,,3.0,0
3540,5113233,F,N,Y,1,133699.27,Commercial associate,Secondary / secondary special,Civil marriage,House / apartment,-10871.0,-2187.0,1.0,0.0,0.0,1.0,,3.0,0
3541,5022906,M,N,N,0,185950.02,State servant,Secondary / secondary special,Married,House / apartment,-15258.0,-2763.0,1.0,0.0,0.0,0.0,Core staff,2.0,0
3542,5022907,M,N,N,0,190738.85,State servant,Secondary / secondary special,Married,House / apartment,-15305.0,-2805.0,1.0,0.0,0.0,0.0,Core staff,2.0,1
3543,5022908,M,N,N,0,193822.87,State servant,Secondary / secondary special,Married,House / apartment,-15622.0,-2771.0,1.0,0.0,0.0,0.0,Core staff,2.0,0
3544,5022909,M,N,N,0,188216.97,State servant,Secondary / secondary special,Married,House / apartment,-15327.0,-2830.0,1.0,0.0,0.0,0.0,Core staff,2.0,1
3545,5022910,M,N,N,0,186425.4,State servant,Secondary / secondary special,Married,House / apartment,-15456.0,-2820.0,1.0,0.0,0.0,0.0,Core staff,2.0,0
3546,6423701,M,N,N,0,184150.31,State servant,Secondary / secondary special,Married,House / apartment,-15815.0,-2645.0,1.0,0.0,0.0,0.0,Core staff,2.0,1
3547,5022912,F,N,Y,0,218774.94,Working,Higher education,Single / not married,House / apartment,-12201.0,-2562.0,1.0,0.0,1.0,0.0,Managers,1.0,0
3548,5022913,F,N,Y,0,228841.05,Working,Higher education,Single / not married,House / apartment,-11846.0,-2605.0,1.0,0.0,1.0,0.0,Managers,1.0,0
3549,5022914,F,N,Y,0,219779.99,Working,Higher education,Single / not married,House / apartment,-12190.0,-2585.0,1.0,0.0,1.0,0.0,Managers,1.0,0
3550,5022915,F,N,Y,0,217972.83,Working,Higher education,Single / not married,House / apartment,-12174.0,-2497.0,1.0,0.0,1.0,0.0,Managers,1.0,0
3551,5022917,F,N,Y,0,222738.2,Working,Higher education,Single / not married,House / apartment,-12625.0,-2557.0,1.0,0.0,1.0,0.0,Managers,1.0,0
3552,5022918,F,N,Y,0,231717.58,Working,Higher education,Single / not married,House / apartment,-11922.0,-2585.0,1.0,0.0,1.0,0.0,Managers,1.0,0
3553,5022921,F,N,Y,0,227801.03,Working,Higher education,Single / not married,House / apartment,-12074.0,-2584.0,1.0,0.0,1.0,0.0,Managers,1.0,0
3554,5022922,F,N,Y,0,230260.66,Working,Higher education,Single / not married,House / apartment,-11884.0,-2644.0,1.0,0.0,1.0,0.0,Managers,1.0,0
3555,5022923,F,N,Y,0,227635.37,Working,Higher education,Single / not married,House / apartment,-12265.0,-2479.0,1.0,0.0,1.0,0.0,Managers,1.0,0
3556,5090081,F,N,Y,0,222394.03,Working,Higher education,Single / not married,House / apartment,-12705.0,-2598.0,1.0,0.0,1.0,0.0,Managers,1.0,0
3557,5113052,F,N,Y,0,216563.55,Working,Higher education,Single / not married,House / apartment,-11716.0,-2652.0,1.0,0.0,1.0,0.0,Managers,1.0,0
3558,5113054,F,N,Y,0,230437.83,Working,Higher education,Single / not married,House / apartment,-12220.0,-2510.0,1.0,0.0,1.0,0.0,Managers,1.0,0
3559,5022925,F,Y,Y,0,145058.66,Pensioner,Secondary / secondary special,Civil marriage,House / apartment,-21490.0,353249.0,1.0,0.0,0.0,0.0,,2.0,0
3560,5022926,F,Y,Y,0,143327.87,Pensioner,Secondary / secondary special,Civil marriage,House / apartment,-20708.0,363516.0,1.0,0.0,0.0,0.0,,2.0,0
3561,5022927,F,Y,Y,0,138142.23,Pensioner,Secondary / secondary special,Civil marriage,House / apartment,-21465.0,361932.0,1.0,0.0,0.0,0.0,,2.0,0
3562,5022928,F,Y,Y,0,147483.24,Pensioner,Secondary / secondary special,Civil marriage,House / apartment,-20756.0,371653.0,1.0,0.0,0.0,0.0,,2.0,0
3563,5022929,F,Y,Y,0,144974.46,Pensioner,Secondary / secondary special,Civil marriage,House / apartment,-21414.0,367744.0,1.0,0.0,0.0,0.0,,2.0,0
3564,5022930,F,N,Y,0,274675.52,Working,Higher education,Married,House / apartment,-9117.0,-189.0,1.0,0.0,0.0,1.0,Laborers,2.0,0
3565,5022931,F,N,Y,0,268883.34,Working,Higher education,Married,House / apartment,-9273.0,-190.0,1.0,0.0,0.0,1.0,Laborers,2.0,0
3566,5022932,M,Y,Y,2,312788.45,Working,Higher education,Married,House / apartment,-12796.0,-1144.0,1.0,0.0,0.0,0.0,Laborers,4.0,0
3567,5022933,M,Y,Y,2,318357.8,Working,Higher education,Married,House / apartment,-12548.0,-1177.0,1.0,0.0,0.0,0.0,Laborers,4.0,0
3568,5022934,M,Y,Y,2,317669.72,Working,Higher education,Married,House / apartment,-12953.0,-1129.0,1.0,0.0,0.0,0.0,Laborers,4.0,0
3569,5022935,M,N,N,1,136110.37,Working,Lower secondary,Married,House / apartment,-11385.0,-249.0,1.0,1.0,1.0,0.0,Low-skill Laborers,3.0,0
3570,5022936,F,Y,N,0,200703.98,Commercial associate,Incomplete higher,Separated,House / apartment,-14436.0,-1371.0,1.0,0.0,1.0,1.0,Accountants,1.0,0
3571,5022938,F,Y,N,0,200650.51,Commercial associate,Incomplete higher,Separated,House / apartment,-13673.0,-1376.0,1.0,0.0,1.0,1.0,Accountants,1.0,0
3572,5022939,F,Y,N,0,218690.27,Commercial associate,Incomplete higher,Separated,House / apartment,-13603.0,-1349.0,1.0,0.0,1.0,1.0,Accountants,1.0,0
3573,5022940,F,Y,N,0,201207.52,Commercial associate,Incomplete higher,Separated,House / apartment,-14250.0,-1296.0,1.0,0.0,1.0,1.0,Accountants,1.0,0
3574,5022942,F,Y,N,0,204972.96,Commercial associate,Incomplete higher,Separated,House / apartment,-14127.0,-1354.0,1.0,0.0,1.0,1.0,Accountants,1.0,0
3575,5022943,F,Y,N,0,202403.46,Commercial associate,Incomplete higher,Separated,House / apartment,-14042.0,-1333.0,1.0,0.0,1.0,1.0,Accountants,1.0,0
3576,5022944,F,Y,N,0,205334.19,Commercial associate,Incomplete higher,Separated,House / apartment,-14003.0,-1321.0,1.0,0.0,1.0,1.0,Accountants,1.0,0
3577,5022945,F,Y,N,0,205702.71,Commercial associate,Incomplete higher,Separated,House / apartment,-14229.0,-1385.0,1.0,0.0,1.0,1.0,Accountants,1.0,0
3578,5022946,F,Y,N,0,193309.15,Commercial associate,Incomplete higher,Separated,House / apartment,-14231.0,-1327.0,1.0,0.0,1.0,1.0,Accountants,1.0,0
3579,5022947,F,Y,N,0,201092.44,Commercial associate,Incomplete higher,Separated,House / apartment,-14264.0,-1343.0,1.0,0.0,1.0,1.0,Accountants,1.0,0
3580,5113056,F,Y,N,0,198808.91,Commercial associate,Incomplete higher,Separated,House / apartment,-13582.0,-1392.0,1.0,0.0,1.0,1.0,Accountants,1.0,0
3581,5113057,F,Y,N,0,197204.85,Commercial associate,Incomplete higher,Separated,House / apartment,-14415.0,-1333.0,1.0,0.0,1.0,1.0,Accountants,1.0,0
3582,5022950,M,N,Y,0,137267.6,Working,Incomplete higher,Single / not married,With parents,-8282.0,-743.0,1.0,0.0,0.0,0.0,Cooking staff,1.0,0
3583,5022951,M,N,Y,0,134402.4,Working,Incomplete higher,Single / not married,With parents,-8120.0,-729.0,1.0,0.0,0.0,0.0,Cooking staff,1.0,0
3584,5022952,M,Y,Y,0,109525.5,Working,Secondary / secondary special,Married,House / apartment,-18526.0,-516.0,1.0,1.0,0.0,0.0,,2.0,0
3585,5022953,M,Y,Y,0,110075.57,Working,Secondary / secondary special,Married,House / apartment,-18764.0,-520.0,1.0,1.0,0.0,0.0,,2.0,0
3586,5022954,M,Y,Y,0,116168.01,Working,Secondary / secondary special,Married,House / apartment,-18359.0,-513.0,1.0,1.0,0.0,0.0,,2.0,0
3587,5022955,M,Y,Y,0,109063.26,Working,Secondary / secondary special,Married,House / apartment,-18711.0,-514.0,1.0,1.0,0.0,0.0,,2.0,0
3588,5022961,M,Y,Y,0,116333.9,Working,Secondary / secondary special,Married,House / apartment,-18932.0,-527.0,1.0,1.0,0.0,0.0,,2.0,0
3589,5113058,M,Y,Y,0,111871.8,Working,Secondary / secondary special,Married,House / apartment,-18358.0,-534.0,1.0,1.0,0.0,0.0,,2.0,0
3590,5113059,M,Y,Y,0,115247.1,Working,Secondary / secondary special,Married,House / apartment,-19142.0,-517.0,1.0,1.0,0.0,0.0,,2.0,0
3591,5022958,F,N,N,0,100519.73,Commercial associate,Secondary / secondary special,Separated,House / apartment,-15440.0,-212.0,1.0,0.0,0.0,1.0,Sales staff,1.0,0
3592,5022963,F,Y,Y,3,134061.1,Working,Secondary / secondary special,Married,House / apartment,-12593.0,-1266.0,1.0,0.0,0.0,0.0,Accountants,5.0,0
3593,5022964,F,Y,Y,3,139518.58,Working,Secondary / secondary special,Married,House / apartment,-12603.0,-1317.0,1.0,0.0,0.0,0.0,Accountants,5.0,0
3594,5022965,F,Y,Y,3,138038.3,Working,Secondary / secondary special,Married,House / apartment,-13078.0,-1252.0,1.0,0.0,0.0,0.0,Accountants,5.0,0
3595,5022966,M,N,Y,0,133424.75,Pensioner,Secondary / secondary special,Married,House / apartment,-18649.0,373619.0,1.0,0.0,0.0,0.0,,2.0,0
3596,5022967,M,N,Y,0,136698.27,Pensioner,Secondary / secondary special,Married,House / apartment,-18791.0,368028.0,1.0,0.0,0.0,0.0,,2.0,0
3597,5022968,M,N,Y,0,136656.26,Pensioner,Secondary / secondary special,Married,House / apartment,-19284.0,365470.0,1.0,0.0,0.0,0.0,,2.0,0
3598,5022969,M,N,Y,0,139327.07,Pensioner,Secondary / secondary special,Married,House / apartment,-19570.0,366125.0,1.0,0.0,0.0,0.0,,2.0,0
3599,5022970,M,N,Y,0,136737.27,Pensioner,Secondary / secondary special,Married,House / apartment,-18990.0,363703.0,1.0,0.0,0.0,0.0,,2.0,0
3600,5022971,M,N,Y,0,140557.97,Pensioner,Secondary / secondary special,Married,House / apartment,-19339.0,373750.0,1.0,0.0,0.0,0.0,,2.0,0
3601,5022972,M,N,Y,0,135629.97,Pensioner,Secondary / secondary special,Married,House / apartment,-19296.0,365890.0,1.0,0.0,0.0,0.0,,2.0,0
3602,5022975,F,N,Y,0,319336.95,Working,Secondary / secondary special,Civil marriage,House / apartment,-9523.0,-229.0,1.0,0.0,0.0,0.0,Sales staff,2.0,0
3603,5022978,F,Y,Y,0,227879.01,Working,Incomplete higher,Married,House / apartment,-18380.0,-11840.0,1.0,0.0,1.0,0.0,Managers,2.0,1
3604,5022979,F,Y,Y,0,218020.15,Working,Incomplete higher,Married,House / apartment,-18967.0,-12003.0,1.0,0.0,1.0,0.0,Managers,2.0,0
3605,5022980,F,Y,Y,0,232254.5,Working,Incomplete higher,Married,House / apartment,-19556.0,-11533.0,1.0,0.0,1.0,0.0,Managers,2.0,1
3606,5022981,F,Y,Y,0,217306.63,Working,Incomplete higher,Married,House / apartment,-18950.0,-11766.0,1.0,0.0,1.0,0.0,Managers,2.0,1
3607,5022982,F,Y,Y,0,226369.27,Working,Incomplete higher,Married,House / apartment,-18423.0,-11759.0,1.0,0.0,1.0,0.0,Managers,2.0,1
3608,5022984,F,Y,Y,0,223475.91,Working,Incomplete higher,Married,House / apartment,-19170.0,-12018.0,1.0,0.0,1.0,0.0,Managers,2.0,0
3609,5022985,F,Y,Y,0,226791.82,Working,Incomplete higher,Married,House / apartment,-18938.0,-11726.0,1.0,0.0,1.0,0.0,Managers,2.0,0
3610,5022986,F,Y,Y,0,230561.28,Working,Incomplete higher,Married,House / apartment,-19508.0,-11986.0,1.0,0.0,1.0,0.0,Managers,2.0,1
3611,5022987,F,N,Y,0,76765.13,Pensioner,Secondary / secondary special,Married,House / apartment,-24590.0,360671.0,1.0,0.0,1.0,0.0,,2.0,0
3612,5022988,F,N,Y,0,77722.09,Pensioner,Secondary / secondary special,Married,House / apartment,-24084.0,368298.0,1.0,0.0,1.0,0.0,,2.0,0
3613,5022989,F,N,Y,0,74283.08,Pensioner,Secondary / secondary special,Married,House / apartment,-24063.0,353037.0,1.0,0.0,1.0,0.0,,2.0,0
3614,5022990,F,N,Y,0,76178.76,Pensioner,Secondary / secondary special,Married,House / apartment,-24278.0,367750.0,1.0,0.0,1.0,0.0,,2.0,0
3615,5022991,F,N,Y,0,78552.77,Pensioner,Secondary / secondary special,Married,House / apartment,-24294.0,349519.0,1.0,0.0,1.0,0.0,,2.0,0
3616,5022992,F,N,Y,0,76693.6,Pensioner,Secondary / secondary special,Married,House / apartment,-25349.0,370106.0,1.0,0.0,1.0,0.0,,2.0,0
3617,5022993,F,N,Y,0,72683.25,Pensioner,Secondary / secondary special,Married,House / apartment,-24963.0,372812.0,1.0,0.0,1.0,0.0,,2.0,0
3618,6052100,F,N,Y,0,76894.13,Pensioner,Secondary / secondary special,Married,House / apartment,-24185.0,363754.0,1.0,0.0,1.0,0.0,,2.0,0
3619,5022994,F,N,Y,0,76977.56,Pensioner,Higher education,Married,House / apartment,-23595.0,348931.0,1.0,0.0,0.0,0.0,,2.0,0
3620,5022995,F,N,Y,0,79011.24,Pensioner,Higher education,Married,House / apartment,-25071.0,374779.0,1.0,0.0,0.0,0.0,,2.0,0
3621,5022996,F,N,Y,0,181446.7,Working,Secondary / secondary special,Single / not married,House / apartment,-23224.0,-11688.0,1.0,1.0,1.0,0.0,Cleaning staff,1.0,1
3622,5022997,F,N,Y,0,174188.75,Working,Secondary / secondary special,Single / not married,House / apartment,-22808.0,-11845.0,1.0,1.0,1.0,0.0,Cleaning staff,1.0,1
3623,5023000,F,N,Y,0,177039.97,Working,Secondary / secondary special,Single / not married,House / apartment,-23390.0,-11250.0,1.0,1.0,1.0,0.0,Cleaning staff,1.0,0
3624,5023001,F,N,Y,0,180357.21,Working,Secondary / secondary special,Single / not married,House / apartment,-22916.0,-11604.0,1.0,1.0,1.0,0.0,Cleaning staff,1.0,1
3625,5023002,F,N,Y,0,181546.22,Working,Secondary / secondary special,Single / not married,House / apartment,-22428.0,-11719.0,1.0,1.0,1.0,0.0,Cleaning staff,1.0,1
3626,5023004,F,N,Y,0,176967.21,Working,Secondary / secondary special,Single / not married,House / apartment,-23637.0,-11643.0,1.0,1.0,1.0,0.0,Cleaning staff,1.0,1
3627,5023006,F,N,Y,0,176584.97,Working,Secondary / secondary special,Single / not married,House / apartment,-22799.0,-11637.0,1.0,1.0,1.0,0.0,Cleaning staff,1.0,1
3628,6052102,F,N,Y,0,186155.2,Working,Secondary / secondary special,Single / not married,House / apartment,-23503.0,-12039.0,1.0,1.0,1.0,0.0,Cleaning staff,1.0,1
3629,5023007,F,N,N,0,158112.17,Working,Secondary / secondary special,Married,House / apartment,-13794.0,-1861.0,1.0,0.0,0.0,0.0,Sales staff,2.0,0
3630,5023008,F,N,N,0,153787.13,Working,Secondary / secondary special,Married,House / apartment,-13787.0,-1896.0,1.0,0.0,0.0,0.0,Sales staff,2.0,0
3631,5023009,F,N,Y,0,101407.91,Pensioner,Secondary / secondary special,Widow,House / apartment,-23815.0,356812.0,1.0,0.0,0.0,0.0,,1.0,0
3632,5023010,F,N,Y,0,103086.64,Pensioner,Secondary / secondary special,Widow,House / apartment,-24910.0,362601.0,1.0,0.0,0.0,0.0,,1.0,0
3633,5023011,M,Y,N,0,360560.6,Working,Secondary / secondary special,Married,House / apartment,-11230.0,-2399.0,1.0,0.0,0.0,0.0,Private service staff,2.0,0
3634,5023012,F,N,Y,0,146875.12,Working,Secondary / secondary special,Married,House / apartment,-16792.0,-5615.0,1.0,0.0,0.0,0.0,,2.0,0
3635,5023015,F,N,N,0,75046.16,Pensioner,Higher education,Married,House / apartment,-21017.0,367843.0,1.0,0.0,0.0,0.0,,2.0,0
3636,5023019,F,N,N,0,76146.44,Pensioner,Higher education,Married,House / apartment,-21135.0,372584.0,1.0,0.0,0.0,0.0,,2.0,0
3637,5023020,F,N,N,0,79517.86,Pensioner,Higher education,Married,House / apartment,-20824.0,361698.0,1.0,0.0,0.0,0.0,,2.0,0
3638,5023021,F,N,N,0,76724.06,Pensioner,Higher education,Married,House / apartment,-20941.0,373413.0,1.0,0.0,0.0,0.0,,2.0,0
3639,5023022,F,N,Y,0,154364.88,Pensioner,Secondary / secondary special,Widow,House / apartment,-21525.0,366073.0,1.0,0.0,0.0,0.0,,1.0,0
3640,5023023,F,N,Y,0,161770.73,Pensioner,Secondary / secondary special,Widow,House / apartment,-20668.0,354901.0,1.0,0.0,0.0,0.0,,1.0,0
3641,5023024,F,N,Y,0,157246.09,Pensioner,Secondary / secondary special,Widow,House / apartment,-21503.0,366095.0,1.0,0.0,0.0,0.0,,1.0,0
3642,5023025,M,N,Y,0,153572.69,Working,Secondary / secondary special,Married,House / apartment,-18298.0,-5159.0,1.0,0.0,0.0,0.0,Laborers,2.0,0
3643,5023027,M,N,Y,0,143064.81,Working,Secondary / secondary special,Married,House / apartment,-19230.0,-5066.0,1.0,0.0,0.0,0.0,Laborers,2.0,0
3644,5023029,M,N,Y,0,151255.19,Working,Secondary / secondary special,Married,House / apartment,-18901.0,-5103.0,1.0,0.0,0.0,0.0,Laborers,2.0,0
3645,5023031,F,N,Y,0,206930.46,Commercial associate,Secondary / secondary special,Married,House / apartment,-15381.0,-2072.0,1.0,0.0,1.0,0.0,Sales staff,2.0,0
3646,5023032,F,N,Y,0,203096.25,Commercial associate,Secondary / secondary special,Married,House / apartment,-14938.0,-2101.0,1.0,0.0,1.0,0.0,Sales staff,2.0,0
3647,5023033,F,N,Y,0,208240.71,Commercial associate,Secondary / secondary special,Married,House / apartment,-15202.0,-2112.0,1.0,0.0,1.0,0.0,Sales staff,2.0,0
3648,5023034,M,N,Y,0,115415.5,Working,Secondary / secondary special,Married,House / apartment,-18064.0,-1739.0,1.0,1.0,0.0,0.0,Laborers,2.0,0
3649,5023035,M,N,Y,0,108608.27,Working,Secondary / secondary special,Married,House / apartment,-17974.0,-1802.0,1.0,1.0,0.0,0.0,Laborers,2.0,0
3650,6052109,M,N,Y,0,111262.98,Working,Secondary / secondary special,Married,House / apartment,-17419.0,-1763.0,1.0,1.0,0.0,0.0,Laborers,2.0,0
3651,5023036,M,N,Y,0,111018.76,Working,Secondary / secondary special,Civil marriage,With parents,-8131.0,-1112.0,1.0,0.0,0.0,0.0,,2.0,0
3652,5023037,F,N,N,0,90487.7,Pensioner,Secondary / secondary special,Widow,House / apartment,-21375.0,357314.0,1.0,0.0,0.0,0.0,,1.0,0
3653,5023038,F,N,N,0,90046.74,Pensioner,Secondary / secondary special,Widow,House / apartment,-20842.0,364714.0,1.0,0.0,0.0,0.0,,1.0,0
3654,5023039,F,N,N,0,87888.23,Pensioner,Secondary / secondary special,Widow,House / apartment,-21317.0,356259.0,1.0,0.0,0.0,0.0,,1.0,0
3655,5023040,F,N,N,0,90722.5,Pensioner,Secondary / secondary special,Widow,House / apartment,-21185.0,361532.0,1.0,0.0,0.0,0.0,,1.0,0
3656,5023041,F,N,N,0,89624.46,Pensioner,Secondary / secondary special,Widow,House / apartment,-21264.0,372360.0,1.0,0.0,0.0,0.0,,1.0,0
3657,5023042,F,N,N,0,92916.81,Pensioner,Secondary / secondary special,Widow,House / apartment,-21051.0,375661.0,1.0,0.0,0.0,0.0,,1.0,0
3658,5023043,F,N,N,0,93987.76,Pensioner,Secondary / secondary special,Widow,House / apartment,-21688.0,369315.0,1.0,0.0,0.0,0.0,,1.0,0
3659,5023044,F,N,N,0,133647.56,Pensioner,Secondary / secondary special,Married,House / apartment,-23639.0,368553.0,1.0,0.0,0.0,0.0,,2.0,0
3660,5023045,F,N,N,0,136063.95,Pensioner,Secondary / secondary special,Married,House / apartment,-23524.0,360214.0,1.0,0.0,0.0,0.0,,2.0,0
3661,5023046,F,N,N,0,136121.07,Pensioner,Secondary / secondary special,Married,House / apartment,-23033.0,367491.0,1.0,0.0,0.0,0.0,,2.0,0
3662,5023048,F,N,Y,0,68865.69,Working,Secondary / secondary special,Married,House / apartment,-10578.0,-3010.0,1.0,1.0,1.0,0.0,Laborers,2.0,0
3663,5023049,F,N,Y,0,69249.48,Working,Secondary / secondary special,Married,House / apartment,-10868.0,-2919.0,1.0,1.0,1.0,0.0,Laborers,2.0,0
3664,5023050,F,N,Y,0,66509.92,Working,Secondary / secondary special,Married,House / apartment,-10534.0,-2936.0,1.0,1.0,1.0,0.0,Laborers,2.0,0
3665,5023051,F,N,Y,3,108112.45,Working,Secondary / secondary special,Married,House / apartment,-13139.0,-4623.0,1.0,1.0,1.0,0.0,Medicine staff,5.0,0
3666,5023052,F,N,Y,3,114214.34,Working,Secondary / secondary special,Married,House / apartment,-13292.0,-4637.0,1.0,1.0,1.0,0.0,Medicine staff,5.0,0
3667,5023053,F,N,Y,0,248166.58,Pensioner,Secondary / secondary special,Married,House / apartment,-21352.0,381013.0,1.0,0.0,0.0,0.0,,2.0,0
3668,5023054,F,N,Y,0,251627.63,Pensioner,Secondary / secondary special,Married,House / apartment,-21353.0,375327.0,1.0,0.0,0.0,0.0,,2.0,0
3669,5023055,F,N,Y,0,244532.12,Pensioner,Secondary / secondary special,Married,House / apartment,-21034.0,357418.0,1.0,0.0,0.0,0.0,,2.0,0
3670,5023056,F,N,Y,0,251410.5,Pensioner,Secondary / secondary special,Married,House / apartment,-20784.0,364322.0,1.0,0.0,0.0,0.0,,2.0,0
3671,5023057,M,Y,Y,1,113998.43,Working,Secondary / secondary special,Married,House / apartment,-11037.0,-500.0,1.0,0.0,0.0,0.0,Laborers,3.0,0
3672,5023058,M,Y,Y,1,111733.53,Working,Secondary / secondary special,Married,House / apartment,-11630.0,-512.0,1.0,0.0,0.0,0.0,Laborers,3.0,0
3673,5023059,M,Y,Y,1,112571.25,Working,Secondary / secondary special,Married,House / apartment,-11397.0,-499.0,1.0,0.0,0.0,0.0,Laborers,3.0,0
3674,5023060,F,N,Y,0,207315.9,Commercial associate,Secondary / secondary special,Separated,House / apartment,-16282.0,-2666.0,1.0,0.0,0.0,0.0,Sales staff,1.0,1
3675,5023061,F,N,Y,0,195854.33,Commercial associate,Secondary / secondary special,Separated,House / apartment,-16796.0,-2683.0,1.0,0.0,0.0,0.0,Sales staff,1.0,1
3676,5023063,F,N,Y,2,201122.8,Commercial associate,Secondary / secondary special,Civil marriage,Co-op apartment,-13814.0,-408.0,1.0,0.0,0.0,0.0,,4.0,0
3677,5023064,F,N,Y,2,205108.25,Commercial associate,Secondary / secondary special,Civil marriage,Co-op apartment,-13990.0,-409.0,1.0,0.0,0.0,0.0,,4.0,0
3678,5023065,F,N,Y,0,39026.07,Pensioner,Higher education,Married,House / apartment,-24076.0,370786.0,1.0,0.0,1.0,0.0,,2.0,0
3679,5023066,F,N,Y,0,38057.08,Pensioner,Higher education,Married,House / apartment,-23474.0,349416.0,1.0,0.0,1.0,0.0,,2.0,0
3680,5023067,F,N,Y,0,37273.13,Pensioner,Higher education,Married,House / apartment,-23467.0,355274.0,1.0,0.0,1.0,0.0,,2.0,0
3681,5023068,F,N,Y,0,37816.91,Pensioner,Higher education,Married,House / apartment,-23326.0,369968.0,1.0,0.0,1.0,0.0,,2.0,0
3682,5023069,F,N,Y,0,39364.29,Pensioner,Higher education,Married,House / apartment,-22846.0,370165.0,1.0,0.0,1.0,0.0,,2.0,0
3683,5023070,F,N,Y,0,37461.75,Pensioner,Higher education,Married,House / apartment,-22627.0,359471.0,1.0,0.0,1.0,0.0,,2.0,0
3684,5023071,F,N,Y,0,38541.74,Pensioner,Higher education,Married,House / apartment,-23908.0,383839.0,1.0,0.0,1.0,0.0,,2.0,0
3685,6051946,F,N,Y,0,37221.03,Pensioner,Higher education,Married,House / apartment,-23891.0,359568.0,1.0,0.0,1.0,0.0,,2.0,0
3686,5023072,F,Y,Y,0,79370.45,Working,Higher education,Married,House / apartment,-12547.0,-842.0,1.0,0.0,0.0,0.0,Cooking staff,2.0,0
3687,5023073,F,Y,Y,0,81257.9,Working,Higher education,Married,House / apartment,-12451.0,-863.0,1.0,0.0,0.0,0.0,Cooking staff,2.0,0
3688,5023074,F,Y,Y,0,82965.83,Working,Higher education,Married,House / apartment,-12586.0,-830.0,1.0,0.0,0.0,0.0,Cooking staff,2.0,0
3689,5023075,F,Y,Y,0,80329.96,Working,Higher education,Married,House / apartment,-12821.0,-858.0,1.0,0.0,0.0,0.0,Cooking staff,2.0,0
3690,5023076,F,Y,Y,0,80330.36,Working,Higher education,Married,House / apartment,-12400.0,-862.0,1.0,0.0,0.0,0.0,Cooking staff,2.0,0
3691,5023077,F,Y,Y,0,81707.09,Working,Higher education,Married,House / apartment,-12185.0,-820.0,1.0,0.0,0.0,0.0,Cooking staff,2.0,0
3692,5023078,F,Y,Y,0,81539.45,Working,Higher education,Married,House / apartment,-12378.0,-842.0,1.0,0.0,0.0,0.0,Cooking staff,2.0,0
3693,6051947,F,Y,Y,0,80610.58,Working,Higher education,Married,House / apartment,-12570.0,-841.0,1.0,0.0,0.0,0.0,Cooking staff,2.0,0
3694,5023079,F,N,Y,0,81273.14,Pensioner,Lower secondary,Married,House / apartment,-21166.0,349122.0,1.0,0.0,0.0,0.0,,2.0,0
3695,5023080,F,N,Y,0,82033.51,Pensioner,Lower secondary,Married,House / apartment,-21093.0,363180.0,1.0,0.0,0.0,0.0,,2.0,0
3696,5023081,M,N,Y,0,133213.03,State servant,Incomplete higher,Single / not married,House / apartment,-8591.0,-298.0,1.0,0.0,0.0,0.0,High skill tech staff,1.0,0
3697,5023082,M,N,Y,0,129129.69,State servant,Incomplete higher,Single / not married,House / apartment,-8615.0,-294.0,1.0,0.0,0.0,0.0,High skill tech staff,1.0,0
3698,5023083,F,Y,N,1,176572.33,Commercial associate,Secondary / secondary special,Single / not married,Municipal apartment,-12148.0,-4906.0,1.0,0.0,0.0,0.0,Laborers,2.0,0
3699,5023084,F,Y,N,1,166339.65,Commercial associate,Secondary / secondary special,Single / not married,Municipal apartment,-11689.0,-4897.0,1.0,0.0,0.0,0.0,Laborers,2.0,0
3700,5023085,F,Y,N,1,175180.2,Commercial associate,Secondary / secondary special,Single / not married,Municipal apartment,-11865.0,-4988.0,1.0,0.0,0.0,0.0,Laborers,2.0,0
3701,5023086,F,Y,N,1,175822.92,Commercial associate,Secondary / secondary special,Single / not married,Municipal apartment,-11796.0,-4939.0,1.0,0.0,0.0,0.0,Laborers,2.0,0
3702,5023087,F,Y,N,1,176027.46,Commercial associate,Secondary / secondary special,Single / not married,Municipal apartment,-11432.0,-5028.0,1.0,0.0,0.0,0.0,Laborers,2.0,0
3703,5023088,F,Y,N,1,177047.29,Commercial associate,Secondary / secondary special,Single / not married,Municipal apartment,-11822.0,-4940.0,1.0,0.0,0.0,0.0,Laborers,2.0,0
3704,5023089,F,N,N,0,200297.95,Working,Secondary / secondary special,Separated,House / apartment,-17093.0,-4103.0,1.0,0.0,0.0,0.0,Laborers,1.0,1
3705,5023092,F,N,N,0,200138.24,Working,Secondary / secondary special,Separated,House / apartment,-16909.0,-4052.0,1.0,0.0,0.0,0.0,Laborers,1.0,1
3706,5023095,F,N,N,0,203391.01,Working,Secondary / secondary special,Separated,House / apartment,-17019.0,-4155.0,1.0,0.0,0.0,0.0,Laborers,1.0,1
3707,5023096,F,N,N,0,197557.38,Working,Secondary / secondary special,Separated,House / apartment,-16734.0,-4127.0,1.0,0.0,0.0,0.0,Laborers,1.0,0
3708,6052103,F,N,N,0,200459.23,Working,Secondary / secondary special,Separated,House / apartment,-17027.0,-4143.0,1.0,0.0,0.0,0.0,Laborers,1.0,0
3709,5023097,M,Y,Y,1,181828.87,Working,Secondary / secondary special,Married,House / apartment,-17529.0,-4583.0,1.0,0.0,0.0,0.0,Drivers,3.0,0
3710,5023099,F,N,Y,0,94519.54,Pensioner,Lower secondary,Married,House / apartment,-21006.0,376875.0,1.0,0.0,0.0,0.0,,2.0,0
3711,5023100,F,N,Y,0,96850.4,Pensioner,Lower secondary,Married,House / apartment,-22076.0,376177.0,1.0,0.0,0.0,0.0,,2.0,0
3712,5023101,F,N,Y,0,92195.69,Pensioner,Lower secondary,Married,House / apartment,-21680.0,362349.0,1.0,0.0,0.0,0.0,,2.0,0
3713,5023102,F,N,Y,0,91985.38,Pensioner,Lower secondary,Married,House / apartment,-22080.0,362363.0,1.0,0.0,0.0,0.0,,2.0,0
3714,5023103,M,N,Y,0,134765.01,Pensioner,Secondary / secondary special,Married,House / apartment,-21596.0,362316.0,1.0,0.0,0.0,0.0,,2.0,0
3715,5023105,M,Y,Y,1,68603.04,Working,Secondary / secondary special,Married,House / apartment,-15289.0,-1688.0,1.0,1.0,0.0,0.0,Core staff,3.0,0
3716,5023106,M,Y,Y,1,67863.25,Working,Secondary / secondary special,Married,House / apartment,-15445.0,-1672.0,1.0,1.0,0.0,0.0,Core staff,3.0,0
3717,5023107,M,Y,Y,1,66451.67,Working,Secondary / secondary special,Married,House / apartment,-15023.0,-1673.0,1.0,1.0,0.0,0.0,Core staff,3.0,0
3718,5023108,M,Y,Y,1,65120.32,Working,Secondary / secondary special,Married,House / apartment,-15333.0,-1716.0,1.0,1.0,0.0,0.0,Core staff,3.0,0
3719,5023109,M,Y,Y,1,66755.14,Working,Secondary / secondary special,Married,House / apartment,-15083.0,-1688.0,1.0,1.0,0.0,0.0,Core staff,3.0,0
3720,5023110,M,N,Y,0,394689.18,Working,Higher education,Married,House / apartment,-10038.0,-532.0,1.0,1.0,1.0,0.0,Laborers,2.0,0
3721,5023111,M,N,Y,0,388038.26,Working,Higher education,Married,House / apartment,-9786.0,-536.0,1.0,1.0,1.0,0.0,Laborers,2.0,0
3722,5023112,M,N,Y,0,383405.22,Working,Higher education,Married,House / apartment,-10246.0,-538.0,1.0,1.0,1.0,0.0,Laborers,2.0,0
3723,5023113,M,N,Y,0,380914.38,Working,Higher education,Married,House / apartment,-10397.0,-551.0,1.0,1.0,1.0,0.0,Laborers,2.0,0
3724,5023114,M,N,Y,0,379936.79,Working,Higher education,Married,House / apartment,-9952.0,-528.0,1.0,1.0,1.0,0.0,Laborers,2.0,0
3725,5023115,F,N,Y,0,83054.61,Pensioner,Secondary / secondary special,Married,House / apartment,-24212.0,364832.0,1.0,0.0,0.0,0.0,,2.0,0
3726,5023116,F,N,Y,0,81117.06,Working,Secondary / secondary special,Civil marriage,House / apartment,-19272.0,-10615.0,1.0,0.0,0.0,0.0,,2.0,0
3727,5023117,F,N,Y,0,82000.82,Working,Secondary / secondary special,Civil marriage,House / apartment,-18974.0,-10345.0,1.0,0.0,0.0,0.0,,2.0,0
3728,5023118,F,N,Y,0,83352.59,Working,Secondary / secondary special,Civil marriage,House / apartment,-19013.0,-10324.0,1.0,0.0,0.0,0.0,,2.0,0
3729,5023120,F,Y,N,0,327817.07,Commercial associate,Secondary / secondary special,Married,House / apartment,-12558.0,-1991.0,1.0,0.0,0.0,0.0,Realty agents,2.0,0
3730,5023121,F,Y,N,0,328356.58,Commercial associate,Secondary / secondary special,Married,House / apartment,-12141.0,-2056.0,1.0,0.0,0.0,0.0,Realty agents,2.0,0
3731,5023122,F,Y,N,0,331667.18,Commercial associate,Secondary / secondary special,Married,House / apartment,-12670.0,-2036.0,1.0,0.0,0.0,0.0,Realty agents,2.0,0
3732,5023124,F,Y,N,0,326338.95,Commercial associate,Secondary / secondary special,Married,House / apartment,-12585.0,-2042.0,1.0,0.0,0.0,0.0,Realty agents,2.0,0
3733,5023125,F,Y,N,0,326031.02,Commercial associate,Secondary / secondary special,Married,House / apartment,-12736.0,-1982.0,1.0,0.0,0.0,0.0,Realty agents,2.0,0
3734,5023126,F,Y,N,0,333032.97,Commercial associate,Secondary / secondary special,Married,House / apartment,-12917.0,-2000.0,1.0,0.0,0.0,0.0,Realty agents,2.0,0
3735,5023127,F,Y,N,0,324644.54,Commercial associate,Secondary / secondary special,Married,House / apartment,-13163.0,-1989.0,1.0,0.0,0.0,0.0,Realty agents,2.0,0
3736,5023129,F,Y,N,0,325918.81,Commercial associate,Secondary / secondary special,Married,House / apartment,-12888.0,-2017.0,1.0,0.0,0.0,0.0,Realty agents,2.0,0
3737,5023130,F,Y,N,0,334517.86,Commercial associate,Secondary / secondary special,Married,House / apartment,-12753.0,-2017.0,1.0,0.0,0.0,0.0,Realty agents,2.0,0
3738,5023131,F,Y,N,0,323701.42,Commercial associate,Secondary / secondary special,Married,House / apartment,-12730.0,-1923.0,1.0,0.0,0.0,0.0,Realty agents,2.0,0
3739,6051983,F,Y,N,0,324978.08,Commercial associate,Secondary / secondary special,Married,House / apartment,-12695.0,-2006.0,1.0,0.0,0.0,0.0,Realty agents,2.0,0
3740,5023133,F,N,Y,1,180994.33,Working,Higher education,Married,House / apartment,-12773.0,-1627.0,1.0,0.0,0.0,1.0,Core staff,3.0,0
3741,5023134,F,N,Y,1,177395.11,Working,Higher education,Married,House / apartment,-12413.0,-1665.0,1.0,0.0,0.0,1.0,Core staff,3.0,0
3742,5023136,F,N,N,0,112844.02,Pensioner,Secondary / secondary special,Single / not married,House / apartment,-21064.0,373386.0,1.0,0.0,0.0,0.0,,1.0,0
3743,5023137,F,N,N,0,108310.76,Pensioner,Secondary / secondary special,Single / not married,House / apartment,-20829.0,356784.0,1.0,0.0,0.0,0.0,,1.0,0
3744,5023138,F,N,N,0,114191.94,Pensioner,Secondary / secondary special,Single / not married,House / apartment,-21357.0,364676.0,1.0,0.0,0.0,0.0,,1.0,0
3745,5023139,F,N,N,0,109298.55,Pensioner,Secondary / secondary special,Single / not married,House / apartment,-21078.0,369032.0,1.0,0.0,0.0,0.0,,1.0,0
3746,5023140,F,N,N,0,113306.05,Pensioner,Secondary / secondary special,Single / not married,House / apartment,-21323.0,356223.0,1.0,0.0,0.0,0.0,,1.0,0
3747,5023141,F,N,N,0,110445.88,Pensioner,Secondary / secondary special,Single / not married,House / apartment,-21024.0,367182.0,1.0,0.0,0.0,0.0,,1.0,0
3748,5023142,F,N,N,0,113970.26,Pensioner,Secondary / secondary special,Single / not married,House / apartment,-21168.0,350508.0,1.0,0.0,0.0,0.0,,1.0,0
3749,5023143,F,N,N,0,113037.59,Pensioner,Secondary / secondary special,Single / not married,House / apartment,-21493.0,363916.0,1.0,0.0,0.0,0.0,,1.0,0
3750,5023144,F,N,N,0,113958.49,Pensioner,Secondary / secondary special,Single / not married,House / apartment,-20722.0,358060.0,1.0,0.0,0.0,0.0,,1.0,0
3751,5023145,F,N,N,0,109451.1,Pensioner,Secondary / secondary special,Single / not married,House / apartment,-21258.0,361470.0,1.0,0.0,0.0,0.0,,1.0,0
3752,5023146,F,N,N,0,110170.01,Pensioner,Secondary / secondary special,Single / not married,House / apartment,-21216.0,362982.0,1.0,0.0,0.0,0.0,,1.0,0
3753,5023147,F,N,N,0,114638.18,Pensioner,Secondary / secondary special,Single / not married,House / apartment,-21377.0,362162.0,1.0,0.0,0.0,0.0,,1.0,0
3754,5023150,M,N,Y,1,307668.32,Working,Higher education,Married,House / apartment,-11701.0,-1495.0,1.0,0.0,0.0,0.0,Managers,3.0,0
3755,5023151,M,N,Y,1,315946.89,Working,Higher education,Married,House / apartment,-11301.0,-1563.0,1.0,0.0,0.0,0.0,Managers,3.0,0
3756,5023152,M,N,Y,1,307355.0,Working,Higher education,Married,House / apartment,-11891.0,-1557.0,1.0,0.0,0.0,0.0,Managers,3.0,0
3757,6052073,M,N,Y,1,304464.14,Working,Higher education,Married,House / apartment,-11417.0,-1511.0,1.0,0.0,0.0,0.0,Managers,3.0,0
3758,5023153,F,N,N,0,124138.43,Commercial associate,Secondary / secondary special,Married,Municipal apartment,-13607.0,-6387.0,1.0,1.0,1.0,0.0,Sales staff,2.0,0
3759,5023159,F,N,N,0,124933.54,Commercial associate,Secondary / secondary special,Married,Municipal apartment,-13633.0,-6580.0,1.0,1.0,1.0,0.0,Sales staff,2.0,0
3760,5023160,F,N,N,0,130640.15,Commercial associate,Secondary / secondary special,Married,Municipal apartment,-13492.0,-6249.0,1.0,1.0,1.0,0.0,Sales staff,2.0,0
3761,5023161,F,N,N,0,129459.97,Commercial associate,Secondary / secondary special,Married,Municipal apartment,-13518.0,-6405.0,1.0,1.0,1.0,0.0,Sales staff,2.0,0
3762,5023163,F,N,Y,0,136965.91,Pensioner,Secondary / secondary special,Separated,House / apartment,-21996.0,356734.0,1.0,0.0,1.0,0.0,,1.0,0
3763,5023164,F,N,Y,0,135913.22,Pensioner,Secondary / secondary special,Separated,House / apartment,-21350.0,376650.0,1.0,0.0,1.0,0.0,,1.0,0
3764,6052075,F,N,Y,0,135363.36,Pensioner,Secondary / secondary special,Separated,House / apartment,-21551.0,387004.0,1.0,0.0,1.0,0.0,,1.0,0
3765,5023168,F,N,N,0,154560.42,Pensioner,Lower secondary,Married,House / apartment,-23419.0,384796.0,1.0,0.0,0.0,0.0,,2.0,0
3766,5023169,F,N,N,0,155438.54,Pensioner,Lower secondary,Married,House / apartment,-23756.0,366860.0,1.0,0.0,0.0,0.0,,2.0,0
3767,5023170,F,N,Y,1,119345.45,State servant,Secondary / secondary special,Married,House / apartment,-14977.0,-2009.0,1.0,0.0,1.0,0.0,Medicine staff,3.0,0
3768,5023171,F,N,Y,1,116736.6,State servant,Secondary / secondary special,Married,House / apartment,-14861.0,-2140.0,1.0,0.0,1.0,0.0,Medicine staff,3.0,0
3769,6052077,F,N,Y,1,117311.93,State servant,Secondary / secondary special,Married,House / apartment,-15153.0,-2007.0,1.0,0.0,1.0,0.0,Medicine staff,3.0,0
3770,5023172,F,N,Y,1,348842.34,Working,Secondary / secondary special,Civil marriage,House / apartment,-17790.0,-4870.0,1.0,1.0,1.0,0.0,Laborers,3.0,1
3771,5023173,F,N,Y,1,338089.95,Working,Secondary / secondary special,Civil marriage,House / apartment,-17872.0,-4704.0,1.0,1.0,1.0,0.0,Laborers,3.0,0
3772,5023176,F,N,Y,1,332147.72,Working,Secondary / secondary special,Civil marriage,House / apartment,-17632.0,-4613.0,1.0,1.0,1.0,0.0,Laborers,3.0,1
3773,5023177,F,N,Y,1,343251.3,Working,Secondary / secondary special,Civil marriage,House / apartment,-17818.0,-4845.0,1.0,1.0,1.0,0.0,Laborers,3.0,1
3774,6052079,F,N,Y,1,333218.0,Working,Secondary / secondary special,Civil marriage,House / apartment,-17320.0,-4689.0,1.0,1.0,1.0,0.0,Laborers,3.0,1
3775,5023180,F,N,N,0,68574.01,Pensioner,Secondary / secondary special,Married,House / apartment,-21216.0,349471.0,1.0,0.0,0.0,0.0,,2.0,0
3776,5023181,F,N,N,0,68150.2,Pensioner,Secondary / secondary special,Married,House / apartment,-20607.0,367734.0,1.0,0.0,0.0,0.0,,2.0,0
3777,5023182,F,N,N,0,67697.7,Pensioner,Secondary / secondary special,Married,House / apartment,-21169.0,365081.0,1.0,0.0,0.0,0.0,,2.0,0
3778,6052081,F,N,N,0,68405.76,Pensioner,Secondary / secondary special,Married,House / apartment,-22003.0,375742.0,1.0,0.0,0.0,0.0,,2.0,0
3779,5023183,M,Y,Y,0,135123.31,Working,Secondary / secondary special,Married,House / apartment,-16688.0,-2612.0,1.0,0.0,1.0,0.0,Core staff,2.0,0
3780,5023184,M,Y,Y,0,137496.75,Working,Secondary / secondary special,Married,House / apartment,-17283.0,-2728.0,1.0,0.0,1.0,0.0,Core staff,2.0,0
3781,5023185,M,Y,Y,0,135084.81,Working,Secondary / secondary special,Married,House / apartment,-16752.0,-2687.0,1.0,0.0,1.0,0.0,Core staff,2.0,0
3782,5023186,M,Y,Y,0,130898.29,Working,Secondary / secondary special,Married,House / apartment,-17641.0,-2667.0,1.0,0.0,1.0,0.0,Core staff,2.0,0
3783,5023187,M,Y,Y,0,131613.46,Working,Secondary / secondary special,Married,House / apartment,-17174.0,-2633.0,1.0,0.0,1.0,0.0,Core staff,2.0,0
3784,5023188,M,Y,Y,0,131900.13,Working,Secondary / secondary special,Married,House / apartment,-17522.0,-2740.0,1.0,0.0,1.0,0.0,Core staff,2.0,0
3785,5023190,F,Y,Y,1,313004.89,Commercial associate,Higher education,Married,House / apartment,-10852.0,-1617.0,1.0,0.0,1.0,1.0,Sales staff,3.0,0
3786,5023191,M,N,Y,0,49800.02,Pensioner,Secondary / secondary special,Civil marriage,House / apartment,-22110.0,356163.0,1.0,0.0,0.0,0.0,,2.0,0
3787,5023193,M,N,Y,0,49101.92,Pensioner,Secondary / secondary special,Civil marriage,House / apartment,-21879.0,357886.0,1.0,0.0,0.0,0.0,,2.0,0
3788,5023194,M,N,Y,0,48278.74,Pensioner,Secondary / secondary special,Civil marriage,House / apartment,-22579.0,363952.0,1.0,0.0,0.0,0.0,,2.0,0
3789,5023195,M,N,Y,0,48725.93,Pensioner,Secondary / secondary special,Civil marriage,House / apartment,-21592.0,365258.0,1.0,0.0,0.0,0.0,,2.0,0
3790,5023196,M,N,Y,0,49529.86,Pensioner,Secondary / secondary special,Civil marriage,House / apartment,-22269.0,365562.0,1.0,0.0,0.0,0.0,,2.0,0
3791,5023197,M,N,Y,0,50139.25,Pensioner,Secondary / secondary special,Civil marriage,House / apartment,-21913.0,358529.0,1.0,0.0,0.0,0.0,,2.0,0
3792,5023198,M,N,Y,0,49227.78,Pensioner,Secondary / secondary special,Civil marriage,House / apartment,-22184.0,365865.0,1.0,0.0,0.0,0.0,,2.0,0
3793,5023199,M,N,Y,0,49967.55,Pensioner,Secondary / secondary special,Civil marriage,House / apartment,-21401.0,380761.0,1.0,0.0,0.0,0.0,,2.0,0
3794,5023200,M,Y,Y,2,183233.48,Commercial associate,Secondary / secondary special,Married,House / apartment,-15503.0,-1862.0,1.0,0.0,0.0,0.0,Drivers,4.0,1
3795,5023201,M,Y,Y,2,178970.04,Commercial associate,Secondary / secondary special,Married,House / apartment,-16235.0,-1851.0,1.0,0.0,0.0,0.0,Drivers,4.0,1
3796,5023202,M,Y,Y,2,181280.04,Commercial associate,Secondary / secondary special,Married,House / apartment,-15072.0,-1933.0,1.0,0.0,0.0,0.0,Drivers,4.0,0
3797,5023203,M,Y,Y,2,177563.51,Commercial associate,Secondary / secondary special,Married,House / apartment,-16099.0,-1889.0,1.0,0.0,0.0,0.0,Drivers,4.0,1
3798,5023204,M,Y,Y,2,179475.2,Commercial associate,Secondary / secondary special,Married,House / apartment,-15703.0,-1925.0,1.0,0.0,0.0,0.0,Drivers,4.0,1
3799,5023205,M,Y,N,0,138264.21,Working,Higher education,Married,House / apartment,-19191.0,-5395.0,1.0,0.0,1.0,0.0,Core staff,2.0,0
3800,5023206,F,N,N,1,140650.86,Commercial associate,Secondary / secondary special,Married,House / apartment,-14861.0,-236.0,1.0,0.0,0.0,0.0,Sales staff,3.0,0
3801,5023207,F,N,N,1,134835.55,Commercial associate,Secondary / secondary special,Married,House / apartment,-14714.0,-234.0,1.0,0.0,0.0,0.0,Sales staff,3.0,0
3802,5023208,F,N,N,1,136256.57,Commercial associate,Secondary / secondary special,Married,House / apartment,-14658.0,-238.0,1.0,0.0,0.0,0.0,Sales staff,3.0,0
3803,5023209,F,N,N,1,137641.63,Commercial associate,Secondary / secondary special,Married,House / apartment,-14207.0,-234.0,1.0,0.0,0.0,0.0,Sales staff,3.0,0
3804,5023210,F,N,N,1,136810.5,Commercial associate,Secondary / secondary special,Married,House / apartment,-14359.0,-243.0,1.0,0.0,0.0,0.0,Sales staff,3.0,0
3805,5023211,F,N,N,1,133989.57,Commercial associate,Secondary / secondary special,Married,House / apartment,-14148.0,-224.0,1.0,0.0,0.0,0.0,Sales staff,3.0,0
3806,5023212,F,N,N,1,136976.05,Commercial associate,Secondary / secondary special,Married,House / apartment,-14702.0,-231.0,1.0,0.0,0.0,0.0,Sales staff,3.0,0
3807,5023213,M,Y,Y,0,223195.16,Working,Secondary / secondary special,Married,House / apartment,-16782.0,-2250.0,1.0,0.0,0.0,0.0,Drivers,2.0,1
3808,5023214,M,Y,Y,0,223849.71,Working,Secondary / secondary special,Married,House / apartment,-16026.0,-2265.0,1.0,0.0,0.0,0.0,Drivers,2.0,1
3809,5023215,M,Y,Y,0,231848.2,Working,Secondary / secondary special,Married,House / apartment,-16910.0,-2256.0,1.0,0.0,0.0,0.0,Drivers,2.0,0
3810,5023216,M,Y,Y,0,217763.43,Working,Secondary / secondary special,Married,House / apartment,-16706.0,-2287.0,1.0,0.0,0.0,0.0,Drivers,2.0,1
3811,5023217,M,Y,Y,0,234030.49,Working,Secondary / secondary special,Married,House / apartment,-16822.0,-2248.0,1.0,0.0,0.0,0.0,Drivers,2.0,1
3812,5023224,F,N,N,0,133999.96,Pensioner,Secondary / secondary special,Married,House / apartment,-20699.0,357611.0,1.0,0.0,0.0,0.0,,2.0,0
3813,5023229,F,N,Y,0,91306.58,Pensioner,Secondary / secondary special,Widow,House / apartment,-24200.0,366591.0,1.0,0.0,0.0,0.0,,1.0,0
3814,5023230,F,N,Y,0,88885.29,Pensioner,Secondary / secondary special,Widow,House / apartment,-24072.0,373718.0,1.0,0.0,0.0,0.0,,1.0,0
3815,5023231,M,Y,Y,0,273082.98,Working,Secondary / secondary special,Separated,House / apartment,-16983.0,-1339.0,1.0,0.0,0.0,0.0,Laborers,1.0,0
3816,5023232,F,Y,Y,0,232634.05,Commercial associate,Higher education,Single / not married,House / apartment,-11228.0,-1302.0,1.0,1.0,0.0,0.0,Core staff,1.0,0
3817,5023233,F,Y,Y,0,230365.32,Commercial associate,Higher education,Single / not married,House / apartment,-11364.0,-1286.0,1.0,1.0,0.0,0.0,Core staff,1.0,0
3818,5023234,F,Y,Y,0,228870.39,Commercial associate,Higher education,Single / not married,House / apartment,-11086.0,-1282.0,1.0,1.0,0.0,0.0,Core staff,1.0,0
3819,5023235,F,Y,Y,0,227315.94,Commercial associate,Higher education,Single / not married,House / apartment,-11226.0,-1273.0,1.0,1.0,0.0,0.0,Core staff,1.0,0
3820,5023236,F,Y,Y,0,220406.73,Commercial associate,Higher education,Single / not married,House / apartment,-11113.0,-1299.0,1.0,1.0,0.0,0.0,Core staff,1.0,0
3821,5023237,F,Y,Y,0,230100.26,Commercial associate,Higher education,Single / not married,House / apartment,-11271.0,-1286.0,1.0,1.0,0.0,0.0,Core staff,1.0,0
3822,5023238,F,Y,Y,0,222930.41,Commercial associate,Higher education,Single / not married,House / apartment,-11292.0,-1325.0,1.0,1.0,0.0,0.0,Core staff,1.0,0
3823,6051994,F,Y,Y,0,229205.16,Commercial associate,Higher education,Single / not married,House / apartment,-11610.0,-1267.0,1.0,1.0,0.0,0.0,Core staff,1.0,0
3824,5023239,M,Y,Y,2,228805.06,Working,Secondary / secondary special,Married,Rented apartment,-13069.0,-5373.0,1.0,0.0,0.0,0.0,,4.0,0
3825,5023240,M,Y,Y,2,223636.45,Working,Secondary / secondary special,Married,Rented apartment,-13089.0,-5537.0,1.0,0.0,0.0,0.0,,4.0,0
3826,5023241,M,Y,Y,2,225275.93,Working,Secondary / secondary special,Married,Rented apartment,-12878.0,-5339.0,1.0,0.0,0.0,0.0,,4.0,0
3827,5023242,M,Y,Y,2,231691.2,Working,Secondary / secondary special,Married,Rented apartment,-12872.0,-5430.0,1.0,0.0,0.0,0.0,,4.0,0
3828,5023244,M,Y,Y,2,225932.28,Working,Secondary / secondary special,Married,Rented apartment,-13344.0,-5427.0,1.0,0.0,0.0,0.0,,4.0,0
3829,5023245,M,Y,Y,2,225309.8,Working,Secondary / secondary special,Married,Rented apartment,-12711.0,-5715.0,1.0,0.0,0.0,0.0,,4.0,0
3830,5023246,M,Y,Y,2,227533.37,Working,Secondary / secondary special,Married,Rented apartment,-13078.0,-5419.0,1.0,0.0,0.0,0.0,,4.0,0
3831,5023247,M,Y,Y,2,215506.82,Working,Secondary / secondary special,Married,Rented apartment,-13081.0,-5461.0,1.0,0.0,0.0,0.0,,4.0,0
3832,5023248,M,Y,Y,2,229733.93,Working,Secondary / secondary special,Married,Rented apartment,-13347.0,-5464.0,1.0,0.0,0.0,0.0,,4.0,0
3833,5023249,M,Y,Y,2,222232.58,Working,Secondary / secondary special,Married,Rented apartment,-12743.0,-5466.0,1.0,0.0,0.0,0.0,,4.0,0
3834,5023250,F,N,Y,0,69369.85,Pensioner,Secondary / secondary special,Married,House / apartment,-19755.0,379717.0,1.0,0.0,0.0,0.0,,2.0,0
3835,5023251,F,N,Y,0,67729.55,Pensioner,Secondary / secondary special,Married,House / apartment,-19289.0,362046.0,1.0,0.0,0.0,0.0,,2.0,0
3836,5023252,F,N,Y,0,70675.45,Pensioner,Secondary / secondary special,Married,House / apartment,-19573.0,367640.0,1.0,0.0,0.0,0.0,,2.0,0
3837,6052086,F,N,Y,0,66168.09,Pensioner,Secondary / secondary special,Married,House / apartment,-19216.0,371020.0,1.0,0.0,0.0,0.0,,2.0,0
3838,5023253,M,N,Y,0,110617.29,Working,Secondary / secondary special,Separated,House / apartment,-20312.0,-2357.0,1.0,0.0,0.0,0.0,Drivers,1.0,0
3839,5023254,M,N,Y,0,113690.45,Working,Secondary / secondary special,Separated,House / apartment,-20767.0,-2412.0,1.0,0.0,0.0,0.0,Drivers,1.0,0
3840,5023255,M,N,Y,0,110394.01,Working,Secondary / secondary special,Separated,House / apartment,-21026.0,-2386.0,1.0,0.0,0.0,0.0,Drivers,1.0,0
3841,5023256,M,N,Y,0,113078.41,Working,Secondary / secondary special,Separated,House / apartment,-20929.0,-2337.0,1.0,0.0,0.0,0.0,Drivers,1.0,0
3842,5023257,M,Y,Y,0,175349.13,Commercial associate,Secondary / secondary special,Married,House / apartment,-21262.0,-1705.0,1.0,0.0,0.0,0.0,Drivers,2.0,0
3843,5023258,M,Y,Y,0,177561.27,Commercial associate,Secondary / secondary special,Married,House / apartment,-21395.0,-1696.0,1.0,0.0,0.0,0.0,Drivers,2.0,1
3844,5023259,M,Y,Y,0,178782.78,Commercial associate,Secondary / secondary special,Married,House / apartment,-21474.0,-1695.0,1.0,0.0,0.0,0.0,Drivers,2.0,1
3845,5023260,M,Y,Y,0,172921.81,Commercial associate,Secondary / secondary special,Married,House / apartment,-20880.0,-1683.0,1.0,0.0,0.0,0.0,Drivers,2.0,1
3846,5023261,M,Y,Y,0,184840.07,Commercial associate,Secondary / secondary special,Married,House / apartment,-22020.0,-1649.0,1.0,0.0,0.0,0.0,Drivers,2.0,1
3847,5023262,M,Y,Y,0,181747.2,Commercial associate,Secondary / secondary special,Married,House / apartment,-21458.0,-1780.0,1.0,0.0,0.0,0.0,Drivers,2.0,1
3848,5023263,M,Y,Y,0,171879.6,Commercial associate,Secondary / secondary special,Married,House / apartment,-20877.0,-1725.0,1.0,0.0,0.0,0.0,Drivers,2.0,1
3849,5023264,M,Y,Y,0,178921.43,Commercial associate,Secondary / secondary special,Married,House / apartment,-21698.0,-1698.0,1.0,0.0,0.0,0.0,Drivers,2.0,1
3850,5023265,M,N,Y,0,134894.0,State servant,Secondary / secondary special,Married,House / apartment,-8847.0,-1049.0,1.0,0.0,0.0,0.0,Core staff,2.0,0
3851,5023266,F,N,Y,1,158880.17,Commercial associate,Secondary / secondary special,Married,House / apartment,-15584.0,-1327.0,1.0,0.0,1.0,0.0,Accountants,3.0,0
3852,5023267,F,N,Y,1,159925.11,Commercial associate,Secondary / secondary special,Married,House / apartment,-15393.0,-1348.0,1.0,0.0,1.0,0.0,Accountants,3.0,0
3853,5023268,F,N,Y,1,158962.22,Commercial associate,Secondary / secondary special,Married,House / apartment,-15752.0,-1304.0,1.0,0.0,1.0,0.0,Accountants,3.0,0
3854,5023270,M,N,Y,0,136082.43,Pensioner,Higher education,Married,House / apartment,-23655.0,363898.0,1.0,0.0,0.0,0.0,,2.0,0
3855,5023271,M,N,Y,0,140048.99,Pensioner,Higher education,Married,House / apartment,-23603.0,362630.0,1.0,0.0,0.0,0.0,,2.0,0
3856,5023272,F,N,Y,0,75694.16,Pensioner,Secondary / secondary special,Widow,House / apartment,-24928.0,370085.0,1.0,0.0,0.0,0.0,,1.0,0
3857,5023273,F,N,Y,0,77330.47,Pensioner,Secondary / secondary special,Widow,House / apartment,-24702.0,366564.0,1.0,0.0,0.0,0.0,,1.0,0
3858,5023274,F,N,Y,0,76632.21,Pensioner,Secondary / secondary special,Widow,House / apartment,-24515.0,366379.0,1.0,0.0,0.0,0.0,,1.0,0
3859,5023277,F,N,Y,0,79949.59,Pensioner,Secondary / secondary special,Married,House / apartment,-23086.0,367128.0,1.0,0.0,0.0,0.0,,2.0,0
3860,5023279,F,Y,Y,0,171709.66,Commercial associate,Secondary / secondary special,Married,House / apartment,-16371.0,-2457.0,1.0,0.0,0.0,0.0,Sales staff,2.0,1
3861,5023280,F,Y,Y,0,179637.0,Commercial associate,Secondary / secondary special,Married,House / apartment,-16949.0,-2365.0,1.0,0.0,0.0,0.0,Sales staff,2.0,0
3862,5023282,F,Y,Y,0,183114.92,Commercial associate,Secondary / secondary special,Married,House / apartment,-16957.0,-2376.0,1.0,0.0,0.0,0.0,Sales staff,2.0,0
3863,5023283,F,N,Y,0,175578.33,Working,Secondary / secondary special,Married,House / apartment,-15845.0,-3210.0,1.0,0.0,0.0,0.0,,2.0,0
3864,5023284,F,N,Y,0,181858.15,Working,Secondary / secondary special,Married,House / apartment,-15521.0,-3156.0,1.0,0.0,0.0,0.0,,2.0,0
3865,5023285,M,Y,Y,0,187299.81,Working,Secondary / secondary special,Married,House / apartment,-16345.0,-3527.0,1.0,0.0,0.0,0.0,Core staff,2.0,1
3866,6052082,M,Y,Y,0,191747.12,Working,Secondary / secondary special,Married,House / apartment,-16282.0,-3394.0,1.0,0.0,0.0,0.0,Core staff,2.0,0
3867,5023286,F,N,Y,1,46691.02,Commercial associate,Secondary / secondary special,Married,House / apartment,-15489.0,-1035.0,1.0,1.0,0.0,0.0,Cleaning staff,3.0,0
3868,5023287,F,N,Y,1,43928.93,Commercial associate,Secondary / secondary special,Married,House / apartment,-15235.0,-1083.0,1.0,1.0,0.0,0.0,Cleaning staff,3.0,0
3869,5023288,F,N,Y,1,45628.33,Commercial associate,Secondary / secondary special,Married,House / apartment,-15906.0,-1035.0,1.0,1.0,0.0,0.0,Cleaning staff,3.0,0
3870,5023289,F,N,Y,1,45638.6,Commercial associate,Secondary / secondary special,Married,House / apartment,-15629.0,-1075.0,1.0,1.0,0.0,0.0,Cleaning staff,3.0,0
3871,5023290,F,N,Y,1,43433.25,Commercial associate,Secondary / secondary special,Married,House / apartment,-15065.0,-1094.0,1.0,1.0,0.0,0.0,Cleaning staff,3.0,0
3872,5023292,F,N,N,1,224778.28,State servant,Higher education,Civil marriage,House / apartment,-11206.0,-1790.0,1.0,0.0,1.0,0.0,Medicine staff,3.0,0
3873,5023295,F,N,N,1,224182.39,State servant,Higher education,Civil marriage,House / apartment,-11119.0,-1734.0,1.0,0.0,1.0,0.0,Medicine staff,3.0,0
3874,6052083,F,N,N,1,223930.52,State servant,Higher education,Civil marriage,House / apartment,-11212.0,-1814.0,1.0,0.0,1.0,0.0,Medicine staff,3.0,0
3875,5023298,F,Y,Y,1,68361.72,Commercial associate,Secondary / secondary special,Married,House / apartment,-12095.0,-3545.0,1.0,0.0,0.0,1.0,,3.0,0
3876,5023299,F,Y,Y,1,69132.61,Commercial associate,Secondary / secondary special,Married,House / apartment,-11784.0,-3500.0,1.0,0.0,0.0,1.0,,3.0,0
3877,5023300,F,Y,Y,1,64366.42,Commercial associate,Secondary / secondary special,Married,House / apartment,-11714.0,-3558.0,1.0,0.0,0.0,1.0,,3.0,0
3878,5023301,F,Y,Y,1,65609.89,Commercial associate,Secondary / secondary special,Married,House / apartment,-12529.0,-3431.0,1.0,0.0,0.0,1.0,,3.0,0
3879,5023302,F,Y,Y,1,67674.99,Commercial associate,Secondary / secondary special,Married,House / apartment,-12003.0,-3508.0,1.0,0.0,0.0,1.0,,3.0,0
3880,5023303,M,Y,N,1,231385.77,Working,Secondary / secondary special,Married,House / apartment,-10387.0,-1872.0,1.0,0.0,0.0,0.0,Laborers,3.0,0
3881,5023304,M,Y,N,1,228868.73,Working,Secondary / secondary special,Married,House / apartment,-10313.0,-1886.0,1.0,0.0,0.0,0.0,Laborers,3.0,0
3882,5023305,M,Y,N,1,226859.01,Working,Secondary / secondary special,Married,House / apartment,-10624.0,-1851.0,1.0,0.0,0.0,0.0,Laborers,3.0,0
3883,5023306,M,Y,N,1,218037.4,Working,Secondary / secondary special,Married,House / apartment,-10184.0,-1793.0,1.0,0.0,0.0,0.0,Laborers,3.0,0
3884,5023307,M,Y,N,1,222730.39,Working,Secondary / secondary special,Married,House / apartment,-10336.0,-1906.0,1.0,0.0,0.0,0.0,Laborers,3.0,0
3885,5023308,M,Y,N,1,229542.45,Working,Secondary / secondary special,Married,House / apartment,-10345.0,-1943.0,1.0,0.0,0.0,0.0,Laborers,3.0,0
3886,5023309,M,Y,N,1,228675.64,Working,Secondary / secondary special,Married,House / apartment,-10729.0,-1863.0,1.0,0.0,0.0,0.0,Laborers,3.0,0
3887,5023310,M,Y,N,1,225809.15,Working,Secondary / secondary special,Married,House / apartment,-10470.0,-1869.0,1.0,0.0,0.0,0.0,Laborers,3.0,0
3888,5023311,M,Y,N,1,222869.33,Working,Secondary / secondary special,Married,House / apartment,-10631.0,-1854.0,1.0,0.0,0.0,0.0,Laborers,3.0,0
3889,5023312,M,Y,N,1,225741.15,Working,Secondary / secondary special,Married,House / apartment,-10655.0,-1885.0,1.0,0.0,0.0,0.0,Laborers,3.0,0
3890,5023313,M,Y,N,1,220686.2,Working,Secondary / secondary special,Married,House / apartment,-10290.0,-1864.0,1.0,0.0,0.0,0.0,Laborers,3.0,0
3891,5023314,M,Y,N,1,234757.75,Working,Secondary / secondary special,Married,House / apartment,-10540.0,-1917.0,1.0,0.0,0.0,0.0,Laborers,3.0,0
3892,5023315,M,Y,N,1,230539.86,Working,Secondary / secondary special,Married,House / apartment,-10267.0,-1872.0,1.0,0.0,0.0,0.0,Laborers,3.0,0
3893,5023316,M,Y,N,1,223193.51,Working,Secondary / secondary special,Married,House / apartment,-10373.0,-1918.0,1.0,0.0,0.0,0.0,Laborers,3.0,0
3894,5023318,F,N,Y,0,207570.22,Working,Higher education,Married,House / apartment,-18580.0,-682.0,1.0,1.0,1.0,0.0,,2.0,0
3895,6052088,F,N,Y,0,203552.96,Working,Higher education,Married,House / apartment,-18714.0,-648.0,1.0,1.0,1.0,0.0,,2.0,0
3896,5023320,F,N,N,0,132011.11,Working,Secondary / secondary special,Married,House / apartment,-13243.0,-4959.0,1.0,0.0,0.0,0.0,Laborers,2.0,0
3897,5023321,F,N,N,0,135181.64,Working,Secondary / secondary special,Married,House / apartment,-13667.0,-4951.0,1.0,0.0,0.0,0.0,Laborers,2.0,0
3898,6052089,F,N,N,0,135949.38,Working,Secondary / secondary special,Married,House / apartment,-14108.0,-4920.0,1.0,0.0,0.0,0.0,Laborers,2.0,0
3899,5023323,M,Y,Y,2,137712.9,Working,Secondary / secondary special,Married,House / apartment,-12467.0,-4375.0,1.0,0.0,0.0,0.0,,4.0,0
3900,5023324,M,Y,Y,2,136806.74,Working,Secondary / secondary special,Married,House / apartment,-12558.0,-4080.0,1.0,0.0,0.0,0.0,,4.0,0
3901,5023325,M,Y,Y,2,133712.4,Working,Secondary / secondary special,Married,House / apartment,-12405.0,-4314.0,1.0,0.0,0.0,0.0,,4.0,0
3902,5023326,M,Y,Y,2,133485.49,Working,Secondary / secondary special,Married,House / apartment,-12223.0,-4378.0,1.0,0.0,0.0,0.0,,4.0,0
3903,5023327,M,N,Y,2,78527.66,Pensioner,Secondary / secondary special,Married,House / apartment,-24470.0,362266.0,1.0,0.0,0.0,0.0,,4.0,0
3904,5023328,M,N,Y,2,82880.86,Pensioner,Secondary / secondary special,Married,House / apartment,-24173.0,382799.0,1.0,0.0,0.0,0.0,,4.0,0
3905,5023329,M,N,Y,2,81770.31,Pensioner,Secondary / secondary special,Married,House / apartment,-24193.0,370895.0,1.0,0.0,0.0,0.0,,4.0,0
3906,5023330,M,N,Y,2,83839.66,Pensioner,Secondary / secondary special,Married,House / apartment,-24496.0,364656.0,1.0,0.0,0.0,0.0,,4.0,0
3907,5023331,M,N,Y,2,78842.39,Pensioner,Secondary / secondary special,Married,House / apartment,-23780.0,366937.0,1.0,0.0,0.0,0.0,,4.0,0
3908,5023332,M,N,Y,2,79472.21,Pensioner,Secondary / secondary special,Married,House / apartment,-24121.0,384157.0,1.0,0.0,0.0,0.0,,4.0,0
3909,5023333,M,N,Y,2,80982.42,Pensioner,Secondary / secondary special,Married,House / apartment,-24517.0,364095.0,1.0,0.0,0.0,0.0,,4.0,0
3910,5023334,M,N,Y,2,79387.34,Pensioner,Secondary / secondary special,Married,House / apartment,-24301.0,369374.0,1.0,0.0,0.0,0.0,,4.0,0
3911,5023336,F,N,Y,0,136122.7,Commercial associate,Secondary / secondary special,Married,House / apartment,-17191.0,-4402.0,1.0,0.0,0.0,1.0,Sales staff,2.0,0
3912,5023339,F,N,Y,0,135282.98,Commercial associate,Secondary / secondary special,Married,House / apartment,-16989.0,-4359.0,1.0,0.0,0.0,1.0,Sales staff,2.0,0
3913,5023341,F,N,Y,0,138397.88,Commercial associate,Secondary / secondary special,Married,House / apartment,-17021.0,-4216.0,1.0,0.0,0.0,1.0,Sales staff,2.0,0
3914,5023342,M,Y,Y,0,898207.25,Working,Secondary / secondary special,Married,House / apartment,-17962.0,-1822.0,1.0,0.0,0.0,0.0,Managers,2.0,1
3915,5023345,M,Y,Y,0,901085.44,Working,Secondary / secondary special,Married,House / apartment,-18478.0,-1808.0,1.0,0.0,0.0,0.0,Managers,2.0,1
3916,5023347,M,Y,Y,0,900789.49,Working,Secondary / secondary special,Married,House / apartment,-18215.0,-1883.0,1.0,0.0,0.0,0.0,Managers,2.0,1
3917,5023348,M,Y,Y,0,901748.63,Working,Secondary / secondary special,Married,House / apartment,-17618.0,-1873.0,1.0,0.0,0.0,0.0,Managers,2.0,1
3918,5023350,M,Y,Y,0,885065.24,Working,Secondary / secondary special,Married,House / apartment,-18247.0,-1849.0,1.0,0.0,0.0,0.0,Managers,2.0,1
3919,5023351,M,N,Y,0,91100.93,Working,Secondary / secondary special,Married,House / apartment,-17837.0,-863.0,1.0,0.0,0.0,0.0,,2.0,0
3920,5023352,M,N,Y,0,91905.97,Working,Secondary / secondary special,Married,House / apartment,-17736.0,-881.0,1.0,0.0,0.0,0.0,,2.0,0
3921,5023353,M,N,Y,0,87840.11,Working,Secondary / secondary special,Married,House / apartment,-17787.0,-885.0,1.0,0.0,0.0,0.0,,2.0,0
3922,6052005,M,N,Y,0,90122.14,Working,Secondary / secondary special,Married,House / apartment,-18476.0,-859.0,1.0,0.0,0.0,0.0,,2.0,0
3923,6052006,M,N,Y,0,89664.95,Working,Secondary / secondary special,Married,House / apartment,-18091.0,-885.0,1.0,0.0,0.0,0.0,,2.0,0
3924,5023354,M,N,Y,0,181405.93,Working,Secondary / secondary special,Single / not married,House / apartment,-11235.0,-2368.0,1.0,1.0,0.0,0.0,,1.0,0
3925,5023355,M,N,Y,0,183690.75,Working,Secondary / secondary special,Single / not married,House / apartment,-10755.0,-2396.0,1.0,1.0,0.0,0.0,,1.0,0
3926,5023356,M,N,Y,0,177644.69,Working,Secondary / secondary special,Single / not married,House / apartment,-10611.0,-2264.0,1.0,1.0,0.0,0.0,,1.0,0
3927,5023357,M,N,Y,0,177744.74,Working,Secondary / secondary special,Single / not married,House / apartment,-10761.0,-2351.0,1.0,1.0,0.0,0.0,,1.0,0
3928,5023358,M,N,Y,0,185912.84,Working,Secondary / secondary special,Single / not married,House / apartment,-10537.0,-2269.0,1.0,1.0,0.0,0.0,,1.0,0
3929,5023359,M,N,Y,0,175578.8,Working,Secondary / secondary special,Single / not married,House / apartment,-10856.0,-2321.0,1.0,1.0,0.0,0.0,,1.0,0
3930,5023361,M,N,Y,0,182135.64,Working,Secondary / secondary special,Single / not married,House / apartment,-11010.0,-2324.0,1.0,1.0,0.0,0.0,,1.0,0
3931,5023362,M,N,Y,0,182987.82,Working,Secondary / secondary special,Single / not married,House / apartment,-10810.0,-2317.0,1.0,1.0,0.0,0.0,,1.0,0
3932,5023363,M,N,Y,0,178008.21,Working,Secondary / secondary special,Single / not married,House / apartment,-10958.0,-2347.0,1.0,1.0,0.0,0.0,,1.0,0
3933,5023364,M,N,Y,0,179876.54,Working,Secondary / secondary special,Single / not married,House / apartment,-10927.0,-2355.0,1.0,1.0,0.0,0.0,,1.0,0
3934,5023365,M,N,Y,0,185659.92,Working,Secondary / secondary special,Single / not married,House / apartment,-10616.0,-2373.0,1.0,1.0,0.0,0.0,,1.0,0
3935,5023366,M,N,Y,0,181408.18,Working,Secondary / secondary special,Single / not married,House / apartment,-10890.0,-2309.0,1.0,1.0,0.0,0.0,,1.0,0
3936,6052092,M,N,Y,0,177154.0,Working,Secondary / secondary special,Single / not married,House / apartment,-10915.0,-2402.0,1.0,1.0,0.0,0.0,,1.0,0
3937,5023367,F,N,Y,0,90510.14,Working,Secondary / secondary special,Married,House / apartment,-17205.0,-3077.0,1.0,1.0,1.0,0.0,Medicine staff,2.0,0
3938,5023368,F,N,Y,0,67947.2,Pensioner,Secondary / secondary special,Married,House / apartment,-21548.0,371131.0,1.0,0.0,1.0,0.0,,2.0,0
3939,5023369,M,Y,Y,0,134439.72,Commercial associate,Secondary / secondary special,Single / not married,House / apartment,-9265.0,-832.0,1.0,0.0,0.0,0.0,Drivers,1.0,0
3940,5023370,M,Y,Y,0,133545.55,Commercial associate,Secondary / secondary special,Single / not married,House / apartment,-8811.0,-812.0,1.0,0.0,0.0,0.0,Drivers,1.0,0
3941,5023373,F,N,Y,2,156121.89,Commercial associate,Secondary / secondary special,Married,House / apartment,-17285.0,-1117.0,1.0,1.0,0.0,0.0,Private service staff,4.0,0
3942,5023374,F,N,Y,2,151105.97,Commercial associate,Secondary / secondary special,Married,House / apartment,-17043.0,-1140.0,1.0,1.0,0.0,0.0,Private service staff,4.0,0
3943,6052093,F,N,Y,2,157706.44,Commercial associate,Secondary / secondary special,Married,House / apartment,-17151.0,-1141.0,1.0,1.0,0.0,0.0,Private service staff,4.0,0
3944,6052094,F,N,Y,2,157006.68,Commercial associate,Secondary / secondary special,Married,House / apartment,-16784.0,-1120.0,1.0,1.0,0.0,0.0,Private service staff,4.0,0
3945,5023377,F,N,Y,0,80058.25,Pensioner,Secondary / secondary special,Married,House / apartment,-21325.0,380111.0,1.0,0.0,1.0,0.0,,2.0,0
3946,5023378,F,N,Y,0,83246.98,Pensioner,Secondary / secondary special,Married,House / apartment,-21935.0,368842.0,1.0,0.0,1.0,0.0,,2.0,0
3947,5023379,F,N,Y,0,82045.78,Pensioner,Secondary / secondary special,Married,House / apartment,-21293.0,378839.0,1.0,0.0,1.0,0.0,,2.0,0
3948,5023380,F,N,Y,0,79969.19,Pensioner,Secondary / secondary special,Married,House / apartment,-21737.0,364618.0,1.0,0.0,1.0,0.0,,2.0,0
3949,5023385,F,N,Y,0,83024.49,Pensioner,Secondary / secondary special,Married,House / apartment,-21642.0,364390.0,1.0,0.0,1.0,0.0,,2.0,0
3950,5023386,F,N,Y,0,77402.72,Pensioner,Secondary / secondary special,Married,House / apartment,-21541.0,369365.0,1.0,0.0,1.0,0.0,,2.0,0
3951,5023387,M,N,Y,0,82412.69,Pensioner,Secondary / secondary special,Married,House / apartment,-20870.0,369265.0,1.0,0.0,0.0,0.0,,2.0,0
3952,5023389,M,Y,Y,2,158350.76,Commercial associate,Higher education,Married,House / apartment,-13409.0,-2100.0,1.0,0.0,0.0,0.0,Core staff,4.0,0
3953,5023390,M,Y,Y,2,154417.24,Commercial associate,Higher education,Married,House / apartment,-13466.0,-2088.0,1.0,0.0,0.0,0.0,Core staff,4.0,0
3954,5023392,F,N,Y,0,101395.71,Commercial associate,Secondary / secondary special,Widow,House / apartment,-21801.0,-1264.0,1.0,0.0,0.0,0.0,Security staff,1.0,0
3955,5023394,F,N,Y,0,96753.0,Commercial associate,Secondary / secondary special,Widow,House / apartment,-21578.0,-1222.0,1.0,0.0,0.0,0.0,Security staff,1.0,0
3956,5023397,F,N,Y,0,97845.97,Commercial associate,Secondary / secondary special,Widow,House / apartment,-21967.0,-1231.0,1.0,0.0,0.0,0.0,Security staff,1.0,0
3957,5023398,F,N,Y,0,98065.86,Commercial associate,Secondary / secondary special,Widow,House / apartment,-22057.0,-1228.0,1.0,0.0,0.0,0.0,Security staff,1.0,0
3958,5023399,F,N,Y,0,100859.4,Commercial associate,Secondary / secondary special,Widow,House / apartment,-21262.0,-1226.0,1.0,0.0,0.0,0.0,Security staff,1.0,0
3959,5023400,F,N,Y,0,97779.21,Commercial associate,Secondary / secondary special,Widow,House / apartment,-22366.0,-1211.0,1.0,0.0,0.0,0.0,Security staff,1.0,0
3960,5023401,F,N,Y,0,97184.29,Commercial associate,Secondary / secondary special,Widow,House / apartment,-21466.0,-1212.0,1.0,0.0,0.0,0.0,Security staff,1.0,0
3961,5023402,F,N,Y,0,100084.02,Commercial associate,Secondary / secondary special,Widow,House / apartment,-20906.0,-1245.0,1.0,0.0,0.0,0.0,Security staff,1.0,0
3962,5023406,F,N,Y,0,100198.71,Commercial associate,Secondary / secondary special,Widow,House / apartment,-21779.0,-1226.0,1.0,0.0,0.0,0.0,Security staff,1.0,0
3963,5023407,F,N,Y,0,132005.21,Working,Secondary / secondary special,Married,House / apartment,-19787.0,-5487.0,1.0,0.0,1.0,0.0,Cooking staff,2.0,0
3964,5023408,F,N,Y,0,113913.6,Pensioner,Secondary / secondary special,Married,House / apartment,-21433.0,367554.0,1.0,0.0,0.0,0.0,,2.0,0
3965,5023409,F,N,Y,0,112950.98,Pensioner,Secondary / secondary special,Married,House / apartment,-21310.0,356381.0,1.0,0.0,0.0,0.0,,2.0,0
3966,5023410,F,N,Y,0,112176.55,Pensioner,Secondary / secondary special,Married,House / apartment,-21456.0,364479.0,1.0,0.0,0.0,0.0,,2.0,0
3967,5023411,F,N,Y,0,115011.08,Pensioner,Secondary / secondary special,Married,House / apartment,-21685.0,369588.0,1.0,0.0,0.0,0.0,,2.0,0
3968,5023412,F,N,Y,0,113108.33,Pensioner,Secondary / secondary special,Married,House / apartment,-21701.0,373167.0,1.0,0.0,0.0,0.0,,2.0,0
3969,5023414,F,Y,Y,1,230817.65,Commercial associate,Higher education,Married,House / apartment,-16251.0,-2715.0,1.0,0.0,1.0,0.0,Managers,3.0,0
3970,5023415,F,Y,Y,1,223614.88,Commercial associate,Higher education,Married,House / apartment,-16763.0,-2646.0,1.0,0.0,1.0,0.0,Managers,3.0,1
3971,5023417,F,Y,Y,1,223448.55,Commercial associate,Higher education,Married,House / apartment,-16587.0,-2565.0,1.0,0.0,1.0,0.0,Managers,3.0,1
3972,5023419,F,Y,Y,1,213348.14,Commercial associate,Higher education,Married,House / apartment,-16885.0,-2747.0,1.0,0.0,1.0,0.0,Managers,3.0,1
3973,5023420,F,Y,Y,1,224987.97,Commercial associate,Higher education,Married,House / apartment,-16138.0,-2678.0,1.0,0.0,1.0,0.0,Managers,3.0,1
3974,5023421,F,Y,Y,1,231138.9,Commercial associate,Higher education,Married,House / apartment,-16652.0,-2680.0,1.0,0.0,1.0,0.0,Managers,3.0,0
3975,5023422,F,Y,Y,1,213051.53,Commercial associate,Higher education,Married,House / apartment,-16758.0,-2541.0,1.0,0.0,1.0,0.0,Managers,3.0,0
3976,5023423,F,Y,Y,1,223482.71,Commercial associate,Higher education,Married,House / apartment,-16641.0,-2657.0,1.0,0.0,1.0,0.0,Managers,3.0,1
3977,6052096,F,Y,Y,1,229903.85,Commercial associate,Higher education,Married,House / apartment,-16904.0,-2581.0,1.0,0.0,1.0,0.0,Managers,3.0,0
3978,6052097,F,Y,Y,1,228726.85,Commercial associate,Higher education,Married,House / apartment,-17052.0,-2698.0,1.0,0.0,1.0,0.0,Managers,3.0,1
3979,6052098,F,Y,Y,1,222811.13,Commercial associate,Higher education,Married,House / apartment,-16084.0,-2718.0,1.0,0.0,1.0,0.0,Managers,3.0,1
3980,5023425,M,N,Y,3,154266.52,Working,Higher education,Married,House / apartment,-14214.0,-3844.0,1.0,0.0,0.0,0.0,Laborers,5.0,0
3981,5023426,M,N,Y,3,156953.35,Working,Higher education,Married,House / apartment,-14638.0,-3909.0,1.0,0.0,0.0,0.0,Laborers,5.0,0
3982,5023427,M,N,Y,3,165868.99,Working,Higher education,Married,House / apartment,-14249.0,-3868.0,1.0,0.0,0.0,0.0,Laborers,5.0,0
3983,5023428,M,N,Y,3,157344.43,Working,Higher education,Married,House / apartment,-14360.0,-4052.0,1.0,0.0,0.0,0.0,Laborers,5.0,0
3984,5023429,M,N,Y,3,158741.16,Working,Higher education,Married,House / apartment,-14341.0,-3766.0,1.0,0.0,0.0,0.0,Laborers,5.0,0
3985,5023430,F,N,Y,0,110215.68,Pensioner,Secondary / secondary special,Married,House / apartment,-23932.0,366987.0,1.0,0.0,1.0,0.0,,2.0,0
3986,5023431,F,N,Y,0,106742.72,Pensioner,Secondary / secondary special,Married,House / apartment,-23492.0,369639.0,1.0,0.0,1.0,0.0,,2.0,0
3987,5023432,F,N,Y,0,114944.08,Pensioner,Secondary / secondary special,Married,House / apartment,-24103.0,373607.0,1.0,0.0,1.0,0.0,,2.0,0
3988,5023433,F,N,Y,0,108620.53,Pensioner,Secondary / secondary special,Married,House / apartment,-22484.0,368432.0,1.0,0.0,1.0,0.0,,2.0,0
3989,5023435,F,N,Y,0,185031.18,Working,Higher education,Single / not married,House / apartment,-23043.0,-13221.0,1.0,1.0,1.0,0.0,Sales staff,1.0,1
3990,5023438,F,N,Y,0,179635.42,Working,Higher education,Single / not married,House / apartment,-22938.0,-13534.0,1.0,1.0,1.0,0.0,Sales staff,1.0,0
3991,5023439,F,N,Y,0,183563.72,Working,Higher education,Single / not married,House / apartment,-23391.0,-13412.0,1.0,1.0,1.0,0.0,Sales staff,1.0,1
3992,5023440,F,N,Y,0,176382.48,Working,Higher education,Single / not married,House / apartment,-23073.0,-13792.0,1.0,1.0,1.0,0.0,Sales staff,1.0,0
3993,5023441,F,N,Y,0,172804.29,Working,Higher education,Single / not married,House / apartment,-22344.0,-13471.0,1.0,1.0,1.0,0.0,Sales staff,1.0,1
3994,5023442,F,N,Y,0,175677.4,Working,Higher education,Single / not married,House / apartment,-22131.0,-13624.0,1.0,1.0,1.0,0.0,Sales staff,1.0,1
3995,5023443,F,N,Y,0,187103.91,Working,Higher education,Single / not married,House / apartment,-22213.0,-13078.0,1.0,1.0,1.0,0.0,Sales staff,1.0,0
3996,5023444,F,N,Y,0,174976.57,Working,Higher education,Single / not married,House / apartment,-23091.0,-13680.0,1.0,1.0,1.0,0.0,Sales staff,1.0,0
3997,5023445,F,N,Y,0,185222.19,Working,Higher education,Single / not married,House / apartment,-22106.0,-13492.0,1.0,1.0,1.0,0.0,Sales staff,1.0,0
3998,5023447,F,N,Y,0,178166.84,Commercial associate,Secondary / secondary special,Married,House / apartment,-20861.0,-681.0,1.0,0.0,0.0,0.0,Sales staff,2.0,0
3999,5023448,F,N,Y,0,180387.23,Commercial associate,Secondary / secondary special,Married,House / apartment,-19977.0,-635.0,1.0,0.0,0.0,0.0,Sales staff,2.0,0
4000,5023449,F,N,Y,0,184233.36,Commercial associate,Secondary / secondary special,Married,House / apartment,-20236.0,-667.0,1.0,0.0,0.0,0.0,Sales staff,2.0,0
4001,5023450,F,N,Y,0,172757.91,Commercial associate,Secondary / secondary special,Married,House / apartment,-20124.0,-647.0,1.0,0.0,0.0,0.0,Sales staff,2.0,0
4002,5023451,F,N,Y,0,180519.08,Commercial associate,Secondary / secondary special,Married,House / apartment,-20585.0,-656.0,1.0,0.0,0.0,0.0,Sales staff,2.0,0
4003,5023452,F,N,Y,0,180274.66,Commercial associate,Secondary / secondary special,Married,House / apartment,-20890.0,-641.0,1.0,0.0,0.0,0.0,Sales staff,2.0,0
4004,5023453,F,N,Y,0,185982.46,Commercial associate,Secondary / secondary special,Married,House / apartment,-19821.0,-656.0,1.0,0.0,0.0,0.0,Sales staff,2.0,0
4005,5023454,F,N,Y,0,175571.67,Commercial associate,Secondary / secondary special,Married,House / apartment,-21391.0,-639.0,1.0,0.0,0.0,0.0,Sales staff,2.0,0
4006,5023456,F,N,Y,0,185215.22,Commercial associate,Secondary / secondary special,Married,House / apartment,-20402.0,-668.0,1.0,0.0,0.0,0.0,Sales staff,2.0,0
4007,5023457,F,N,Y,0,174712.86,Commercial associate,Secondary / secondary special,Married,House / apartment,-21092.0,-664.0,1.0,0.0,0.0,0.0,Sales staff,2.0,0
4008,5023460,F,Y,Y,0,324787.84,Pensioner,Secondary / secondary special,Single / not married,House / apartment,-20988.0,367381.0,1.0,0.0,0.0,0.0,,1.0,0
4009,5023461,F,Y,Y,0,323389.66,Pensioner,Secondary / secondary special,Single / not married,House / apartment,-21044.0,365810.0,1.0,0.0,0.0,0.0,,1.0,0
4010,5023462,F,Y,Y,0,306881.66,Pensioner,Secondary / secondary special,Single / not married,House / apartment,-20681.0,372229.0,1.0,0.0,0.0,0.0,,1.0,0
4011,5023465,F,Y,Y,0,320134.61,Pensioner,Secondary / secondary special,Single / not married,House / apartment,-20636.0,359380.0,1.0,0.0,0.0,0.0,,1.0,0
4012,5023467,F,Y,Y,0,322689.86,Pensioner,Secondary / secondary special,Single / not married,House / apartment,-21119.0,369497.0,1.0,0.0,0.0,0.0,,1.0,0
4013,5023468,F,Y,Y,0,307017.03,Pensioner,Secondary / secondary special,Single / not married,House / apartment,-20992.0,378904.0,1.0,0.0,0.0,0.0,,1.0,0
4014,5023469,F,Y,Y,0,317102.64,Pensioner,Secondary / secondary special,Single / not married,House / apartment,-21331.0,371334.0,1.0,0.0,0.0,0.0,,1.0,0
4015,5023470,F,Y,Y,0,313044.54,Pensioner,Secondary / secondary special,Single / not married,House / apartment,-21360.0,373413.0,1.0,0.0,0.0,0.0,,1.0,0
4016,5023471,F,Y,Y,0,311092.19,Pensioner,Secondary / secondary special,Single / not married,House / apartment,-20737.0,356865.0,1.0,0.0,0.0,0.0,,1.0,0
4017,5023472,F,Y,Y,0,307697.04,Pensioner,Secondary / secondary special,Single / not married,House / apartment,-21067.0,365298.0,1.0,0.0,0.0,0.0,,1.0,0
4018,5023473,F,Y,Y,0,304305.87,Pensioner,Secondary / secondary special,Single / not married,House / apartment,-21172.0,375260.0,1.0,0.0,0.0,0.0,,1.0,0
4019,5023474,F,Y,Y,0,298930.4,Pensioner,Secondary / secondary special,Single / not married,House / apartment,-20322.0,360069.0,1.0,0.0,0.0,0.0,,1.0,0
4020,5023475,F,Y,Y,0,305150.03,Pensioner,Secondary / secondary special,Single / not married,House / apartment,-20678.0,370349.0,1.0,0.0,0.0,0.0,,1.0,0
4021,6052099,F,Y,Y,0,307456.29,Pensioner,Secondary / secondary special,Single / not married,House / apartment,-21544.0,364272.0,1.0,0.0,0.0,0.0,,1.0,0
4022,5023476,F,N,N,0,132380.02,Commercial associate,Secondary / secondary special,Married,House / apartment,-20967.0,-1908.0,1.0,0.0,0.0,1.0,Secretaries,2.0,0
4023,5023478,F,N,N,0,134513.13,Commercial associate,Secondary / secondary special,Married,House / apartment,-20781.0,-1874.0,1.0,0.0,0.0,1.0,Secretaries,2.0,0
4024,5023479,F,N,Y,1,119107.19,Working,Secondary / secondary special,Married,House / apartment,-15996.0,-4432.0,1.0,1.0,1.0,0.0,Core staff,3.0,0
4025,5023480,F,N,Y,1,119324.77,Working,Secondary / secondary special,Married,House / apartment,-15983.0,-4305.0,1.0,1.0,1.0,0.0,Core staff,3.0,0
4026,5023481,F,N,Y,1,118866.44,Working,Secondary / secondary special,Married,House / apartment,-16246.0,-4315.0,1.0,1.0,1.0,0.0,Core staff,3.0,0
4027,5023482,F,N,Y,1,118333.25,Working,Secondary / secondary special,Married,House / apartment,-15874.0,-4397.0,1.0,1.0,1.0,0.0,Core staff,3.0,0
4028,5023483,F,N,Y,1,123167.32,Working,Secondary / secondary special,Married,House / apartment,-15300.0,-4265.0,1.0,1.0,1.0,0.0,Core staff,3.0,0
4029,5023484,F,N,Y,1,117357.22,Working,Secondary / secondary special,Married,House / apartment,-15728.0,-4528.0,1.0,1.0,1.0,0.0,Core staff,3.0,0
4030,6052011,F,N,Y,1,116327.42,Working,Secondary / secondary special,Married,House / apartment,-16755.0,-4357.0,1.0,1.0,1.0,0.0,Core staff,3.0,0
4031,5023486,F,N,Y,0,112071.75,Working,Secondary / secondary special,Married,House / apartment,-18124.0,-6401.0,1.0,0.0,0.0,0.0,,2.0,0
4032,5023490,M,Y,Y,0,80437.82,Working,Secondary / secondary special,Married,House / apartment,-20627.0,-6236.0,1.0,1.0,1.0,1.0,,2.0,0
4033,5023491,M,Y,Y,0,78587.38,Working,Secondary / secondary special,Married,House / apartment,-20413.0,-6066.0,1.0,1.0,1.0,1.0,,2.0,0
4034,5023492,M,Y,Y,0,83764.52,Working,Secondary / secondary special,Married,House / apartment,-20989.0,-6298.0,1.0,1.0,1.0,1.0,,2.0,0
4035,5023493,M,Y,Y,0,80906.79,Working,Secondary / secondary special,Married,House / apartment,-20457.0,-6317.0,1.0,1.0,1.0,1.0,,2.0,0
4036,5023494,F,N,Y,1,115210.08,Working,Secondary / secondary special,Married,House / apartment,-11051.0,-1022.0,1.0,0.0,0.0,0.0,Core staff,3.0,0
4037,5023495,F,N,Y,1,108039.45,Working,Secondary / secondary special,Married,House / apartment,-11363.0,-1012.0,1.0,0.0,0.0,0.0,Core staff,3.0,0
4038,5023496,F,N,Y,1,110277.56,Working,Secondary / secondary special,Married,House / apartment,-11640.0,-1020.0,1.0,0.0,0.0,0.0,Core staff,3.0,0
4039,5023497,F,N,Y,1,110443.59,Working,Secondary / secondary special,Married,House / apartment,-11639.0,-1006.0,1.0,0.0,0.0,0.0,Core staff,3.0,0
4040,5023499,F,N,N,1,64777.21,Working,Secondary / secondary special,Single / not married,Municipal apartment,-16917.0,-4639.0,1.0,0.0,0.0,0.0,Cleaning staff,2.0,0
4041,5023500,F,N,N,1,61655.7,Working,Secondary / secondary special,Single / not married,Municipal apartment,-16971.0,-4530.0,1.0,0.0,0.0,0.0,Cleaning staff,2.0,0
4042,5023502,F,N,N,1,63091.01,Working,Secondary / secondary special,Single / not married,Municipal apartment,-16899.0,-4545.0,1.0,0.0,0.0,0.0,Cleaning staff,2.0,0
4043,5023503,F,N,N,1,64889.56,Working,Secondary / secondary special,Single / not married,Municipal apartment,-17175.0,-4564.0,1.0,0.0,0.0,0.0,Cleaning staff,2.0,0
4044,5023504,F,N,N,1,61565.82,Working,Secondary / secondary special,Single / not married,Municipal apartment,-16928.0,-4603.0,1.0,0.0,0.0,0.0,Cleaning staff,2.0,0
4045,6052012,F,N,N,1,61603.75,Working,Secondary / secondary special,Single / not married,Municipal apartment,-16775.0,-4631.0,1.0,0.0,0.0,0.0,Cleaning staff,2.0,0
4046,6052013,F,N,N,1,63770.66,Working,Secondary / secondary special,Single / not married,Municipal apartment,-17221.0,-4533.0,1.0,0.0,0.0,0.0,Cleaning staff,2.0,0
4047,5023505,F,N,Y,0,207088.49,State servant,Secondary / secondary special,Widow,House / apartment,-19972.0,-5967.0,1.0,0.0,0.0,0.0,Medicine staff,1.0,1
4048,5023506,F,N,Y,0,205030.58,State servant,Secondary / secondary special,Widow,House / apartment,-20130.0,-5797.0,1.0,0.0,0.0,0.0,Medicine staff,1.0,1
4049,5023507,F,N,Y,0,199038.97,State servant,Secondary / secondary special,Widow,House / apartment,-20289.0,-5953.0,1.0,0.0,0.0,0.0,Medicine staff,1.0,1
4050,5023508,M,Y,Y,1,108150.57,Working,Higher education,Married,House / apartment,-16014.0,-989.0,1.0,0.0,1.0,0.0,Drivers,3.0,0
4051,5023509,M,Y,Y,1,110538.15,Working,Higher education,Married,House / apartment,-15604.0,-976.0,1.0,0.0,1.0,0.0,Drivers,3.0,0
4052,5023511,M,Y,Y,1,111403.15,Working,Higher education,Married,House / apartment,-15934.0,-965.0,1.0,0.0,1.0,0.0,Drivers,3.0,0
4053,5023513,M,Y,Y,1,116147.87,Working,Higher education,Married,House / apartment,-15571.0,-978.0,1.0,0.0,1.0,0.0,Drivers,3.0,0
4054,5023514,M,Y,Y,1,111303.44,Working,Higher education,Married,House / apartment,-15749.0,-956.0,1.0,0.0,1.0,0.0,Drivers,3.0,0
4055,5023516,M,Y,Y,1,113426.96,Working,Higher education,Married,House / apartment,-16130.0,-981.0,1.0,0.0,1.0,0.0,Drivers,3.0,0
4056,5023517,M,Y,Y,1,112985.54,Working,Higher education,Married,House / apartment,-15605.0,-986.0,1.0,0.0,1.0,0.0,Drivers,3.0,0
4057,5023518,M,Y,Y,1,116240.17,Working,Higher education,Married,House / apartment,-15240.0,-933.0,1.0,0.0,1.0,0.0,Drivers,3.0,0
4058,5023519,M,Y,Y,1,110192.24,Working,Higher education,Married,House / apartment,-15526.0,-965.0,1.0,0.0,1.0,0.0,Drivers,3.0,0
4059,5023520,M,Y,Y,1,111056.59,Working,Higher education,Married,House / apartment,-16466.0,-972.0,1.0,0.0,1.0,0.0,Drivers,3.0,0
4060,5023521,M,Y,Y,1,114112.25,Working,Higher education,Married,House / apartment,-16464.0,-935.0,1.0,0.0,1.0,0.0,Drivers,3.0,0
4061,5023522,M,Y,Y,0,177178.48,Commercial associate,Secondary / secondary special,Married,House / apartment,-15474.0,-1298.0,1.0,0.0,0.0,0.0,Laborers,2.0,0
4062,5023523,M,Y,Y,0,179270.25,Commercial associate,Secondary / secondary special,Married,House / apartment,-15766.0,-1305.0,1.0,0.0,0.0,0.0,Laborers,2.0,0
4063,5023524,M,Y,Y,0,179998.17,Commercial associate,Secondary / secondary special,Married,House / apartment,-15519.0,-1293.0,1.0,0.0,0.0,0.0,Laborers,2.0,0
4064,6052014,M,Y,Y,0,178520.34,Commercial associate,Secondary / secondary special,Married,House / apartment,-15617.0,-1287.0,1.0,0.0,0.0,0.0,Laborers,2.0,0
4065,5023526,F,N,Y,0,280472.3,Commercial associate,Secondary / secondary special,Married,House / apartment,-20056.0,-7247.0,1.0,0.0,0.0,0.0,High skill tech staff,2.0,1
4066,5023527,F,N,Y,0,268568.2,Commercial associate,Secondary / secondary special,Married,House / apartment,-20378.0,-6677.0,1.0,0.0,0.0,0.0,High skill tech staff,2.0,0
4067,5023528,F,N,Y,0,270898.05,Commercial associate,Secondary / secondary special,Married,House / apartment,-20568.0,-7038.0,1.0,0.0,0.0,0.0,High skill tech staff,2.0,1
4068,5023531,F,N,Y,0,276141.81,Commercial associate,Secondary / secondary special,Married,House / apartment,-20026.0,-6977.0,1.0,0.0,0.0,0.0,High skill tech staff,2.0,1
4069,5023532,F,N,Y,0,274320.22,Commercial associate,Secondary / secondary special,Married,House / apartment,-20629.0,-6932.0,1.0,0.0,0.0,0.0,High skill tech staff,2.0,1
4070,5023533,F,N,Y,0,207828.77,Working,Secondary / secondary special,Separated,House / apartment,-14497.0,-884.0,1.0,0.0,0.0,0.0,Core staff,1.0,0
4071,5023534,F,N,Y,0,203196.71,Working,Secondary / secondary special,Separated,House / apartment,-14036.0,-889.0,1.0,0.0,0.0,0.0,Core staff,1.0,0
4072,5023535,F,N,Y,0,201963.23,Working,Secondary / secondary special,Separated,House / apartment,-13957.0,-881.0,1.0,0.0,0.0,0.0,Core staff,1.0,0
4073,5023536,F,N,Y,0,206289.78,Working,Secondary / secondary special,Separated,House / apartment,-14248.0,-880.0,1.0,0.0,0.0,0.0,Core staff,1.0,0
4074,5023537,F,N,Y,0,202401.56,Working,Secondary / secondary special,Separated,House / apartment,-13635.0,-903.0,1.0,0.0,0.0,0.0,Core staff,1.0,0
4075,5023539,F,N,Y,0,83495.68,Pensioner,Secondary / secondary special,Married,Municipal apartment,-21837.0,347253.0,1.0,0.0,0.0,0.0,,2.0,0
4076,5023540,F,N,Y,0,88771.48,State servant,Secondary / secondary special,Civil marriage,House / apartment,-15773.0,-3735.0,1.0,1.0,1.0,0.0,Core staff,2.0,0
4077,5023541,F,N,Y,0,92845.41,State servant,Secondary / secondary special,Civil marriage,House / apartment,-16282.0,-3697.0,1.0,1.0,1.0,0.0,Core staff,2.0,0
4078,5023542,F,N,Y,0,90373.27,State servant,Secondary / secondary special,Civil marriage,House / apartment,-15989.0,-3596.0,1.0,1.0,1.0,0.0,Core staff,2.0,0
4079,5023543,F,N,Y,0,89617.91,State servant,Secondary / secondary special,Civil marriage,House / apartment,-15809.0,-3737.0,1.0,1.0,1.0,0.0,Core staff,2.0,0
4080,5023544,F,N,Y,0,91206.82,State servant,Secondary / secondary special,Civil marriage,House / apartment,-15740.0,-3611.0,1.0,1.0,1.0,0.0,Core staff,2.0,0
4081,5023545,F,N,Y,0,92054.17,State servant,Secondary / secondary special,Civil marriage,House / apartment,-16338.0,-3749.0,1.0,1.0,1.0,0.0,Core staff,2.0,0
4082,5023546,M,Y,Y,0,89874.89,Working,Secondary / secondary special,Married,House / apartment,-21574.0,-2420.0,1.0,0.0,0.0,0.0,Laborers,2.0,0
4083,5023547,M,Y,Y,0,90402.94,Working,Secondary / secondary special,Married,House / apartment,-22041.0,-2488.0,1.0,0.0,0.0,0.0,Laborers,2.0,0
4084,5023548,M,Y,Y,0,90089.74,Working,Secondary / secondary special,Married,House / apartment,-22226.0,-2458.0,1.0,0.0,0.0,0.0,Laborers,2.0,0
4085,5023549,M,Y,Y,0,90997.98,Working,Secondary / secondary special,Married,House / apartment,-22102.0,-2425.0,1.0,0.0,0.0,0.0,Laborers,2.0,0
4086,5023550,M,Y,Y,0,90081.48,Working,Secondary / secondary special,Married,House / apartment,-21830.0,-2493.0,1.0,0.0,0.0,0.0,Laborers,2.0,0
4087,6052032,M,Y,Y,0,89848.57,Working,Secondary / secondary special,Married,House / apartment,-21920.0,-2395.0,1.0,0.0,0.0,0.0,Laborers,2.0,0
4088,5023551,F,N,N,0,210578.38,Commercial associate,Higher education,Single / not married,House / apartment,-12245.0,-1979.0,1.0,0.0,0.0,0.0,Managers,1.0,0
4089,5023552,F,N,N,0,200739.02,Commercial associate,Higher education,Single / not married,House / apartment,-12010.0,-2006.0,1.0,0.0,0.0,0.0,Managers,1.0,0
4090,5023553,F,N,N,0,203251.76,Commercial associate,Higher education,Single / not married,House / apartment,-11903.0,-1938.0,1.0,0.0,0.0,0.0,Managers,1.0,0
4091,5023554,F,N,Y,1,175733.19,Working,Secondary / secondary special,Married,House / apartment,-17700.0,-8599.0,1.0,0.0,0.0,0.0,Core staff,3.0,1
4092,5023555,F,N,Y,1,181909.36,Working,Secondary / secondary special,Married,House / apartment,-17678.0,-8677.0,1.0,0.0,0.0,0.0,Core staff,3.0,0
4093,5023556,F,N,Y,1,183913.2,Working,Secondary / secondary special,Married,House / apartment,-16972.0,-8825.0,1.0,0.0,0.0,0.0,Core staff,3.0,1
4094,5023558,F,N,Y,0,208845.57,Working,Secondary / secondary special,Widow,House / apartment,-18015.0,-9921.0,1.0,0.0,0.0,0.0,Core staff,1.0,1
4095,5023559,F,N,Y,0,203289.39,Working,Secondary / secondary special,Widow,House / apartment,-17684.0,-9898.0,1.0,0.0,0.0,0.0,Core staff,1.0,1
4096,5023560,F,N,Y,0,200746.05,Working,Secondary / secondary special,Widow,House / apartment,-18303.0,-9695.0,1.0,0.0,0.0,0.0,Core staff,1.0,1
4097,5023562,F,N,Y,0,201429.67,Working,Secondary / secondary special,Widow,House / apartment,-17665.0,-9882.0,1.0,0.0,0.0,0.0,Core staff,1.0,1
4098,5023563,F,N,Y,0,206868.44,Working,Secondary / secondary special,Widow,House / apartment,-17532.0,-9541.0,1.0,0.0,0.0,0.0,Core staff,1.0,0
4099,5023564,F,N,Y,0,202302.62,Working,Secondary / secondary special,Widow,House / apartment,-17958.0,-10038.0,1.0,0.0,0.0,0.0,Core staff,1.0,1
4100,5023566,M,Y,Y,3,263436.63,Commercial associate,Secondary / secondary special,Married,House / apartment,-12204.0,-1117.0,1.0,0.0,1.0,0.0,Laborers,5.0,0
4101,5023567,M,Y,Y,3,262820.44,Commercial associate,Secondary / secondary special,Married,House / apartment,-12365.0,-1098.0,1.0,0.0,1.0,0.0,Laborers,5.0,0
4102,5023569,F,Y,Y,0,178887.06,Pensioner,Secondary / secondary special,Separated,House / apartment,-21797.0,372132.0,1.0,0.0,0.0,0.0,,1.0,0
4103,5023570,F,Y,Y,0,170823.37,Pensioner,Secondary / secondary special,Separated,House / apartment,-22337.0,368770.0,1.0,0.0,0.0,0.0,,1.0,0
4104,5023573,F,N,Y,0,200808.84,Pensioner,Secondary / secondary special,Married,House / apartment,-22455.0,370150.0,1.0,0.0,0.0,0.0,,2.0,0
4105,5023576,F,N,Y,0,199402.03,Pensioner,Secondary / secondary special,Married,House / apartment,-22976.0,365807.0,1.0,0.0,0.0,0.0,,2.0,0
4106,5023577,F,N,Y,0,205153.93,Pensioner,Secondary / secondary special,Married,House / apartment,-23336.0,367648.0,1.0,0.0,0.0,0.0,,2.0,0
4107,5023579,F,N,Y,0,178925.77,Pensioner,Secondary / secondary special,Widow,House / apartment,-23294.0,367532.0,1.0,0.0,1.0,0.0,,1.0,0
4108,5023580,F,N,Y,0,180887.74,Pensioner,Secondary / secondary special,Widow,House / apartment,-22447.0,377010.0,1.0,0.0,1.0,0.0,,1.0,0
4109,5023581,F,N,Y,0,178705.97,Pensioner,Secondary / secondary special,Widow,House / apartment,-23757.0,372045.0,1.0,0.0,1.0,0.0,,1.0,0
4110,5023582,F,N,Y,0,184153.88,Pensioner,Secondary / secondary special,Widow,House / apartment,-23142.0,364661.0,1.0,0.0,1.0,0.0,,1.0,0
4111,5023584,M,N,N,0,206519.09,Working,Secondary / secondary special,Separated,House / apartment,-13814.0,-6664.0,1.0,0.0,0.0,0.0,Laborers,1.0,0
4112,5023585,M,N,N,0,201495.18,Working,Secondary / secondary special,Separated,House / apartment,-13928.0,-6417.0,1.0,0.0,0.0,0.0,Laborers,1.0,0
4113,5023587,M,N,N,0,201941.67,Working,Secondary / secondary special,Separated,House / apartment,-14436.0,-6236.0,1.0,0.0,0.0,0.0,Laborers,1.0,0
4114,5023588,M,N,N,0,202080.18,Working,Secondary / secondary special,Separated,House / apartment,-14315.0,-6194.0,1.0,0.0,0.0,0.0,Laborers,1.0,0
4115,5023589,M,N,N,0,203752.68,Working,Secondary / secondary special,Separated,House / apartment,-14820.0,-6377.0,1.0,0.0,0.0,0.0,Laborers,1.0,0
4116,5023590,M,N,N,0,202096.63,Working,Secondary / secondary special,Separated,House / apartment,-14557.0,-6399.0,1.0,0.0,0.0,0.0,Laborers,1.0,0
4117,5023591,M,N,N,0,205193.46,Working,Secondary / secondary special,Separated,House / apartment,-14494.0,-6309.0,1.0,0.0,0.0,0.0,Laborers,1.0,0
4118,5023592,M,N,N,0,205791.83,Working,Secondary / secondary special,Separated,House / apartment,-14166.0,-6445.0,1.0,0.0,0.0,0.0,Laborers,1.0,0
4119,5023593,M,N,N,0,204032.69,Working,Secondary / secondary special,Separated,House / apartment,-14254.0,-6365.0,1.0,0.0,0.0,0.0,Laborers,1.0,0
4120,5023594,M,N,Y,0,137514.41,Pensioner,Secondary / secondary special,Married,House / apartment,-23189.0,374781.0,1.0,0.0,0.0,0.0,,2.0,0
4121,5023595,M,N,Y,0,132535.23,Pensioner,Secondary / secondary special,Married,House / apartment,-22948.0,378114.0,1.0,0.0,0.0,0.0,,2.0,0
4122,5023596,M,N,Y,0,137162.44,Pensioner,Secondary / secondary special,Married,House / apartment,-22868.0,378971.0,1.0,0.0,0.0,0.0,,2.0,0
4123,5023598,F,Y,Y,0,218075.03,Commercial associate,Higher education,Married,House / apartment,-17429.0,-427.0,1.0,0.0,0.0,0.0,Laborers,2.0,0
4124,5023599,F,Y,Y,0,222625.71,Commercial associate,Higher education,Married,House / apartment,-17566.0,-428.0,1.0,0.0,0.0,0.0,Laborers,2.0,0
4125,5023600,F,Y,Y,0,220272.34,Commercial associate,Higher education,Married,House / apartment,-17953.0,-404.0,1.0,0.0,0.0,0.0,Laborers,2.0,0
4126,5023602,F,N,Y,0,135767.73,Working,Secondary / secondary special,Married,House / apartment,-20244.0,-1724.0,1.0,0.0,0.0,0.0,Cleaning staff,2.0,0
4127,5023603,F,N,Y,0,132336.2,Working,Secondary / secondary special,Married,House / apartment,-20314.0,-1763.0,1.0,0.0,0.0,0.0,Cleaning staff,2.0,0
4128,5023604,F,N,Y,0,138956.89,Working,Secondary / secondary special,Married,House / apartment,-20657.0,-1708.0,1.0,0.0,0.0,0.0,Cleaning staff,2.0,0
4129,5023605,F,N,Y,0,135513.19,Working,Secondary / secondary special,Married,House / apartment,-20170.0,-1740.0,1.0,0.0,0.0,0.0,Cleaning staff,2.0,0
4130,5023608,M,Y,Y,1,362956.9,Pensioner,Secondary / secondary special,Married,House / apartment,-19068.0,361523.0,1.0,0.0,0.0,0.0,,3.0,0
4131,6052106,M,Y,Y,1,359760.26,Pensioner,Secondary / secondary special,Married,House / apartment,-19924.0,365585.0,1.0,0.0,0.0,0.0,,3.0,0
4132,5023609,F,N,N,0,132283.76,Working,Secondary / secondary special,Married,House / apartment,-11936.0,-141.0,1.0,0.0,0.0,0.0,,2.0,0
4133,5023610,F,N,N,0,131744.61,Working,Secondary / secondary special,Married,House / apartment,-12169.0,-142.0,1.0,0.0,0.0,0.0,,2.0,0
4134,6052037,F,N,N,0,134503.76,Working,Secondary / secondary special,Married,House / apartment,-12589.0,-141.0,1.0,0.0,0.0,0.0,,2.0,0
4135,5023611,M,Y,Y,0,202356.46,Commercial associate,Secondary / secondary special,Married,House / apartment,-17201.0,-230.0,1.0,0.0,0.0,0.0,Drivers,2.0,0
4136,5023612,M,Y,Y,0,201431.97,Commercial associate,Secondary / secondary special,Married,House / apartment,-17752.0,-238.0,1.0,0.0,0.0,0.0,Drivers,2.0,0
4137,5023613,M,Y,Y,0,204755.85,Commercial associate,Secondary / secondary special,Married,House / apartment,-17226.0,-236.0,1.0,0.0,0.0,0.0,Drivers,2.0,0
4138,5023614,M,Y,Y,0,207502.67,Commercial associate,Secondary / secondary special,Married,House / apartment,-17361.0,-225.0,1.0,0.0,0.0,0.0,Drivers,2.0,0
4139,5023615,M,Y,Y,0,201814.08,Commercial associate,Secondary / secondary special,Married,House / apartment,-17341.0,-227.0,1.0,0.0,0.0,0.0,Drivers,2.0,0
4140,5023616,M,Y,Y,0,206470.99,Commercial associate,Secondary / secondary special,Married,House / apartment,-17627.0,-231.0,1.0,0.0,0.0,0.0,Drivers,2.0,0
4141,5023617,F,N,Y,2,154541.49,Commercial associate,Secondary / secondary special,Married,House / apartment,-10912.0,-710.0,1.0,0.0,0.0,0.0,Managers,4.0,0
4142,5023618,F,N,Y,2,158811.98,Commercial associate,Secondary / secondary special,Married,House / apartment,-10561.0,-720.0,1.0,0.0,0.0,0.0,Managers,4.0,0
4143,5023619,F,N,Y,2,159134.67,Commercial associate,Secondary / secondary special,Married,House / apartment,-10521.0,-757.0,1.0,0.0,0.0,0.0,Managers,4.0,0
4144,5023621,F,N,Y,2,153779.59,Commercial associate,Secondary / secondary special,Married,House / apartment,-10756.0,-711.0,1.0,0.0,0.0,0.0,Managers,4.0,0
4145,5023622,F,N,Y,2,157218.21,Commercial associate,Secondary / secondary special,Married,House / apartment,-11133.0,-706.0,1.0,0.0,0.0,0.0,Managers,4.0,0
4146,5023623,F,N,N,2,180181.49,Commercial associate,Incomplete higher,Married,House / apartment,-14039.0,-3319.0,1.0,0.0,1.0,0.0,Sales staff,4.0,0
4147,5023624,F,N,N,2,185688.22,Commercial associate,Incomplete higher,Married,House / apartment,-14185.0,-3247.0,1.0,0.0,1.0,0.0,Sales staff,4.0,0
4148,5023626,F,N,N,2,181965.56,Commercial associate,Incomplete higher,Married,House / apartment,-14297.0,-3288.0,1.0,0.0,1.0,0.0,Sales staff,4.0,0
4149,6052107,F,N,N,2,177860.97,Commercial associate,Incomplete higher,Married,House / apartment,-14037.0,-3192.0,1.0,0.0,1.0,0.0,Sales staff,4.0,0
4150,5023627,F,N,Y,0,266902.24,Commercial associate,Secondary / secondary special,Widow,House / apartment,-12574.0,-242.0,1.0,1.0,1.0,1.0,Core staff,1.0,0
4151,5023628,F,N,Y,0,268450.2,Commercial associate,Secondary / secondary special,Widow,House / apartment,-13571.0,-240.0,1.0,1.0,1.0,1.0,Core staff,1.0,0
4152,5023629,F,N,Y,0,275058.6,Commercial associate,Secondary / secondary special,Widow,House / apartment,-13222.0,-241.0,1.0,1.0,1.0,1.0,Core staff,1.0,0
4153,5023630,F,N,Y,0,278332.7,Commercial associate,Secondary / secondary special,Widow,House / apartment,-13501.0,-231.0,1.0,1.0,1.0,1.0,Core staff,1.0,0
4154,5023631,F,N,Y,0,272606.84,Commercial associate,Secondary / secondary special,Widow,House / apartment,-13436.0,-233.0,1.0,1.0,1.0,1.0,Core staff,1.0,0
4155,5023632,F,N,Y,0,272186.46,Commercial associate,Secondary / secondary special,Widow,House / apartment,-13487.0,-242.0,1.0,1.0,1.0,1.0,Core staff,1.0,0
4156,5023635,M,N,Y,1,159677.24,Working,Secondary / secondary special,Married,House / apartment,-12542.0,-2245.0,1.0,1.0,0.0,0.0,Laborers,3.0,0
4157,5023636,M,N,Y,1,160205.77,Working,Secondary / secondary special,Married,House / apartment,-12485.0,-2198.0,1.0,1.0,0.0,0.0,Laborers,3.0,0
4158,5023638,M,N,Y,1,161787.42,Working,Secondary / secondary special,Married,House / apartment,-12423.0,-2243.0,1.0,1.0,0.0,0.0,Laborers,3.0,0
4159,5023639,M,Y,N,2,226845.55,Working,Secondary / secondary special,Married,House / apartment,-14851.0,-2205.0,1.0,0.0,0.0,0.0,Drivers,4.0,0
4160,5023640,M,Y,N,2,229813.61,Working,Secondary / secondary special,Married,House / apartment,-15190.0,-2174.0,1.0,0.0,0.0,0.0,Drivers,4.0,0
4161,5023644,M,Y,N,2,222438.24,Working,Secondary / secondary special,Married,House / apartment,-15680.0,-2188.0,1.0,0.0,0.0,0.0,Drivers,4.0,0
4162,5023645,M,Y,N,2,225781.58,Working,Secondary / secondary special,Married,House / apartment,-14846.0,-2203.0,1.0,0.0,0.0,0.0,Drivers,4.0,0
4163,5023646,M,Y,N,2,222423.91,Working,Secondary / secondary special,Married,House / apartment,-14985.0,-2293.0,1.0,0.0,0.0,0.0,Drivers,4.0,0
4164,5023647,M,Y,N,2,222075.11,Working,Secondary / secondary special,Married,House / apartment,-14791.0,-2233.0,1.0,0.0,0.0,0.0,Drivers,4.0,0
4165,5023650,F,N,N,0,225568.44,Commercial associate,Incomplete higher,Single / not married,House / apartment,-10339.0,-1182.0,1.0,0.0,0.0,0.0,Accountants,1.0,0
4166,5023651,F,N,N,0,218507.93,Commercial associate,Incomplete higher,Single / not married,House / apartment,-10109.0,-1191.0,1.0,0.0,0.0,0.0,Accountants,1.0,0
4167,5023652,F,N,N,0,222345.84,Commercial associate,Incomplete higher,Single / not married,House / apartment,-10056.0,-1189.0,1.0,0.0,0.0,0.0,Accountants,1.0,0
4168,5023655,F,N,N,0,225078.14,Commercial associate,Incomplete higher,Single / not married,House / apartment,-9942.0,-1184.0,1.0,0.0,0.0,0.0,Accountants,1.0,0
4169,5023656,F,N,N,0,223183.8,Commercial associate,Incomplete higher,Single / not married,House / apartment,-10479.0,-1212.0,1.0,0.0,0.0,0.0,Accountants,1.0,0
4170,5023657,F,N,N,0,221018.79,Commercial associate,Incomplete higher,Single / not married,House / apartment,-10254.0,-1171.0,1.0,0.0,0.0,0.0,Accountants,1.0,0
4171,5023660,M,N,Y,2,95119.18,Working,Secondary / secondary special,Married,House / apartment,-14129.0,-1028.0,1.0,1.0,1.0,0.0,Laborers,4.0,0
4172,5023661,M,N,Y,2,95927.18,Working,Secondary / secondary special,Married,House / apartment,-14385.0,-992.0,1.0,1.0,1.0,0.0,Laborers,4.0,0
4173,5023662,M,N,Y,2,99416.28,Working,Secondary / secondary special,Married,House / apartment,-14136.0,-1037.0,1.0,1.0,1.0,0.0,Laborers,4.0,0
4174,5023663,M,N,Y,2,103000.3,Working,Secondary / secondary special,Married,House / apartment,-14715.0,-1019.0,1.0,1.0,1.0,0.0,Laborers,4.0,0
4175,5023664,M,N,Y,2,95388.26,Working,Secondary / secondary special,Married,House / apartment,-14489.0,-1005.0,1.0,1.0,1.0,0.0,Laborers,4.0,0
4176,5023665,M,N,Y,2,99747.53,Working,Secondary / secondary special,Married,House / apartment,-13950.0,-1043.0,1.0,1.0,1.0,0.0,Laborers,4.0,0
4177,6052038,M,N,Y,2,101098.94,Working,Secondary / secondary special,Married,House / apartment,-14003.0,-1053.0,1.0,1.0,1.0,0.0,Laborers,4.0,0
4178,5023666,F,N,Y,0,89952.95,Working,Secondary / secondary special,Married,House / apartment,-16452.0,-1499.0,1.0,0.0,0.0,0.0,Cooking staff,2.0,0
4179,5023668,F,N,Y,0,89768.83,Working,Secondary / secondary special,Married,House / apartment,-16357.0,-1513.0,1.0,0.0,0.0,0.0,Cooking staff,2.0,0
4180,5023671,F,N,Y,0,88510.71,Working,Secondary / secondary special,Married,House / apartment,-16176.0,-1512.0,1.0,0.0,0.0,0.0,Cooking staff,2.0,0
4181,5023672,F,N,Y,0,89529.75,Working,Secondary / secondary special,Married,House / apartment,-16408.0,-1521.0,1.0,0.0,0.0,0.0,Cooking staff,2.0,0
4182,5023673,F,N,Y,0,89379.28,Working,Secondary / secondary special,Married,House / apartment,-16511.0,-1514.0,1.0,0.0,0.0,0.0,Cooking staff,2.0,0
4183,5023674,F,N,Y,0,90053.55,Working,Secondary / secondary special,Married,House / apartment,-15991.0,-1563.0,1.0,0.0,0.0,0.0,Cooking staff,2.0,0
4184,5023675,F,N,Y,0,95462.42,Working,Secondary / secondary special,Married,House / apartment,-16785.0,-1520.0,1.0,0.0,0.0,0.0,Cooking staff,2.0,0
4185,6052039,F,N,Y,0,85968.79,Working,Secondary / secondary special,Married,House / apartment,-16074.0,-1512.0,1.0,0.0,0.0,0.0,Cooking staff,2.0,0
4186,6052040,F,N,Y,0,90954.02,Working,Secondary / secondary special,Married,House / apartment,-16478.0,-1500.0,1.0,0.0,0.0,0.0,Cooking staff,2.0,0
4187,5023677,F,Y,Y,0,113939.39,Working,Secondary / secondary special,Married,House / apartment,-11665.0,-1875.0,1.0,0.0,0.0,0.0,Cooking staff,2.0,0
4188,5023678,F,Y,Y,0,115906.46,Working,Secondary / secondary special,Married,House / apartment,-11650.0,-1774.0,1.0,0.0,0.0,0.0,Cooking staff,2.0,0
4189,5023679,M,Y,Y,0,232512.26,Commercial associate,Higher education,Married,House / apartment,-21295.0,-3940.0,1.0,0.0,1.0,0.0,Managers,2.0,1
4190,5023681,F,N,Y,1,67729.69,Commercial associate,Secondary / secondary special,Civil marriage,House / apartment,-11144.0,-1067.0,1.0,1.0,1.0,0.0,Sales staff,3.0,0
4191,5023682,F,N,Y,1,68958.19,Commercial associate,Secondary / secondary special,Civil marriage,House / apartment,-10880.0,-1114.0,1.0,1.0,1.0,0.0,Sales staff,3.0,0
4192,5023683,F,N,Y,1,67844.85,Commercial associate,Secondary / secondary special,Civil marriage,House / apartment,-11144.0,-1106.0,1.0,1.0,1.0,0.0,Sales staff,3.0,0
4193,6052108,F,N,Y,1,69170.43,Commercial associate,Secondary / secondary special,Civil marriage,House / apartment,-11139.0,-1075.0,1.0,1.0,1.0,0.0,Sales staff,3.0,0
4194,5023684,M,Y,Y,0,287980.76,Commercial associate,Higher education,Married,House / apartment,-20623.0,-4077.0,1.0,0.0,1.0,0.0,Laborers,2.0,1
4195,5023685,M,Y,Y,0,278519.45,Commercial associate,Higher education,Married,House / apartment,-20618.0,-3984.0,1.0,0.0,1.0,0.0,Laborers,2.0,0
4196,5023687,M,Y,Y,0,280701.01,Commercial associate,Higher education,Married,House / apartment,-20832.0,-4125.0,1.0,0.0,1.0,0.0,Laborers,2.0,0
4197,6052113,M,Y,Y,0,281989.16,Commercial associate,Higher education,Married,House / apartment,-20859.0,-3907.0,1.0,0.0,1.0,0.0,Laborers,2.0,1
4198,5023688,F,N,Y,0,136734.7,Working,Secondary / secondary special,Single / not married,House / apartment,-14984.0,-3378.0,1.0,0.0,0.0,0.0,,1.0,0
4199,5023689,F,N,Y,0,136833.61,Working,Secondary / secondary special,Single / not married,House / apartment,-15838.0,-3371.0,1.0,0.0,0.0,0.0,,1.0,0
4200,5023690,F,N,Y,0,134918.47,Working,Secondary / secondary special,Single / not married,House / apartment,-15217.0,-3372.0,1.0,0.0,0.0,0.0,,1.0,0
4201,5023691,F,N,Y,0,134285.97,Working,Secondary / secondary special,Single / not married,House / apartment,-15099.0,-3381.0,1.0,0.0,0.0,0.0,,1.0,0
4202,5023692,F,N,Y,0,131356.95,Working,Secondary / secondary special,Single / not married,House / apartment,-15090.0,-3283.0,1.0,0.0,0.0,0.0,,1.0,0
4203,5023693,F,N,Y,0,136098.82,Working,Secondary / secondary special,Single / not married,House / apartment,-15175.0,-3339.0,1.0,0.0,0.0,0.0,,1.0,0
4204,5023696,F,N,Y,0,121057.09,Commercial associate,Secondary / secondary special,Civil marriage,House / apartment,-12370.0,-4629.0,1.0,1.0,1.0,0.0,Private service staff,2.0,0
4205,5023697,F,N,Y,0,117366.22,Commercial associate,Secondary / secondary special,Civil marriage,House / apartment,-12505.0,-4614.0,1.0,1.0,1.0,0.0,Private service staff,2.0,0
4206,5023698,F,N,Y,0,116737.64,Commercial associate,Secondary / secondary special,Civil marriage,House / apartment,-12772.0,-4775.0,1.0,1.0,1.0,0.0,Private service staff,2.0,0
4207,5023699,F,N,Y,0,180407.63,Working,Secondary / secondary special,Married,House / apartment,-18080.0,-5689.0,1.0,0.0,1.0,0.0,Laborers,2.0,1
4208,5023700,F,N,Y,0,180736.94,Working,Secondary / secondary special,Married,House / apartment,-17869.0,-5631.0,1.0,0.0,1.0,0.0,Laborers,2.0,1
4209,5023703,F,N,Y,0,177948.69,Working,Secondary / secondary special,Married,House / apartment,-17850.0,-5603.0,1.0,0.0,1.0,0.0,Laborers,2.0,1
4210,5023705,F,N,Y,0,185569.36,Working,Secondary / secondary special,Married,House / apartment,-18177.0,-5657.0,1.0,0.0,1.0,0.0,Laborers,2.0,0
4211,5023706,F,N,Y,0,177977.52,Working,Secondary / secondary special,Married,House / apartment,-17809.0,-5562.0,1.0,0.0,1.0,0.0,Laborers,2.0,1
4212,5023707,F,N,Y,0,180312.27,Working,Secondary / secondary special,Married,House / apartment,-16841.0,-5692.0,1.0,0.0,1.0,0.0,Laborers,2.0,1
4213,5023711,F,N,Y,0,181253.13,Working,Secondary / secondary special,Married,House / apartment,-17640.0,-5639.0,1.0,0.0,1.0,0.0,Laborers,2.0,1
4214,5023712,F,N,Y,0,183317.34,Working,Secondary / secondary special,Married,House / apartment,-17852.0,-5592.0,1.0,0.0,1.0,0.0,Laborers,2.0,1
4215,5023713,F,N,Y,0,182869.32,Working,Secondary / secondary special,Married,House / apartment,-17435.0,-5594.0,1.0,0.0,1.0,0.0,Laborers,2.0,1
4216,5023714,F,N,Y,0,185045.33,Working,Secondary / secondary special,Married,House / apartment,-17792.0,-5669.0,1.0,0.0,1.0,0.0,Laborers,2.0,1
4217,6052041,F,N,Y,0,177914.54,Working,Secondary / secondary special,Married,House / apartment,-17236.0,-5634.0,1.0,0.0,1.0,0.0,Laborers,2.0,1
4218,6052042,F,N,Y,0,174543.3,Working,Secondary / secondary special,Married,House / apartment,-17474.0,-5694.0,1.0,0.0,1.0,0.0,Laborers,2.0,1
4219,6052043,F,N,Y,0,178468.04,Working,Secondary / secondary special,Married,House / apartment,-16699.0,-5580.0,1.0,0.0,1.0,0.0,Laborers,2.0,1
4220,6052045,F,N,Y,0,175321.44,Working,Secondary / secondary special,Married,House / apartment,-17658.0,-5545.0,1.0,0.0,1.0,0.0,Laborers,2.0,0
4221,6052046,F,N,Y,0,183819.67,Working,Secondary / secondary special,Married,House / apartment,-17396.0,-5560.0,1.0,0.0,1.0,0.0,Laborers,2.0,0
4222,5023716,F,Y,Y,0,182799.49,Pensioner,Higher education,Married,House / apartment,-21479.0,368846.0,1.0,0.0,1.0,0.0,,2.0,0
4223,5023718,F,Y,Y,0,169109.37,Pensioner,Higher education,Married,House / apartment,-22348.0,360680.0,1.0,0.0,1.0,0.0,,2.0,0
4224,5023719,F,Y,Y,0,175103.72,Pensioner,Higher education,Married,House / apartment,-21495.0,371984.0,1.0,0.0,1.0,0.0,,2.0,0
4225,5023720,F,Y,Y,0,172941.76,Pensioner,Higher education,Married,House / apartment,-21919.0,369871.0,1.0,0.0,1.0,0.0,,2.0,0
4226,5023721,M,Y,Y,0,112115.82,Pensioner,Secondary / secondary special,Married,House / apartment,-24034.0,364118.0,1.0,0.0,0.0,0.0,,2.0,0
4227,5023722,M,Y,Y,0,111652.43,Pensioner,Secondary / secondary special,Married,House / apartment,-23642.0,364617.0,1.0,0.0,0.0,0.0,,2.0,0
4228,5023723,M,Y,Y,0,115423.71,Pensioner,Secondary / secondary special,Married,House / apartment,-23977.0,369159.0,1.0,0.0,0.0,0.0,,2.0,0
4229,6052115,M,Y,Y,0,110295.99,Pensioner,Secondary / secondary special,Married,House / apartment,-24015.0,343240.0,1.0,0.0,0.0,0.0,,2.0,0
4230,5023724,M,Y,N,1,488347.72,Working,Secondary / secondary special,Married,House / apartment,-10103.0,-229.0,1.0,0.0,1.0,0.0,Laborers,3.0,0
4231,5023725,M,Y,N,1,486643.52,Working,Secondary / secondary special,Married,House / apartment,-10021.0,-237.0,1.0,0.0,1.0,0.0,Laborers,3.0,0
4232,5023726,M,Y,N,1,486034.48,Working,Secondary / secondary special,Married,House / apartment,-10281.0,-231.0,1.0,0.0,1.0,0.0,Laborers,3.0,0
4233,5023727,M,Y,N,1,507530.06,Working,Secondary / secondary special,Married,House / apartment,-9964.0,-234.0,1.0,0.0,1.0,0.0,Laborers,3.0,0
4234,5023728,M,Y,N,1,501252.17,Working,Secondary / secondary special,Married,House / apartment,-10518.0,-238.0,1.0,0.0,1.0,0.0,Laborers,3.0,0
4235,5023729,M,Y,N,1,511594.59,Working,Secondary / secondary special,Married,House / apartment,-9854.0,-241.0,1.0,0.0,1.0,0.0,Laborers,3.0,0
4236,5023730,M,Y,N,1,480728.28,Working,Secondary / secondary special,Married,House / apartment,-9959.0,-241.0,1.0,0.0,1.0,0.0,Laborers,3.0,0
4237,6052116,M,Y,N,1,489906.34,Working,Secondary / secondary special,Married,House / apartment,-10553.0,-233.0,1.0,0.0,1.0,0.0,Laborers,3.0,0
4238,5023731,F,N,N,0,90679.91,Working,Secondary / secondary special,Single / not married,With parents,-9283.0,-1702.0,1.0,0.0,0.0,0.0,,1.0,0
4239,5023733,F,Y,Y,0,218816.44,Working,Higher education,Civil marriage,House / apartment,-15078.0,-1454.0,1.0,0.0,0.0,1.0,Accountants,2.0,0
4240,6052048,F,Y,Y,0,216908.85,Working,Higher education,Civil marriage,House / apartment,-15270.0,-1451.0,1.0,0.0,0.0,1.0,Accountants,2.0,0
4241,5023734,F,N,Y,0,90080.67,Working,Secondary / secondary special,Married,House / apartment,-19425.0,-738.0,1.0,1.0,1.0,0.0,Core staff,2.0,0
4242,5023735,F,N,Y,0,88931.28,Working,Secondary / secondary special,Married,House / apartment,-18763.0,-772.0,1.0,1.0,1.0,0.0,Core staff,2.0,0
4243,5023736,F,N,Y,0,90989.65,Working,Secondary / secondary special,Married,House / apartment,-19190.0,-722.0,1.0,1.0,1.0,0.0,Core staff,2.0,0
4244,5023737,F,N,Y,0,88741.85,Working,Secondary / secondary special,Married,House / apartment,-18615.0,-769.0,1.0,1.0,1.0,0.0,Core staff,2.0,0
4245,5023739,F,N,Y,0,89566.54,Working,Secondary / secondary special,Married,House / apartment,-18503.0,-769.0,1.0,1.0,1.0,0.0,Core staff,2.0,0
4246,5023743,F,N,Y,0,94562.9,Working,Secondary / secondary special,Married,House / apartment,-18945.0,-724.0,1.0,1.0,1.0,0.0,Core staff,2.0,0
4247,5023745,F,N,Y,0,89939.33,Working,Secondary / secondary special,Married,House / apartment,-18694.0,-746.0,1.0,1.0,1.0,0.0,Core staff,2.0,0
4248,5023748,M,Y,N,0,161291.32,Commercial associate,Secondary / secondary special,Married,House / apartment,-11367.0,-1614.0,1.0,0.0,0.0,0.0,Drivers,2.0,0
4249,5023749,M,Y,N,0,156201.61,Commercial associate,Secondary / secondary special,Married,House / apartment,-11087.0,-1601.0,1.0,0.0,0.0,0.0,Drivers,2.0,0
4250,5023750,M,Y,N,0,155364.44,Commercial associate,Secondary / secondary special,Married,House / apartment,-11128.0,-1713.0,1.0,0.0,0.0,0.0,Drivers,2.0,0
4251,5023751,M,Y,N,0,157949.78,Commercial associate,Secondary / secondary special,Married,House / apartment,-11286.0,-1577.0,1.0,0.0,0.0,0.0,Drivers,2.0,0
4252,5023752,M,Y,N,0,155494.89,Commercial associate,Secondary / secondary special,Married,House / apartment,-11472.0,-1575.0,1.0,0.0,0.0,0.0,Drivers,2.0,0
4253,5023753,M,Y,N,0,158703.08,Commercial associate,Secondary / secondary special,Married,House / apartment,-11595.0,-1592.0,1.0,0.0,0.0,0.0,Drivers,2.0,0
4254,6052049,M,Y,N,0,152593.27,Commercial associate,Secondary / secondary special,Married,House / apartment,-11489.0,-1529.0,1.0,0.0,0.0,0.0,Drivers,2.0,0
4255,5023754,F,Y,Y,0,132814.95,Pensioner,Secondary / secondary special,Widow,House / apartment,-23495.0,365066.0,1.0,0.0,0.0,0.0,,1.0,0
4256,5023755,F,Y,Y,0,138447.73,Pensioner,Secondary / secondary special,Widow,House / apartment,-23335.0,367445.0,1.0,0.0,0.0,0.0,,1.0,0
4257,5023756,F,Y,Y,0,133193.67,Pensioner,Secondary / secondary special,Widow,House / apartment,-22703.0,373107.0,1.0,0.0,0.0,0.0,,1.0,0
4258,5023757,F,Y,Y,0,132173.74,Pensioner,Secondary / secondary special,Widow,House / apartment,-23101.0,358129.0,1.0,0.0,0.0,0.0,,1.0,0
4259,5023758,F,Y,Y,0,136476.69,Pensioner,Secondary / secondary special,Widow,House / apartment,-22541.0,367904.0,1.0,0.0,0.0,0.0,,1.0,0
4260,5023759,F,Y,Y,0,131323.6,Pensioner,Secondary / secondary special,Widow,House / apartment,-23269.0,368443.0,1.0,0.0,0.0,0.0,,1.0,0
4261,5023760,F,Y,Y,0,137810.28,Pensioner,Secondary / secondary special,Widow,House / apartment,-23256.0,374290.0,1.0,0.0,0.0,0.0,,1.0,0
4262,5023761,F,Y,Y,0,135557.77,Pensioner,Secondary / secondary special,Widow,House / apartment,-22928.0,363452.0,1.0,0.0,0.0,0.0,,1.0,0
4263,5023762,F,N,Y,0,87784.21,Pensioner,Secondary / secondary special,Married,House / apartment,-22388.0,365724.0,1.0,0.0,1.0,0.0,,2.0,0
4264,5023763,F,N,Y,0,92178.35,Pensioner,Secondary / secondary special,Married,House / apartment,-22245.0,376379.0,1.0,0.0,1.0,0.0,,2.0,0
4265,5023764,F,N,Y,0,87907.48,Pensioner,Secondary / secondary special,Married,House / apartment,-21164.0,356383.0,1.0,0.0,1.0,0.0,,2.0,0
4266,5023765,F,N,Y,0,87793.04,Pensioner,Secondary / secondary special,Married,House / apartment,-22044.0,355949.0,1.0,0.0,1.0,0.0,,2.0,0
4267,5023766,F,N,Y,0,213005.32,Pensioner,Secondary / secondary special,Married,House / apartment,-22594.0,367125.0,1.0,0.0,1.0,0.0,,2.0,0
4268,5023767,F,N,Y,0,219912.09,Pensioner,Secondary / secondary special,Married,House / apartment,-22236.0,375417.0,1.0,0.0,1.0,0.0,,2.0,0
4269,5023768,F,N,Y,0,208876.69,Pensioner,Secondary / secondary special,Married,House / apartment,-21919.0,364975.0,1.0,0.0,1.0,0.0,,2.0,0
4270,5023770,F,N,Y,0,211420.83,Pensioner,Secondary / secondary special,Married,House / apartment,-22486.0,362566.0,1.0,0.0,1.0,0.0,,2.0,0
4271,5023771,M,N,Y,0,103034.68,Pensioner,Secondary / secondary special,Married,House / apartment,-24219.0,364691.0,1.0,0.0,0.0,0.0,,2.0,0
4272,5023774,M,N,Y,0,99611.7,Pensioner,Secondary / secondary special,Married,House / apartment,-24993.0,361339.0,1.0,0.0,0.0,0.0,,2.0,0
4273,5023776,M,Y,N,0,266724.33,Commercial associate,Higher education,Married,House / apartment,-12519.0,-1340.0,1.0,0.0,0.0,0.0,Laborers,2.0,0
4274,5023777,M,Y,N,0,262820.41,Commercial associate,Higher education,Married,House / apartment,-12860.0,-1408.0,1.0,0.0,0.0,0.0,Laborers,2.0,0
4275,5023778,M,Y,N,0,274778.23,Commercial associate,Higher education,Married,House / apartment,-12975.0,-1366.0,1.0,0.0,0.0,0.0,Laborers,2.0,0
4276,5023779,M,Y,N,0,269351.26,Commercial associate,Higher education,Married,House / apartment,-13094.0,-1442.0,1.0,0.0,0.0,0.0,Laborers,2.0,0
4277,5023780,F,N,Y,0,158990.67,Commercial associate,Higher education,Civil marriage,House / apartment,-17418.0,-1042.0,1.0,0.0,0.0,0.0,Accountants,2.0,0
4278,5023811,M,N,Y,0,198700.13,Commercial associate,Higher education,Married,With parents,-18683.0,-373.0,1.0,0.0,0.0,0.0,IT staff,2.0,0
4279,6641375,M,N,Y,0,202090.78,Commercial associate,Higher education,Married,With parents,-18441.0,-374.0,1.0,0.0,0.0,0.0,IT staff,2.0,0
4280,6641376,M,N,Y,0,195887.34,Commercial associate,Higher education,Married,With parents,-19233.0,-360.0,1.0,0.0,0.0,0.0,IT staff,2.0,0
4281,6790051,M,N,Y,0,205589.66,Commercial associate,Higher education,Married,With parents,-19319.0,-374.0,1.0,0.0,0.0,0.0,IT staff,2.0,0
4282,6790052,M,N,Y,0,202655.55,Commercial associate,Higher education,Married,With parents,-19493.0,-378.0,1.0,0.0,0.0,0.0,IT staff,2.0,0
4283,6790053,M,N,Y,0,194335.87,Commercial associate,Higher education,Married,With parents,-18488.0,-383.0,1.0,0.0,0.0,0.0,IT staff,2.0,0
4284,6790054,M,N,Y,0,204911.05,Commercial associate,Higher education,Married,With parents,-18606.0,-374.0,1.0,0.0,0.0,0.0,IT staff,2.0,0
4285,6790055,M,N,Y,0,200581.97,Commercial associate,Higher education,Married,With parents,-19020.0,-379.0,1.0,0.0,0.0,0.0,IT staff,2.0,0
4286,6790056,M,N,Y,0,208451.25,Commercial associate,Higher education,Married,With parents,-18839.0,-380.0,1.0,0.0,0.0,0.0,IT staff,2.0,0
4287,6790057,M,N,Y,0,200312.6,Commercial associate,Higher education,Married,With parents,-19841.0,-373.0,1.0,0.0,0.0,0.0,IT staff,2.0,0
4288,6790059,M,N,Y,0,202778.11,Commercial associate,Higher education,Married,With parents,-18502.0,-390.0,1.0,0.0,0.0,0.0,IT staff,2.0,0
4289,6790060,M,N,Y,0,202478.18,Commercial associate,Higher education,Married,With parents,-19217.0,-372.0,1.0,0.0,0.0,0.0,IT staff,2.0,0
4290,6790061,M,N,Y,0,194134.12,Commercial associate,Higher education,Married,With parents,-19332.0,-375.0,1.0,0.0,0.0,0.0,IT staff,2.0,0
4291,5023812,F,N,Y,1,202764.49,Working,Secondary / secondary special,Separated,House / apartment,-13687.0,-5302.0,1.0,0.0,0.0,0.0,Laborers,2.0,0
4292,6790085,F,N,Y,1,205522.26,Working,Secondary / secondary special,Separated,House / apartment,-13966.0,-5430.0,1.0,0.0,0.0,0.0,Laborers,2.0,0
4293,6790086,F,N,Y,1,199421.15,Working,Secondary / secondary special,Separated,House / apartment,-13847.0,-5380.0,1.0,0.0,0.0,0.0,Laborers,2.0,0
4294,5023813,F,Y,Y,0,408674.44,Commercial associate,Higher education,Civil marriage,House / apartment,-19205.0,-195.0,1.0,0.0,0.0,0.0,Accountants,2.0,0
4295,5552568,F,Y,Y,0,424421.43,Commercial associate,Higher education,Civil marriage,House / apartment,-19175.0,-201.0,1.0,0.0,0.0,0.0,Accountants,2.0,0
4296,5552569,F,Y,Y,0,416358.73,Commercial associate,Higher education,Civil marriage,House / apartment,-19539.0,-198.0,1.0,0.0,0.0,0.0,Accountants,2.0,0
4297,5552571,F,Y,Y,0,403537.41,Commercial associate,Higher education,Civil marriage,House / apartment,-19333.0,-196.0,1.0,0.0,0.0,0.0,Accountants,2.0,0
4298,5552572,F,Y,Y,0,406852.19,Commercial associate,Higher education,Civil marriage,House / apartment,-20622.0,-200.0,1.0,0.0,0.0,0.0,Accountants,2.0,0
4299,5552573,F,Y,Y,0,407002.22,Commercial associate,Higher education,Civil marriage,House / apartment,-20483.0,-202.0,1.0,0.0,0.0,0.0,Accountants,2.0,0
4300,6641301,F,Y,Y,0,406402.86,Commercial associate,Higher education,Civil marriage,House / apartment,-19782.0,-191.0,1.0,0.0,0.0,0.0,Accountants,2.0,0
4301,5023814,M,Y,N,0,176492.65,Commercial associate,Higher education,Married,House / apartment,-19405.0,-1258.0,1.0,0.0,0.0,0.0,,2.0,0
4302,5552032,M,Y,N,0,168246.07,Commercial associate,Higher education,Married,House / apartment,-18847.0,-1323.0,1.0,0.0,0.0,0.0,,2.0,0
4303,5552033,M,Y,N,0,181927.1,Commercial associate,Higher education,Married,House / apartment,-18274.0,-1329.0,1.0,0.0,0.0,0.0,,2.0,0
4304,5552034,M,Y,N,0,181954.88,Commercial associate,Higher education,Married,House / apartment,-18671.0,-1297.0,1.0,0.0,0.0,0.0,,2.0,0
4305,6641419,M,Y,N,0,176253.4,Commercial associate,Higher education,Married,House / apartment,-18831.0,-1339.0,1.0,0.0,0.0,0.0,,2.0,0
4306,5023816,F,Y,Y,1,225392.27,Commercial associate,Higher education,Married,House / apartment,-16981.0,-803.0,1.0,1.0,1.0,0.0,Managers,3.0,0
4307,6790240,F,Y,Y,1,222013.27,Commercial associate,Higher education,Married,House / apartment,-17026.0,-825.0,1.0,1.0,1.0,0.0,Managers,3.0,0
4308,6790243,F,Y,Y,1,226362.84,Commercial associate,Higher education,Married,House / apartment,-17199.0,-820.0,1.0,1.0,1.0,0.0,Managers,3.0,0
4309,6790244,F,Y,Y,1,227792.82,Commercial associate,Higher education,Married,House / apartment,-17252.0,-808.0,1.0,1.0,1.0,0.0,Managers,3.0,0
4310,6790245,F,Y,Y,1,221768.23,Commercial associate,Higher education,Married,House / apartment,-16947.0,-806.0,1.0,1.0,1.0,0.0,Managers,3.0,0
4311,5023819,M,Y,Y,0,135192.37,Commercial associate,Secondary / secondary special,Civil marriage,House / apartment,-14660.0,-1724.0,1.0,1.0,1.0,0.0,Core staff,2.0,0
4312,5552082,M,Y,Y,0,134207.28,Commercial associate,Secondary / secondary special,Civil marriage,House / apartment,-15031.0,-1791.0,1.0,1.0,1.0,0.0,Core staff,2.0,0
4313,5552083,M,Y,Y,0,133984.57,Commercial associate,Secondary / secondary special,Civil marriage,House / apartment,-15460.0,-1754.0,1.0,1.0,1.0,0.0,Core staff,2.0,0
4314,5552084,M,Y,Y,0,138113.21,Commercial associate,Secondary / secondary special,Civil marriage,House / apartment,-15303.0,-1697.0,1.0,1.0,1.0,0.0,Core staff,2.0,0
4315,6641361,M,Y,Y,0,133632.57,Commercial associate,Secondary / secondary special,Civil marriage,House / apartment,-14846.0,-1807.0,1.0,1.0,1.0,0.0,Core staff,2.0,0
4316,6641362,M,Y,Y,0,134194.1,Commercial associate,Secondary / secondary special,Civil marriage,House / apartment,-15604.0,-1807.0,1.0,1.0,1.0,0.0,Core staff,2.0,0
4317,5023820,F,N,N,0,118842.99,Working,Secondary / secondary special,Married,House / apartment,-17911.0,-707.0,1.0,0.0,1.0,0.0,Medicine staff,2.0,0
4318,6790254,F,N,N,0,113235.84,Working,Secondary / secondary special,Married,House / apartment,-16583.0,-702.0,1.0,0.0,1.0,0.0,Medicine staff,2.0,0
4319,6790255,F,N,N,0,109329.86,Working,Secondary / secondary special,Married,House / apartment,-17417.0,-721.0,1.0,0.0,1.0,0.0,Medicine staff,2.0,0
4320,6790257,F,N,N,0,110024.71,Working,Secondary / secondary special,Married,House / apartment,-16822.0,-703.0,1.0,0.0,1.0,0.0,Medicine staff,2.0,0
4321,6790258,F,N,N,0,109175.56,Working,Secondary / secondary special,Married,House / apartment,-16878.0,-707.0,1.0,0.0,1.0,0.0,Medicine staff,2.0,0
4322,5023821,F,Y,Y,0,178219.31,Commercial associate,Secondary / secondary special,Married,House / apartment,-22373.0,-3311.0,1.0,0.0,0.0,0.0,,2.0,1
4323,6790268,F,Y,Y,0,178469.15,Commercial associate,Secondary / secondary special,Married,House / apartment,-22598.0,-3178.0,1.0,0.0,0.0,0.0,,2.0,1
4324,6790271,F,Y,Y,0,180652.51,Commercial associate,Secondary / secondary special,Married,House / apartment,-23459.0,-3180.0,1.0,0.0,0.0,0.0,,2.0,1
4325,6790272,F,Y,Y,0,183962.82,Commercial associate,Secondary / secondary special,Married,House / apartment,-22165.0,-3187.0,1.0,0.0,0.0,0.0,,2.0,0
4326,5023824,F,N,N,1,222848.83,Working,Secondary / secondary special,Married,House / apartment,-12706.0,-4069.0,1.0,0.0,0.0,0.0,Sales staff,3.0,0
4327,5552161,F,N,N,1,216476.13,Working,Secondary / secondary special,Married,House / apartment,-12646.0,-4016.0,1.0,0.0,0.0,0.0,Sales staff,3.0,0
4328,5552162,F,N,N,1,213948.46,Working,Secondary / secondary special,Married,House / apartment,-12813.0,-4246.0,1.0,0.0,0.0,0.0,Sales staff,3.0,0
4329,5552163,F,N,N,1,215623.33,Working,Secondary / secondary special,Married,House / apartment,-12841.0,-4035.0,1.0,0.0,0.0,0.0,Sales staff,3.0,0
4330,5552164,F,N,N,1,207861.37,Working,Secondary / secondary special,Married,House / apartment,-13108.0,-4169.0,1.0,0.0,0.0,0.0,Sales staff,3.0,0
4331,5552165,F,N,N,1,210674.06,Working,Secondary / secondary special,Married,House / apartment,-12761.0,-4059.0,1.0,0.0,0.0,0.0,Sales staff,3.0,0
4332,5552166,F,N,N,1,214796.68,Working,Secondary / secondary special,Married,House / apartment,-13238.0,-4092.0,1.0,0.0,0.0,0.0,Sales staff,3.0,0
4333,5552168,F,N,N,1,217575.71,Working,Secondary / secondary special,Married,House / apartment,-12964.0,-4137.0,1.0,0.0,0.0,0.0,Sales staff,3.0,0
4334,5552169,F,N,N,1,225517.29,Working,Secondary / secondary special,Married,House / apartment,-12726.0,-4100.0,1.0,0.0,0.0,0.0,Sales staff,3.0,0
4335,5552170,F,N,N,1,208547.47,Working,Secondary / secondary special,Married,House / apartment,-12779.0,-3898.0,1.0,0.0,0.0,0.0,Sales staff,3.0,0
4336,5552171,F,N,N,1,208414.33,Working,Secondary / secondary special,Married,House / apartment,-13072.0,-4081.0,1.0,0.0,0.0,0.0,Sales staff,3.0,0
4337,5552172,F,N,N,1,213361.84,Working,Secondary / secondary special,Married,House / apartment,-12444.0,-4084.0,1.0,0.0,0.0,0.0,Sales staff,3.0,0
4338,6641317,F,N,N,1,219034.56,Working,Secondary / secondary special,Married,House / apartment,-13014.0,-4128.0,1.0,0.0,0.0,0.0,Sales staff,3.0,0
4339,6641318,F,N,N,1,217095.51,Working,Secondary / secondary special,Married,House / apartment,-12942.0,-4046.0,1.0,0.0,0.0,0.0,Sales staff,3.0,0
4340,5023825,M,Y,Y,1,252436.73,State servant,Higher education,Married,House / apartment,-12688.0,-4610.0,1.0,0.0,0.0,0.0,Core staff,3.0,0
4341,6790359,M,Y,Y,1,244816.97,State servant,Higher education,Married,House / apartment,-12665.0,-4609.0,1.0,0.0,0.0,0.0,Core staff,3.0,0
4342,6790360,M,Y,Y,1,243685.13,State servant,Higher education,Married,House / apartment,-12858.0,-4637.0,1.0,0.0,0.0,0.0,Core staff,3.0,0
4343,5023827,F,Y,Y,0,294452.13,Working,Incomplete higher,Married,House / apartment,-14433.0,-2545.0,1.0,0.0,0.0,0.0,Core staff,2.0,0
4344,5552235,F,Y,Y,0,294743.19,Working,Incomplete higher,Married,House / apartment,-14099.0,-2501.0,1.0,0.0,0.0,0.0,Core staff,2.0,0
4345,5552237,F,Y,Y,0,287685.41,Working,Incomplete higher,Married,House / apartment,-14123.0,-2525.0,1.0,0.0,0.0,0.0,Core staff,2.0,0
4346,5552238,F,Y,Y,0,292979.58,Working,Incomplete higher,Married,House / apartment,-13995.0,-2466.0,1.0,0.0,0.0,0.0,Core staff,2.0,0
4347,5552241,F,Y,Y,0,284715.59,Working,Incomplete higher,Married,House / apartment,-14067.0,-2551.0,1.0,0.0,0.0,0.0,Core staff,2.0,0
4348,5552242,F,Y,Y,0,296161.05,Working,Incomplete higher,Married,House / apartment,-14722.0,-2505.0,1.0,0.0,0.0,0.0,Core staff,2.0,0
4349,5552243,F,Y,Y,0,302955.28,Working,Incomplete higher,Married,House / apartment,-14709.0,-2488.0,1.0,0.0,0.0,0.0,Core staff,2.0,0
4350,5023830,F,N,Y,1,131359.26,State servant,Secondary / secondary special,Separated,House / apartment,-11509.0,-1666.0,1.0,0.0,0.0,0.0,,2.0,0
4351,6641471,F,N,Y,1,134275.35,State servant,Secondary / secondary special,Separated,House / apartment,-11461.0,-1727.0,1.0,0.0,0.0,0.0,,2.0,0
4352,6764159,F,N,Y,1,136871.11,State servant,Secondary / secondary special,Separated,House / apartment,-11810.0,-1666.0,1.0,0.0,0.0,0.0,,2.0,0
4353,6764160,F,N,Y,1,138865.91,State servant,Secondary / secondary special,Separated,House / apartment,-11897.0,-1650.0,1.0,0.0,0.0,0.0,,2.0,0
4354,6764161,F,N,Y,1,134725.55,State servant,Secondary / secondary special,Separated,House / apartment,-12077.0,-1674.0,1.0,0.0,0.0,0.0,,2.0,0
4355,6764162,F,N,Y,1,133059.14,State servant,Secondary / secondary special,Separated,House / apartment,-11415.0,-1732.0,1.0,0.0,0.0,0.0,,2.0,0
4356,6641445,F,N,Y,2,114280.37,Commercial associate,Secondary / secondary special,Married,House / apartment,-12039.0,-914.0,1.0,0.0,0.0,0.0,Sales staff,4.0,0
4357,6790404,F,N,Y,2,114870.09,Commercial associate,Secondary / secondary special,Married,House / apartment,-12294.0,-947.0,1.0,0.0,0.0,0.0,Sales staff,4.0,0
4358,6790405,F,N,Y,2,113332.87,Commercial associate,Secondary / secondary special,Married,House / apartment,-12125.0,-914.0,1.0,0.0,0.0,0.0,Sales staff,4.0,0
4359,6790408,F,N,Y,2,116250.2,Commercial associate,Secondary / secondary special,Married,House / apartment,-12138.0,-946.0,1.0,0.0,0.0,0.0,Sales staff,4.0,0
4360,6790410,F,N,Y,2,117891.63,Commercial associate,Secondary / secondary special,Married,House / apartment,-12008.0,-953.0,1.0,0.0,0.0,0.0,Sales staff,4.0,0
4361,6790411,F,N,Y,2,113168.31,Commercial associate,Secondary / secondary special,Married,House / apartment,-12210.0,-938.0,1.0,0.0,0.0,0.0,Sales staff,4.0,0
4362,6790416,F,N,Y,2,111983.93,Commercial associate,Secondary / secondary special,Married,House / apartment,-11979.0,-929.0,1.0,0.0,0.0,0.0,Sales staff,4.0,0
4363,5023832,F,N,Y,0,109302.91,Working,Secondary / secondary special,Married,House / apartment,-17430.0,-10525.0,1.0,0.0,1.0,0.0,Laborers,2.0,0
4364,6790417,F,N,Y,0,110245.19,Working,Secondary / secondary special,Married,House / apartment,-17009.0,-10539.0,1.0,0.0,1.0,0.0,Laborers,2.0,0
4365,6790418,F,N,Y,0,110537.51,Working,Secondary / secondary special,Married,House / apartment,-17019.0,-10259.0,1.0,0.0,1.0,0.0,Laborers,2.0,0
4366,6790420,F,N,Y,0,112591.44,Working,Secondary / secondary special,Married,House / apartment,-16509.0,-10485.0,1.0,0.0,1.0,0.0,Laborers,2.0,0
4367,6790422,F,N,Y,0,113106.43,Working,Secondary / secondary special,Married,House / apartment,-17530.0,-10320.0,1.0,0.0,1.0,0.0,Laborers,2.0,0
4368,6790423,F,N,Y,0,114424.29,Working,Secondary / secondary special,Married,House / apartment,-17236.0,-10454.0,1.0,0.0,1.0,0.0,Laborers,2.0,0
4369,6790424,F,N,Y,0,117029.4,Working,Secondary / secondary special,Married,House / apartment,-16402.0,-10347.0,1.0,0.0,1.0,0.0,Laborers,2.0,0
4370,5023833,F,N,Y,0,537483.64,Commercial associate,Secondary / secondary special,Married,House / apartment,-19677.0,-1469.0,1.0,0.0,1.0,0.0,Managers,2.0,0
4371,6790425,F,N,Y,0,542415.27,Commercial associate,Secondary / secondary special,Married,House / apartment,-18954.0,-1452.0,1.0,0.0,1.0,0.0,Managers,2.0,0
4372,6790426,F,N,Y,0,543508.18,Commercial associate,Secondary / secondary special,Married,House / apartment,-19512.0,-1399.0,1.0,0.0,1.0,0.0,Managers,2.0,0
4373,6790427,F,N,Y,0,555028.18,Commercial associate,Secondary / secondary special,Married,House / apartment,-18408.0,-1428.0,1.0,0.0,1.0,0.0,Managers,2.0,0
4374,6790428,F,N,Y,0,567972.42,Commercial associate,Secondary / secondary special,Married,House / apartment,-18868.0,-1453.0,1.0,0.0,1.0,0.0,Managers,2.0,0
4375,6790431,F,N,Y,0,543600.76,Commercial associate,Secondary / secondary special,Married,House / apartment,-18710.0,-1424.0,1.0,0.0,1.0,0.0,Managers,2.0,0
4376,6790432,F,N,Y,0,523976.56,Commercial associate,Secondary / secondary special,Married,House / apartment,-19836.0,-1464.0,1.0,0.0,1.0,0.0,Managers,2.0,0
4377,6790434,F,N,Y,0,540702.63,Commercial associate,Secondary / secondary special,Married,House / apartment,-18516.0,-1448.0,1.0,0.0,1.0,0.0,Managers,2.0,0
4378,6790436,F,N,Y,0,534145.06,Commercial associate,Secondary / secondary special,Married,House / apartment,-18895.0,-1466.0,1.0,0.0,1.0,0.0,Managers,2.0,0
4379,6790437,F,N,Y,0,536116.58,Commercial associate,Secondary / secondary special,Married,House / apartment,-19766.0,-1497.0,1.0,0.0,1.0,0.0,Managers,2.0,0
4380,5023834,M,N,N,1,111941.97,Working,Secondary / secondary special,Married,House / apartment,-13699.0,-1918.0,1.0,0.0,0.0,0.0,High skill tech staff,3.0,0
4381,5552280,M,N,N,1,111133.68,Working,Secondary / secondary special,Married,House / apartment,-13801.0,-1988.0,1.0,0.0,0.0,0.0,High skill tech staff,3.0,0
4382,5552281,M,N,N,1,111620.62,Working,Secondary / secondary special,Married,House / apartment,-13707.0,-1889.0,1.0,0.0,0.0,0.0,High skill tech staff,3.0,0
4383,5552282,M,N,N,1,114941.63,Working,Secondary / secondary special,Married,House / apartment,-13971.0,-1938.0,1.0,0.0,0.0,0.0,High skill tech staff,3.0,0
4384,5552283,M,N,N,1,111356.35,Working,Secondary / secondary special,Married,House / apartment,-14133.0,-1932.0,1.0,0.0,0.0,0.0,High skill tech staff,3.0,0
4385,5023836,F,N,Y,0,132795.62,Commercial associate,Secondary / secondary special,Widow,House / apartment,-19773.0,-2263.0,1.0,0.0,0.0,0.0,Accountants,1.0,0
4386,5552300,F,N,Y,0,140648.83,Commercial associate,Secondary / secondary special,Widow,House / apartment,-19496.0,-2206.0,1.0,0.0,0.0,0.0,Accountants,1.0,0
4387,5023837,F,N,Y,0,116935.26,State servant,Secondary / secondary special,Married,House / apartment,-19818.0,-6341.0,1.0,0.0,0.0,0.0,,2.0,0
4388,5508815,F,N,Y,0,113953.9,State servant,Secondary / secondary special,Married,House / apartment,-20684.0,-6370.0,1.0,0.0,0.0,0.0,,2.0,0
4389,5508817,F,N,Y,0,110014.18,State servant,Secondary / secondary special,Married,House / apartment,-20226.0,-6637.0,1.0,0.0,0.0,0.0,,2.0,0
4390,5508818,F,N,Y,0,113631.07,State servant,Secondary / secondary special,Married,House / apartment,-20379.0,-6688.0,1.0,0.0,0.0,0.0,,2.0,0
4391,5508819,F,N,Y,0,112961.78,State servant,Secondary / secondary special,Married,House / apartment,-19775.0,-6566.0,1.0,0.0,0.0,0.0,,2.0,0
4392,5508820,F,N,Y,0,112612.54,State servant,Secondary / secondary special,Married,House / apartment,-19599.0,-6847.0,1.0,0.0,0.0,0.0,,2.0,0
4393,6641382,F,N,Y,0,116421.27,State servant,Secondary / secondary special,Married,House / apartment,-20400.0,-6356.0,1.0,0.0,0.0,0.0,,2.0,0
4394,5023838,F,Y,N,0,328603.16,Commercial associate,Secondary / secondary special,Civil marriage,House / apartment,-19654.0,-1049.0,1.0,0.0,1.0,0.0,Core staff,2.0,0
4395,5508842,F,Y,N,0,312469.44,Commercial associate,Secondary / secondary special,Civil marriage,House / apartment,-19751.0,-1090.0,1.0,0.0,1.0,0.0,Core staff,2.0,0
4396,6641417,F,Y,N,0,305994.64,Commercial associate,Secondary / secondary special,Civil marriage,House / apartment,-19069.0,-1061.0,1.0,0.0,1.0,0.0,Core staff,2.0,0
4397,6641418,F,Y,N,0,321288.43,Commercial associate,Secondary / secondary special,Civil marriage,House / apartment,-20133.0,-1075.0,1.0,0.0,1.0,0.0,Core staff,2.0,0
4398,5023839,M,Y,Y,1,227009.77,Commercial associate,Secondary / secondary special,Married,House / apartment,-14407.0,-138.0,1.0,0.0,0.0,0.0,Drivers,3.0,0
4399,5552311,M,Y,Y,1,217461.23,Commercial associate,Secondary / secondary special,Married,House / apartment,-14314.0,-134.0,1.0,0.0,0.0,0.0,Drivers,3.0,0
4400,5552313,M,Y,Y,1,219919.97,Commercial associate,Secondary / secondary special,Married,House / apartment,-14310.0,-127.0,1.0,0.0,0.0,0.0,Drivers,3.0,0
4401,5552314,M,Y,Y,1,210979.76,Commercial associate,Secondary / secondary special,Married,House / apartment,-14403.0,-130.0,1.0,0.0,0.0,0.0,Drivers,3.0,0
4402,5552318,M,Y,Y,1,218750.88,Commercial associate,Secondary / secondary special,Married,House / apartment,-14102.0,-134.0,1.0,0.0,0.0,0.0,Drivers,3.0,0
4403,5552319,M,Y,Y,1,225080.51,Commercial associate,Secondary / secondary special,Married,House / apartment,-14233.0,-132.0,1.0,0.0,0.0,0.0,Drivers,3.0,0
4404,5552320,M,Y,Y,1,221874.54,Commercial associate,Secondary / secondary special,Married,House / apartment,-14239.0,-136.0,1.0,0.0,0.0,0.0,Drivers,3.0,0
4405,5552321,M,Y,Y,1,220889.26,Commercial associate,Secondary / secondary special,Married,House / apartment,-14501.0,-137.0,1.0,0.0,0.0,0.0,Drivers,3.0,0
4406,5552322,M,Y,Y,1,220891.66,Commercial associate,Secondary / secondary special,Married,House / apartment,-15354.0,-138.0,1.0,0.0,0.0,0.0,Drivers,3.0,0
4407,5552323,M,Y,Y,1,225009.26,Commercial associate,Secondary / secondary special,Married,House / apartment,-14390.0,-134.0,1.0,0.0,0.0,0.0,Drivers,3.0,0
4408,5552324,M,Y,Y,1,218431.89,Commercial associate,Secondary / secondary special,Married,House / apartment,-14430.0,-136.0,1.0,0.0,0.0,0.0,Drivers,3.0,0
4409,6641338,M,Y,Y,1,215164.89,Commercial associate,Secondary / secondary special,Married,House / apartment,-14755.0,-128.0,1.0,0.0,0.0,0.0,Drivers,3.0,0
4410,5023841,F,Y,Y,0,183862.53,State servant,Higher education,Married,House / apartment,-15074.0,-2292.0,1.0,0.0,0.0,0.0,High skill tech staff,2.0,0
4411,5552362,F,Y,Y,0,190363.03,State servant,Higher education,Married,House / apartment,-14826.0,-2314.0,1.0,0.0,0.0,0.0,High skill tech staff,2.0,0
4412,5552363,F,Y,Y,0,186633.21,State servant,Higher education,Married,House / apartment,-14378.0,-2398.0,1.0,0.0,0.0,0.0,High skill tech staff,2.0,0
4413,5552364,F,Y,Y,0,180020.03,State servant,Higher education,Married,House / apartment,-15089.0,-2274.0,1.0,0.0,0.0,0.0,High skill tech staff,2.0,0
4414,5552365,F,Y,Y,0,178194.59,State servant,Higher education,Married,House / apartment,-14652.0,-2349.0,1.0,0.0,0.0,0.0,High skill tech staff,2.0,0
4415,5552366,F,Y,Y,0,184936.86,State servant,Higher education,Married,House / apartment,-14401.0,-2326.0,1.0,0.0,0.0,0.0,High skill tech staff,2.0,0
4416,5552369,F,Y,Y,0,181385.37,State servant,Higher education,Married,House / apartment,-14938.0,-2256.0,1.0,0.0,0.0,0.0,High skill tech staff,2.0,0
4417,5552371,F,Y,Y,0,174800.11,State servant,Higher education,Married,House / apartment,-14227.0,-2259.0,1.0,0.0,0.0,0.0,High skill tech staff,2.0,0
4418,5552372,F,Y,Y,0,184645.11,State servant,Higher education,Married,House / apartment,-14921.0,-2308.0,1.0,0.0,0.0,0.0,High skill tech staff,2.0,0
4419,5552373,F,Y,Y,0,181562.02,State servant,Higher education,Married,House / apartment,-14620.0,-2289.0,1.0,0.0,0.0,0.0,High skill tech staff,2.0,0
4420,5552374,F,Y,Y,0,176387.63,State servant,Higher education,Married,House / apartment,-14370.0,-2248.0,1.0,0.0,0.0,0.0,High skill tech staff,2.0,0
4421,5552376,F,Y,Y,0,175394.22,State servant,Higher education,Married,House / apartment,-14975.0,-2283.0,1.0,0.0,0.0,0.0,High skill tech staff,2.0,0
4422,5552377,F,Y,Y,0,180009.29,State servant,Higher education,Married,House / apartment,-14687.0,-2210.0,1.0,0.0,0.0,0.0,High skill tech staff,2.0,0
4423,5023842,F,N,Y,0,280774.63,Commercial associate,Secondary / secondary special,Single / not married,House / apartment,-19531.0,-930.0,1.0,1.0,0.0,0.0,Medicine staff,1.0,0
4424,6789882,F,N,Y,0,289205.9,Commercial associate,Secondary / secondary special,Single / not married,House / apartment,-19986.0,-931.0,1.0,1.0,0.0,0.0,Medicine staff,1.0,0
4425,6789885,F,N,Y,0,294988.97,Commercial associate,Secondary / secondary special,Single / not married,House / apartment,-19681.0,-924.0,1.0,1.0,0.0,0.0,Medicine staff,1.0,0
4426,6789886,F,N,Y,0,296298.55,Commercial associate,Secondary / secondary special,Single / not married,House / apartment,-20039.0,-902.0,1.0,1.0,0.0,0.0,Medicine staff,1.0,0
4427,5023843,F,Y,Y,0,86827.5,Commercial associate,Secondary / secondary special,Married,House / apartment,-17522.0,-1653.0,1.0,0.0,0.0,0.0,Sales staff,2.0,0
4428,5508881,F,Y,Y,0,90834.48,Commercial associate,Secondary / secondary special,Married,House / apartment,-16816.0,-1584.0,1.0,0.0,0.0,0.0,Sales staff,2.0,0
4429,5508882,F,Y,Y,0,87823.45,Commercial associate,Secondary / secondary special,Married,House / apartment,-17117.0,-1629.0,1.0,0.0,0.0,0.0,Sales staff,2.0,0
4430,5023844,F,N,Y,1,120217.0,Working,Secondary / secondary special,Married,House / apartment,-17177.0,-3501.0,1.0,0.0,1.0,0.0,Laborers,3.0,0
4431,6789931,F,N,Y,1,117403.86,Working,Secondary / secondary special,Married,House / apartment,-17325.0,-3431.0,1.0,0.0,1.0,0.0,Laborers,3.0,0
4432,6789932,F,N,Y,1,126053.11,Working,Secondary / secondary special,Married,House / apartment,-16853.0,-3393.0,1.0,0.0,1.0,0.0,Laborers,3.0,0
4433,6789933,F,N,Y,1,124027.38,Working,Secondary / secondary special,Married,House / apartment,-17328.0,-3522.0,1.0,0.0,1.0,0.0,Laborers,3.0,0
4434,6789934,F,N,Y,1,119945.35,Working,Secondary / secondary special,Married,House / apartment,-17719.0,-3424.0,1.0,0.0,1.0,0.0,Laborers,3.0,0
4435,6789935,F,N,Y,1,126653.44,Working,Secondary / secondary special,Married,House / apartment,-16894.0,-3453.0,1.0,0.0,1.0,0.0,Laborers,3.0,0
4436,6789936,F,N,Y,1,119303.58,Working,Secondary / secondary special,Married,House / apartment,-16930.0,-3396.0,1.0,0.0,1.0,0.0,Laborers,3.0,0
4437,6789937,F,N,Y,1,120874.3,Working,Secondary / secondary special,Married,House / apartment,-16795.0,-3496.0,1.0,0.0,1.0,0.0,Laborers,3.0,0
4438,5023845,M,N,Y,1,147470.83,Working,Secondary / secondary special,Married,House / apartment,-13872.0,-2681.0,1.0,0.0,0.0,0.0,Laborers,3.0,0
4439,6789955,M,N,Y,1,143301.54,Working,Secondary / secondary special,Married,House / apartment,-13933.0,-2873.0,1.0,0.0,0.0,0.0,Laborers,3.0,0
4440,6789956,M,N,Y,1,142626.33,Working,Secondary / secondary special,Married,House / apartment,-13852.0,-2731.0,1.0,0.0,0.0,0.0,Laborers,3.0,0
4441,6789957,M,N,Y,1,146169.3,Working,Secondary / secondary special,Married,House / apartment,-13988.0,-2868.0,1.0,0.0,0.0,0.0,Laborers,3.0,0
4442,6789958,M,N,Y,1,146881.3,Working,Secondary / secondary special,Married,House / apartment,-13731.0,-2804.0,1.0,0.0,0.0,0.0,Laborers,3.0,0
4443,5023846,M,Y,Y,0,413965.95,Working,Higher education,Married,House / apartment,-20542.0,-2741.0,1.0,0.0,1.0,0.0,Laborers,2.0,1
4444,5508914,M,Y,Y,0,407191.82,Working,Higher education,Married,House / apartment,-20525.0,-2623.0,1.0,0.0,1.0,0.0,Laborers,2.0,1
4445,5508915,M,Y,Y,0,401962.06,Working,Higher education,Married,House / apartment,-20838.0,-2677.0,1.0,0.0,1.0,0.0,Laborers,2.0,1
4446,5023848,M,N,Y,0,48470.19,Working,Secondary / secondary special,Single / not married,House / apartment,-12464.0,-3429.0,1.0,1.0,1.0,0.0,Security staff,1.0,0
4447,6789991,M,N,Y,0,50857.67,Working,Secondary / secondary special,Single / not married,House / apartment,-12044.0,-3450.0,1.0,1.0,1.0,0.0,Security staff,1.0,0
4448,5023849,M,N,Y,2,177998.87,Working,Secondary / secondary special,Civil marriage,House / apartment,-13994.0,-958.0,1.0,1.0,1.0,0.0,Core staff,4.0,0
4449,6641442,M,N,Y,2,180776.33,Working,Secondary / secondary special,Civil marriage,House / apartment,-13527.0,-1005.0,1.0,1.0,1.0,0.0,Core staff,4.0,0
4450,6641443,M,N,Y,2,180695.63,Working,Secondary / secondary special,Civil marriage,House / apartment,-14449.0,-986.0,1.0,1.0,1.0,0.0,Core staff,4.0,0
4451,6790022,M,N,Y,2,181806.0,Working,Secondary / secondary special,Civil marriage,House / apartment,-14669.0,-972.0,1.0,1.0,1.0,0.0,Core staff,4.0,0
4452,6790023,M,N,Y,2,184434.14,Working,Secondary / secondary special,Civil marriage,House / apartment,-14023.0,-941.0,1.0,1.0,1.0,0.0,Core staff,4.0,0
4453,6790024,M,N,Y,2,175370.85,Working,Secondary / secondary special,Civil marriage,House / apartment,-13858.0,-1008.0,1.0,1.0,1.0,0.0,Core staff,4.0,0
4454,5023851,F,N,N,1,137715.76,Working,Secondary / secondary special,Single / not married,House / apartment,-14121.0,-1206.0,1.0,0.0,0.0,0.0,Sales staff,2.0,0
4455,5023856,F,Y,Y,0,453685.06,State servant,Higher education,Married,House / apartment,-19835.0,-5288.0,1.0,0.0,0.0,0.0,,2.0,0
4456,5023858,F,Y,Y,0,444093.15,State servant,Higher education,Married,House / apartment,-19032.0,-5366.0,1.0,0.0,0.0,0.0,,2.0,1
4457,5023859,F,Y,Y,0,447535.39,State servant,Higher education,Married,House / apartment,-19819.0,-5447.0,1.0,0.0,0.0,0.0,,2.0,1
4458,5023860,F,Y,Y,0,454871.58,State servant,Higher education,Married,House / apartment,-19964.0,-5315.0,1.0,0.0,0.0,0.0,,2.0,0
4459,5794717,F,Y,Y,0,445472.86,State servant,Higher education,Married,House / apartment,-19483.0,-5555.0,1.0,0.0,0.0,0.0,,2.0,1
4460,5023862,F,N,Y,0,111771.83,Working,Secondary / secondary special,Married,House / apartment,-17999.0,-2767.0,1.0,0.0,1.0,0.0,Sales staff,2.0,0
4461,5023863,F,N,Y,0,109935.27,Working,Secondary / secondary special,Married,House / apartment,-17927.0,-2866.0,1.0,0.0,1.0,0.0,Sales staff,2.0,0
4462,5023864,F,N,Y,0,113838.52,Working,Secondary / secondary special,Married,House / apartment,-18155.0,-2804.0,1.0,0.0,1.0,0.0,Sales staff,2.0,0
4463,5023865,F,N,Y,0,111140.99,Working,Secondary / secondary special,Married,House / apartment,-18389.0,-2671.0,1.0,0.0,1.0,0.0,Sales staff,2.0,0
4464,5023866,F,N,Y,0,112433.02,Working,Secondary / secondary special,Married,House / apartment,-18046.0,-2694.0,1.0,0.0,1.0,0.0,Sales staff,2.0,0
4465,5023867,F,N,Y,0,109279.69,Working,Secondary / secondary special,Married,House / apartment,-18093.0,-2789.0,1.0,0.0,1.0,0.0,Sales staff,2.0,0
4466,5023870,F,N,Y,0,178249.27,Commercial associate,Secondary / secondary special,Single / not married,House / apartment,-19167.0,-1678.0,1.0,1.0,0.0,0.0,Managers,1.0,0
4467,5023872,F,N,Y,0,177432.82,Commercial associate,Secondary / secondary special,Single / not married,House / apartment,-18453.0,-1626.0,1.0,1.0,0.0,0.0,Managers,1.0,0
4468,5023873,F,N,Y,0,180276.49,Commercial associate,Secondary / secondary special,Single / not married,House / apartment,-18957.0,-1664.0,1.0,1.0,0.0,0.0,Managers,1.0,0
4469,5023874,F,N,Y,0,176056.93,Commercial associate,Secondary / secondary special,Single / not married,House / apartment,-18379.0,-1681.0,1.0,1.0,0.0,0.0,Managers,1.0,0
4470,5023875,F,N,Y,0,182313.52,Commercial associate,Secondary / secondary special,Single / not married,House / apartment,-19275.0,-1638.0,1.0,1.0,0.0,0.0,Managers,1.0,1
4471,5794744,F,N,Y,0,180957.7,Commercial associate,Secondary / secondary special,Single / not married,House / apartment,-19358.0,-1718.0,1.0,1.0,0.0,0.0,Managers,1.0,1
4472,5794745,F,N,Y,0,177708.95,Commercial associate,Secondary / secondary special,Single / not married,House / apartment,-18765.0,-1617.0,1.0,1.0,0.0,0.0,Managers,1.0,1
4473,5023876,F,N,Y,0,352829.18,Pensioner,Higher education,Married,House / apartment,-23321.0,381202.0,1.0,0.0,1.0,0.0,,2.0,0
4474,5023877,F,N,Y,0,359098.99,Pensioner,Higher education,Married,House / apartment,-23655.0,355192.0,1.0,0.0,1.0,0.0,,2.0,0
4475,5023878,F,N,Y,0,360600.48,Pensioner,Higher education,Married,House / apartment,-22418.0,365235.0,1.0,0.0,1.0,0.0,,2.0,0
4476,5023879,F,N,Y,0,364688.5,Pensioner,Higher education,Married,House / apartment,-23198.0,367025.0,1.0,0.0,1.0,0.0,,2.0,0
4477,5023880,F,N,Y,0,356987.12,Pensioner,Higher education,Married,House / apartment,-22498.0,362225.0,1.0,0.0,1.0,0.0,,2.0,0
4478,5794746,F,N,Y,0,368306.88,Pensioner,Higher education,Married,House / apartment,-22335.0,361949.0,1.0,0.0,1.0,0.0,,2.0,0
4479,5023882,F,N,N,0,134024.91,Pensioner,Secondary / secondary special,Married,House / apartment,-21369.0,373970.0,1.0,0.0,0.0,0.0,,2.0,0
4480,5023883,F,N,N,0,135026.88,Pensioner,Secondary / secondary special,Married,House / apartment,-21221.0,364166.0,1.0,0.0,0.0,0.0,,2.0,0
4481,5023885,F,N,N,0,130416.14,Pensioner,Secondary / secondary special,Married,House / apartment,-21609.0,370864.0,1.0,0.0,0.0,0.0,,2.0,0
4482,5023890,F,N,Y,0,184478.2,Working,Secondary / secondary special,Separated,House / apartment,-17859.0,-93.0,1.0,1.0,1.0,0.0,,1.0,0
4483,5794768,F,N,Y,0,196367.4,Working,Secondary / secondary special,Separated,House / apartment,-17045.0,-94.0,1.0,1.0,1.0,0.0,,1.0,0
4484,5023891,F,N,Y,2,90604.27,Working,Higher education,Married,House / apartment,-12082.0,-468.0,1.0,0.0,0.0,0.0,,4.0,0
4485,5023892,F,N,Y,2,85799.16,Working,Higher education,Married,House / apartment,-12358.0,-449.0,1.0,0.0,0.0,0.0,,4.0,0
4486,5023895,F,N,Y,2,86251.32,Working,Higher education,Married,House / apartment,-12024.0,-457.0,1.0,0.0,0.0,0.0,,4.0,0
4487,5794796,F,N,Y,2,87107.89,Working,Higher education,Married,House / apartment,-11971.0,-449.0,1.0,0.0,0.0,0.0,,4.0,0
4488,5023896,F,N,N,1,91451.4,Pensioner,Secondary / secondary special,Married,House / apartment,-18266.0,369391.0,1.0,0.0,0.0,0.0,,3.0,0
4489,5023897,F,N,N,1,92048.83,Pensioner,Secondary / secondary special,Married,House / apartment,-17844.0,363057.0,1.0,0.0,0.0,0.0,,3.0,0
4490,5023898,F,N,N,1,89294.19,Pensioner,Secondary / secondary special,Married,House / apartment,-18133.0,370264.0,1.0,0.0,0.0,0.0,,3.0,0
4491,5023899,F,N,N,1,91117.27,Pensioner,Secondary / secondary special,Married,House / apartment,-18340.0,364108.0,1.0,0.0,0.0,0.0,,3.0,0
4492,5023900,F,N,Y,0,236238.2,Commercial associate,Higher education,Married,House / apartment,-10103.0,-251.0,1.0,0.0,0.0,0.0,,2.0,0
4493,5023901,F,N,Y,0,222515.49,Commercial associate,Higher education,Married,House / apartment,-9728.0,-236.0,1.0,0.0,0.0,0.0,,2.0,0
4494,5023902,F,N,Y,0,225880.69,Commercial associate,Higher education,Married,House / apartment,-10062.0,-248.0,1.0,0.0,0.0,0.0,,2.0,0
4495,5023903,F,N,Y,0,230410.17,Commercial associate,Higher education,Married,House / apartment,-9852.0,-246.0,1.0,0.0,0.0,0.0,,2.0,0
4496,5023904,F,N,Y,0,97911.05,Pensioner,Secondary / secondary special,Married,House / apartment,-22978.0,357408.0,1.0,0.0,1.0,0.0,,2.0,0
4497,5023906,F,N,Y,0,101836.61,Pensioner,Secondary / secondary special,Married,House / apartment,-23098.0,367045.0,1.0,0.0,1.0,0.0,,2.0,0
4498,5023907,F,N,Y,0,98972.12,Pensioner,Secondary / secondary special,Married,House / apartment,-22213.0,353778.0,1.0,0.0,1.0,0.0,,2.0,0
4499,5023908,F,N,Y,0,99604.71,Pensioner,Secondary / secondary special,Married,House / apartment,-22567.0,363500.0,1.0,0.0,1.0,0.0,,2.0,0
4500,5023909,F,N,Y,0,97479.45,Pensioner,Secondary / secondary special,Married,House / apartment,-23957.0,356296.0,1.0,0.0,1.0,0.0,,2.0,0
4501,5023910,F,N,Y,0,98449.2,Pensioner,Secondary / secondary special,Married,House / apartment,-22787.0,371960.0,1.0,0.0,1.0,0.0,,2.0,0
4502,5023912,F,N,Y,0,98389.34,Pensioner,Secondary / secondary special,Married,House / apartment,-22585.0,368696.0,1.0,0.0,1.0,0.0,,2.0,0
4503,5023913,F,N,Y,0,97221.26,Pensioner,Secondary / secondary special,Married,House / apartment,-22186.0,379464.0,1.0,0.0,1.0,0.0,,2.0,0
4504,5023914,F,N,Y,2,188639.34,Working,Secondary / secondary special,Married,House / apartment,-9733.0,-1771.0,1.0,1.0,1.0,0.0,Sales staff,4.0,0
4505,5023915,M,Y,N,1,219145.78,Working,Secondary / secondary special,Civil marriage,House / apartment,-16669.0,-2880.0,1.0,0.0,0.0,0.0,Managers,3.0,1
4506,5023916,M,Y,N,1,230210.44,Working,Secondary / secondary special,Civil marriage,House / apartment,-16042.0,-2846.0,1.0,0.0,0.0,0.0,Managers,3.0,1
4507,5023917,M,Y,N,1,219548.46,Working,Secondary / secondary special,Civil marriage,House / apartment,-16214.0,-2784.0,1.0,0.0,0.0,0.0,Managers,3.0,1
4508,5023918,M,Y,N,1,222583.78,Working,Secondary / secondary special,Civil marriage,House / apartment,-16803.0,-2920.0,1.0,0.0,0.0,0.0,Managers,3.0,1
4509,5023919,M,Y,N,1,223436.85,Working,Secondary / secondary special,Civil marriage,House / apartment,-16444.0,-2840.0,1.0,0.0,0.0,0.0,Managers,3.0,1
4510,5023920,M,Y,N,1,228722.08,Working,Secondary / secondary special,Civil marriage,House / apartment,-16478.0,-2845.0,1.0,0.0,0.0,0.0,Managers,3.0,1
4511,5023921,M,Y,N,1,223631.94,Working,Secondary / secondary special,Civil marriage,House / apartment,-15982.0,-2874.0,1.0,0.0,0.0,0.0,Managers,3.0,1
4512,5023922,M,Y,Y,1,226913.27,Working,Secondary / secondary special,Married,House / apartment,-17737.0,-446.0,1.0,0.0,0.0,0.0,Drivers,3.0,0
4513,5023923,M,Y,Y,1,226367.69,Working,Secondary / secondary special,Married,House / apartment,-17667.0,-454.0,1.0,0.0,0.0,0.0,Drivers,3.0,0
4514,5023924,M,Y,Y,1,228183.85,Working,Secondary / secondary special,Married,House / apartment,-17616.0,-466.0,1.0,0.0,0.0,0.0,Drivers,3.0,0
4515,5023925,M,Y,Y,1,226371.54,Working,Secondary / secondary special,Married,House / apartment,-17220.0,-450.0,1.0,0.0,0.0,0.0,Drivers,3.0,0
4516,5023926,M,Y,Y,1,225319.03,Working,Secondary / secondary special,Married,House / apartment,-17712.0,-447.0,1.0,0.0,0.0,0.0,Drivers,3.0,0
4517,5023927,M,Y,Y,1,214066.24,Working,Secondary / secondary special,Married,House / apartment,-17014.0,-463.0,1.0,0.0,0.0,0.0,Drivers,3.0,0
4518,5023928,F,N,Y,0,149651.83,Commercial associate,Higher education,Married,Rented apartment,-11778.0,-1883.0,1.0,0.0,0.0,0.0,Cooking staff,2.0,0
4519,5023929,F,N,Y,0,157149.7,Commercial associate,Higher education,Married,Rented apartment,-11262.0,-1868.0,1.0,0.0,0.0,0.0,Cooking staff,2.0,0
4520,5794851,F,N,Y,0,152335.01,Commercial associate,Higher education,Married,Rented apartment,-12087.0,-1907.0,1.0,0.0,0.0,0.0,Cooking staff,2.0,0
4521,5023930,F,N,Y,2,133400.3,Working,Secondary / secondary special,Separated,House / apartment,-15166.0,-2446.0,1.0,0.0,0.0,0.0,Core staff,3.0,0
4522,5023931,F,N,Y,2,133469.89,Working,Secondary / secondary special,Separated,House / apartment,-15312.0,-2523.0,1.0,0.0,0.0,0.0,Core staff,3.0,0
4523,5023932,F,N,Y,2,136092.13,Working,Secondary / secondary special,Separated,House / apartment,-14933.0,-2379.0,1.0,0.0,0.0,0.0,Core staff,3.0,0
4524,5023933,F,N,Y,2,137728.52,Working,Secondary / secondary special,Separated,House / apartment,-14934.0,-2441.0,1.0,0.0,0.0,0.0,Core staff,3.0,0
4525,5023934,F,N,Y,2,136380.5,Working,Secondary / secondary special,Separated,House / apartment,-15123.0,-2432.0,1.0,0.0,0.0,0.0,Core staff,3.0,0
4526,5023935,F,N,Y,2,130545.82,Working,Secondary / secondary special,Separated,House / apartment,-14782.0,-2434.0,1.0,0.0,0.0,0.0,Core staff,3.0,0
4527,5023936,F,N,Y,2,135296.27,Working,Secondary / secondary special,Separated,House / apartment,-14645.0,-2395.0,1.0,0.0,0.0,0.0,Core staff,3.0,0
4528,5023937,F,N,Y,2,140052.79,Working,Secondary / secondary special,Separated,House / apartment,-14861.0,-2415.0,1.0,0.0,0.0,0.0,Core staff,3.0,0
4529,6111085,F,N,Y,2,133061.36,Working,Secondary / secondary special,Separated,House / apartment,-14904.0,-2389.0,1.0,0.0,0.0,0.0,Core staff,3.0,0
4530,6111086,F,N,Y,2,136994.98,Working,Secondary / secondary special,Separated,House / apartment,-14793.0,-2340.0,1.0,0.0,0.0,0.0,Core staff,3.0,0
4531,5023938,M,Y,Y,1,154627.91,Commercial associate,Secondary / secondary special,Married,House / apartment,-8884.0,-2444.0,1.0,0.0,0.0,0.0,Cooking staff,3.0,0
4532,5023939,M,Y,Y,1,156999.77,Commercial associate,Secondary / secondary special,Married,House / apartment,-9295.0,-2380.0,1.0,0.0,0.0,0.0,Cooking staff,3.0,0
4533,5023940,M,Y,Y,1,154649.7,Commercial associate,Secondary / secondary special,Married,House / apartment,-9272.0,-2377.0,1.0,0.0,0.0,0.0,Cooking staff,3.0,0
4534,5023941,M,Y,Y,1,156527.93,Commercial associate,Secondary / secondary special,Married,House / apartment,-9391.0,-2368.0,1.0,0.0,0.0,0.0,Cooking staff,3.0,0
4535,5023942,M,Y,Y,1,161753.94,Commercial associate,Secondary / secondary special,Married,House / apartment,-8911.0,-2441.0,1.0,0.0,0.0,0.0,Cooking staff,3.0,0
4536,6111111,M,Y,Y,1,156725.45,Commercial associate,Secondary / secondary special,Married,House / apartment,-9226.0,-2383.0,1.0,0.0,0.0,0.0,Cooking staff,3.0,0
4537,5023943,F,N,Y,0,85440.38,Working,Secondary / secondary special,Married,House / apartment,-14734.0,-185.0,1.0,0.0,1.0,0.0,Laborers,2.0,0
4538,6111127,F,N,Y,0,91130.01,Working,Secondary / secondary special,Married,House / apartment,-15008.0,-187.0,1.0,0.0,1.0,0.0,Laborers,2.0,0
4539,5023944,M,Y,Y,1,148049.7,Working,Secondary / secondary special,Married,House / apartment,-14629.0,-5443.0,1.0,0.0,0.0,0.0,Laborers,3.0,0
4540,5023945,M,Y,Y,1,147367.99,Working,Secondary / secondary special,Married,House / apartment,-14672.0,-5188.0,1.0,0.0,0.0,0.0,Laborers,3.0,0
4541,5023946,M,Y,Y,1,147901.27,Working,Secondary / secondary special,Married,House / apartment,-15107.0,-4918.0,1.0,0.0,0.0,0.0,Laborers,3.0,0
4542,5023947,M,Y,Y,1,143774.01,Working,Secondary / secondary special,Married,House / apartment,-14993.0,-5088.0,1.0,0.0,0.0,0.0,Laborers,3.0,0
4543,5023948,M,Y,Y,1,152476.69,Working,Secondary / secondary special,Married,House / apartment,-14853.0,-5252.0,1.0,0.0,0.0,0.0,Laborers,3.0,0
4544,5023949,M,Y,Y,1,144887.39,Working,Secondary / secondary special,Married,House / apartment,-15140.0,-5235.0,1.0,0.0,0.0,0.0,Laborers,3.0,0
4545,5023950,M,Y,Y,1,147816.33,Working,Secondary / secondary special,Married,House / apartment,-14938.0,-5206.0,1.0,0.0,0.0,0.0,Laborers,3.0,0
4546,5023951,M,Y,Y,1,152707.53,Working,Secondary / secondary special,Married,House / apartment,-14521.0,-5244.0,1.0,0.0,0.0,0.0,Laborers,3.0,0
4547,5023952,M,Y,Y,1,146289.52,Working,Secondary / secondary special,Married,House / apartment,-15348.0,-5050.0,1.0,0.0,0.0,0.0,Laborers,3.0,0
4548,5023953,M,Y,Y,1,152214.04,Working,Secondary / secondary special,Married,House / apartment,-14761.0,-5144.0,1.0,0.0,0.0,0.0,Laborers,3.0,0
4549,5023955,M,Y,Y,0,284304.99,Working,Higher education,Civil marriage,House / apartment,-16367.0,-1609.0,1.0,0.0,0.0,0.0,Managers,2.0,1
4550,5023956,M,Y,Y,0,290487.81,Working,Higher education,Civil marriage,House / apartment,-17210.0,-1610.0,1.0,0.0,0.0,0.0,Managers,2.0,0
4551,5023957,M,Y,Y,0,289479.13,Working,Higher education,Civil marriage,House / apartment,-16741.0,-1646.0,1.0,0.0,0.0,0.0,Managers,2.0,1
4552,5023958,M,Y,Y,0,291825.37,Working,Higher education,Civil marriage,House / apartment,-16134.0,-1640.0,1.0,0.0,0.0,0.0,Managers,2.0,1
4553,5023959,M,Y,Y,0,295343.31,Working,Higher education,Civil marriage,House / apartment,-16401.0,-1593.0,1.0,0.0,0.0,0.0,Managers,2.0,0
4554,5023960,F,N,Y,0,203875.78,Pensioner,Secondary / secondary special,Married,House / apartment,-21233.0,366936.0,1.0,0.0,0.0,0.0,,2.0,0
4555,5023961,F,N,Y,0,203012.78,Pensioner,Secondary / secondary special,Married,House / apartment,-21773.0,372872.0,1.0,0.0,0.0,0.0,,2.0,0
4556,5023962,F,N,Y,0,205544.99,Pensioner,Secondary / secondary special,Married,House / apartment,-22168.0,386276.0,1.0,0.0,0.0,0.0,,2.0,0
4557,5023964,M,Y,Y,0,203414.96,Pensioner,Higher education,Married,House / apartment,-23514.0,371369.0,1.0,0.0,0.0,0.0,,2.0,0
4558,5023965,M,Y,Y,0,201194.83,Pensioner,Higher education,Married,House / apartment,-24046.0,372574.0,1.0,0.0,0.0,0.0,,2.0,0
4559,5023966,M,Y,Y,0,198914.3,Pensioner,Higher education,Married,House / apartment,-23995.0,359755.0,1.0,0.0,0.0,0.0,,2.0,0
4560,5023967,M,Y,Y,0,204852.77,Pensioner,Higher education,Married,House / apartment,-23614.0,360797.0,1.0,0.0,0.0,0.0,,2.0,0
4561,5023968,M,Y,Y,0,207834.62,Pensioner,Higher education,Married,House / apartment,-23393.0,370368.0,1.0,0.0,0.0,0.0,,2.0,0
4562,5023969,M,Y,Y,0,198837.35,Pensioner,Higher education,Married,House / apartment,-23991.0,356465.0,1.0,0.0,0.0,0.0,,2.0,0
4563,6111165,M,Y,Y,0,203076.47,Pensioner,Higher education,Married,House / apartment,-24009.0,359642.0,1.0,0.0,0.0,0.0,,2.0,0
4564,5023970,F,N,Y,0,188449.29,Pensioner,Secondary / secondary special,Married,House / apartment,-22925.0,380993.0,1.0,0.0,0.0,0.0,,2.0,0
4565,5023971,F,N,Y,0,195344.79,Pensioner,Secondary / secondary special,Married,House / apartment,-23852.0,363383.0,1.0,0.0,0.0,0.0,,2.0,0
4566,5023972,F,N,Y,0,179860.35,Pensioner,Secondary / secondary special,Married,House / apartment,-23915.0,361127.0,1.0,0.0,0.0,0.0,,2.0,0
4567,5794718,F,N,Y,0,189352.78,Pensioner,Secondary / secondary special,Married,House / apartment,-23315.0,368930.0,1.0,0.0,0.0,0.0,,2.0,0
4568,5023973,M,Y,Y,1,274216.62,Commercial associate,Secondary / secondary special,Married,House / apartment,-14727.0,-2161.0,1.0,0.0,0.0,0.0,Drivers,3.0,0
4569,5023974,M,Y,Y,1,260684.48,Commercial associate,Secondary / secondary special,Married,House / apartment,-15110.0,-2216.0,1.0,0.0,0.0,0.0,Drivers,3.0,0
4570,5023975,M,Y,Y,1,273423.5,Commercial associate,Secondary / secondary special,Married,House / apartment,-15590.0,-2219.0,1.0,0.0,0.0,0.0,Drivers,3.0,0
4571,5023976,M,Y,Y,1,272392.23,Commercial associate,Secondary / secondary special,Married,House / apartment,-15002.0,-2149.0,1.0,0.0,0.0,0.0,Drivers,3.0,0
4572,5023977,M,Y,Y,1,270242.97,Commercial associate,Secondary / secondary special,Married,House / apartment,-15624.0,-2149.0,1.0,0.0,0.0,0.0,Drivers,3.0,0
4573,5023979,M,Y,Y,1,269704.24,Commercial associate,Secondary / secondary special,Married,House / apartment,-14899.0,-2140.0,1.0,0.0,0.0,0.0,Drivers,3.0,0
4574,5023980,M,Y,Y,1,268382.34,Commercial associate,Secondary / secondary special,Married,House / apartment,-15163.0,-2199.0,1.0,0.0,0.0,0.0,Drivers,3.0,0
4575,5023982,M,Y,Y,1,268726.06,Commercial associate,Secondary / secondary special,Married,House / apartment,-15593.0,-2158.0,1.0,0.0,0.0,0.0,Drivers,3.0,0
4576,5023983,M,Y,Y,1,279012.84,Commercial associate,Secondary / secondary special,Married,House / apartment,-15454.0,-2147.0,1.0,0.0,0.0,0.0,Drivers,3.0,0
4577,5794769,M,Y,Y,1,274195.93,Commercial associate,Secondary / secondary special,Married,House / apartment,-15533.0,-2141.0,1.0,0.0,0.0,0.0,Drivers,3.0,0
4578,5794770,M,Y,Y,1,263269.62,Commercial associate,Secondary / secondary special,Married,House / apartment,-15838.0,-2193.0,1.0,0.0,0.0,0.0,Drivers,3.0,0
4579,5794772,M,Y,Y,1,271403.66,Commercial associate,Secondary / secondary special,Married,House / apartment,-15170.0,-2157.0,1.0,0.0,0.0,0.0,Drivers,3.0,0
4580,5023984,M,Y,Y,2,224176.78,Working,Secondary / secondary special,Married,House / apartment,-9609.0,-850.0,1.0,1.0,1.0,0.0,Laborers,4.0,0
4581,5023985,M,Y,Y,2,220436.66,Working,Secondary / secondary special,Married,House / apartment,-9459.0,-837.0,1.0,1.0,1.0,0.0,Laborers,4.0,0
4582,5023986,M,Y,Y,2,228261.07,Working,Secondary / secondary special,Married,House / apartment,-9621.0,-853.0,1.0,1.0,1.0,0.0,Laborers,4.0,0
4583,5023987,M,Y,Y,2,223532.93,Working,Secondary / secondary special,Married,House / apartment,-9922.0,-852.0,1.0,1.0,1.0,0.0,Laborers,4.0,0
4584,5023988,M,N,Y,0,351196.72,Commercial associate,Higher education,Married,House / apartment,-21340.0,-2925.0,1.0,0.0,0.0,0.0,Laborers,2.0,1
4585,5023990,F,N,Y,1,157708.38,Working,Higher education,Married,House / apartment,-10937.0,-1933.0,1.0,0.0,0.0,0.0,Sales staff,3.0,0
4586,5023991,F,N,Y,1,156931.17,Working,Higher education,Married,House / apartment,-10831.0,-2051.0,1.0,0.0,0.0,0.0,Sales staff,3.0,0
4587,5023994,M,Y,Y,0,113596.81,Working,Higher education,Married,House / apartment,-20789.0,-1263.0,1.0,0.0,0.0,0.0,,2.0,0
4588,5023996,M,Y,Y,0,308596.11,Working,Higher education,Married,House / apartment,-10865.0,-2658.0,1.0,0.0,0.0,0.0,Laborers,2.0,0
4589,5023997,M,Y,Y,0,299455.52,Working,Higher education,Married,House / apartment,-11017.0,-2723.0,1.0,0.0,0.0,0.0,Laborers,2.0,0
4590,5023998,M,Y,Y,0,307135.92,Working,Higher education,Married,House / apartment,-10492.0,-2704.0,1.0,0.0,0.0,0.0,Laborers,2.0,0
4591,5023999,M,Y,Y,0,307593.31,Working,Higher education,Married,House / apartment,-10518.0,-2695.0,1.0,0.0,0.0,0.0,Laborers,2.0,0
4592,5024000,M,Y,Y,0,319234.64,Working,Higher education,Married,House / apartment,-11099.0,-2706.0,1.0,0.0,0.0,0.0,Laborers,2.0,0
4593,5024001,M,Y,Y,0,315631.65,Working,Higher education,Married,House / apartment,-10934.0,-2693.0,1.0,0.0,0.0,0.0,Laborers,2.0,0
4594,5024002,M,Y,Y,0,323045.82,Working,Higher education,Married,House / apartment,-11155.0,-2630.0,1.0,0.0,0.0,0.0,Laborers,2.0,0
4595,5024004,M,Y,Y,0,310100.05,Working,Higher education,Married,House / apartment,-10620.0,-2749.0,1.0,0.0,0.0,0.0,Laborers,2.0,0
4596,5024005,M,Y,Y,0,313584.44,Working,Higher education,Married,House / apartment,-10630.0,-2764.0,1.0,0.0,0.0,0.0,Laborers,2.0,0
4597,5024006,M,Y,Y,0,317156.02,Working,Higher education,Married,House / apartment,-11082.0,-2594.0,1.0,0.0,0.0,0.0,Laborers,2.0,0
4598,5024007,M,Y,Y,0,323608.5,Working,Higher education,Married,House / apartment,-10722.0,-2678.0,1.0,0.0,0.0,0.0,Laborers,2.0,0
4599,5794837,M,Y,Y,0,316114.9,Working,Higher education,Married,House / apartment,-10725.0,-2805.0,1.0,0.0,0.0,0.0,Laborers,2.0,0
4600,5794838,M,Y,Y,0,319763.49,Working,Higher education,Married,House / apartment,-10889.0,-2626.0,1.0,0.0,0.0,0.0,Laborers,2.0,0
4601,5794839,M,Y,Y,0,316838.18,Working,Higher education,Married,House / apartment,-10937.0,-2627.0,1.0,0.0,0.0,0.0,Laborers,2.0,0
4602,5024009,F,Y,Y,0,110731.25,Pensioner,Higher education,Married,House / apartment,-19931.0,363993.0,1.0,0.0,0.0,0.0,,2.0,0
4603,5024010,F,Y,Y,0,117253.88,Pensioner,Higher education,Married,House / apartment,-20725.0,360108.0,1.0,0.0,0.0,0.0,,2.0,0
4604,5024011,F,Y,Y,0,113844.6,Pensioner,Higher education,Married,House / apartment,-20427.0,374746.0,1.0,0.0,0.0,0.0,,2.0,0
4605,5024013,F,Y,Y,0,175316.79,Commercial associate,Secondary / secondary special,Single / not married,House / apartment,-13490.0,-5719.0,1.0,0.0,0.0,0.0,Drivers,1.0,0
4606,6111148,F,Y,Y,0,178097.92,Commercial associate,Secondary / secondary special,Single / not married,House / apartment,-13077.0,-5596.0,1.0,0.0,0.0,0.0,Drivers,1.0,0
4607,5024014,F,Y,Y,0,197842.78,Working,Higher education,Married,House / apartment,-18224.0,-2031.0,1.0,1.0,0.0,0.0,,2.0,1
4608,5024015,F,Y,Y,0,201482.9,Working,Higher education,Married,House / apartment,-18661.0,-2034.0,1.0,1.0,0.0,0.0,,2.0,0
4609,5024020,F,N,Y,0,135518.42,Pensioner,Secondary / secondary special,Single / not married,House / apartment,-23980.0,363504.0,1.0,0.0,0.0,0.0,,1.0,0
4610,5024021,F,N,Y,0,134671.1,Pensioner,Secondary / secondary special,Single / not married,House / apartment,-24146.0,366594.0,1.0,0.0,0.0,0.0,,1.0,0
4611,5024022,F,N,Y,0,137287.34,Pensioner,Secondary / secondary special,Single / not married,House / apartment,-23758.0,362148.0,1.0,0.0,0.0,0.0,,1.0,0
4612,5024023,F,N,Y,0,135794.42,Pensioner,Secondary / secondary special,Single / not married,House / apartment,-23619.0,376452.0,1.0,0.0,0.0,0.0,,1.0,0
4613,5024024,F,N,Y,0,134060.04,Pensioner,Secondary / secondary special,Single / not married,House / apartment,-23202.0,373600.0,1.0,0.0,0.0,0.0,,1.0,0
4614,5794705,F,N,Y,0,131023.74,Pensioner,Secondary / secondary special,Single / not married,House / apartment,-23558.0,366642.0,1.0,0.0,0.0,0.0,,1.0,0
4615,5794706,F,N,Y,0,134717.27,Pensioner,Secondary / secondary special,Single / not married,House / apartment,-23818.0,356599.0,1.0,0.0,0.0,0.0,,1.0,0
4616,5024028,F,N,Y,2,114155.01,Working,Secondary / secondary special,Married,With parents,-15256.0,-387.0,1.0,0.0,0.0,0.0,Core staff,4.0,0
4617,5024033,F,N,Y,2,114146.84,Working,Secondary / secondary special,Married,With parents,-15210.0,-406.0,1.0,0.0,0.0,0.0,Core staff,4.0,0
4618,5024035,F,N,Y,2,112215.73,Working,Secondary / secondary special,Married,With parents,-14413.0,-397.0,1.0,0.0,0.0,0.0,Core staff,4.0,0
4619,5024036,F,N,Y,2,110837.51,Working,Secondary / secondary special,Married,With parents,-14650.0,-395.0,1.0,0.0,0.0,0.0,Core staff,4.0,0
4620,5024037,F,N,N,0,134161.59,Working,Secondary / secondary special,Married,House / apartment,-15743.0,-625.0,1.0,0.0,0.0,0.0,Sales staff,2.0,0
4621,5024038,F,N,N,0,128355.79,Working,Secondary / secondary special,Married,House / apartment,-15859.0,-638.0,1.0,0.0,0.0,0.0,Sales staff,2.0,0
4622,5024039,F,N,N,0,138082.89,Working,Secondary / secondary special,Married,House / apartment,-15100.0,-674.0,1.0,0.0,0.0,0.0,Sales staff,2.0,0
4623,5024040,F,N,N,0,133911.88,Working,Secondary / secondary special,Married,House / apartment,-15782.0,-657.0,1.0,0.0,0.0,0.0,Sales staff,2.0,0
4624,5024041,M,N,N,1,132607.12,Working,Secondary / secondary special,Married,Municipal apartment,-11490.0,-1278.0,1.0,1.0,0.0,0.0,Laborers,3.0,0
4625,5024043,F,Y,Y,1,147502.61,Working,Higher education,Married,House / apartment,-13159.0,-2857.0,1.0,0.0,0.0,0.0,Accountants,3.0,0
4626,5024044,F,Y,Y,1,150026.39,Working,Higher education,Married,House / apartment,-12947.0,-3038.0,1.0,0.0,0.0,0.0,Accountants,3.0,0
4627,5024045,F,Y,Y,1,141958.55,Working,Higher education,Married,House / apartment,-13141.0,-2939.0,1.0,0.0,0.0,0.0,Accountants,3.0,0
4628,5024046,F,Y,Y,1,145021.31,Working,Higher education,Married,House / apartment,-12592.0,-2956.0,1.0,0.0,0.0,0.0,Accountants,3.0,0
4629,5024047,F,Y,Y,1,144683.45,Working,Higher education,Married,House / apartment,-12514.0,-2886.0,1.0,0.0,0.0,0.0,Accountants,3.0,0
4630,5024049,F,Y,Y,1,142060.14,Working,Higher education,Married,House / apartment,-12831.0,-2885.0,1.0,0.0,0.0,0.0,Accountants,3.0,0
4631,5794727,F,Y,Y,1,140907.59,Working,Higher education,Married,House / apartment,-12696.0,-2875.0,1.0,0.0,0.0,0.0,Accountants,3.0,0
4632,5024050,F,N,Y,1,108474.22,Working,Secondary / secondary special,Married,House / apartment,-12648.0,-1377.0,1.0,0.0,1.0,0.0,Sales staff,3.0,0
4633,5024051,F,N,Y,1,108490.2,Working,Secondary / secondary special,Married,House / apartment,-12903.0,-1341.0,1.0,0.0,1.0,0.0,Sales staff,3.0,0
4634,5024052,F,N,Y,1,107787.73,Working,Secondary / secondary special,Married,House / apartment,-13138.0,-1351.0,1.0,0.0,1.0,0.0,Sales staff,3.0,0
4635,5024053,F,N,Y,1,108339.63,Working,Secondary / secondary special,Married,House / apartment,-13064.0,-1308.0,1.0,0.0,1.0,0.0,Sales staff,3.0,0
4636,5024054,F,N,Y,1,104697.4,Working,Secondary / secondary special,Married,House / apartment,-12499.0,-1382.0,1.0,0.0,1.0,0.0,Sales staff,3.0,0
4637,5024055,F,N,Y,1,105367.54,Working,Secondary / secondary special,Married,House / apartment,-12824.0,-1345.0,1.0,0.0,1.0,0.0,Sales staff,3.0,0
4638,5024056,F,N,Y,1,105881.67,Working,Secondary / secondary special,Married,House / apartment,-13060.0,-1354.0,1.0,0.0,1.0,0.0,Sales staff,3.0,0
4639,5024057,F,N,Y,1,110486.96,Working,Secondary / secondary special,Married,House / apartment,-13358.0,-1346.0,1.0,0.0,1.0,0.0,Sales staff,3.0,0
4640,5024058,F,N,Y,1,109760.68,Working,Secondary / secondary special,Married,House / apartment,-13446.0,-1331.0,1.0,0.0,1.0,0.0,Sales staff,3.0,0
4641,5024059,F,N,Y,1,106857.1,Working,Secondary / secondary special,Married,House / apartment,-13189.0,-1393.0,1.0,0.0,1.0,0.0,Sales staff,3.0,0
4642,5024060,F,N,Y,1,109043.8,Working,Secondary / secondary special,Married,House / apartment,-13315.0,-1364.0,1.0,0.0,1.0,0.0,Sales staff,3.0,0
4643,5024061,F,N,N,3,135289.34,Commercial associate,Secondary / secondary special,Married,House / apartment,-10999.0,-2940.0,1.0,0.0,0.0,0.0,Core staff,5.0,0
4644,5024062,F,N,N,3,136543.69,Commercial associate,Secondary / secondary special,Married,House / apartment,-10801.0,-2892.0,1.0,0.0,0.0,0.0,Core staff,5.0,0
4645,5794728,F,N,N,3,134942.2,Commercial associate,Secondary / secondary special,Married,House / apartment,-10776.0,-2944.0,1.0,0.0,0.0,0.0,Core staff,5.0,0
4646,5024064,F,Y,Y,1,105445.83,Working,Higher education,Separated,House / apartment,-14909.0,-6135.0,1.0,0.0,0.0,0.0,,2.0,0
4647,5024066,M,Y,Y,0,272262.3,Working,Secondary / secondary special,Married,House / apartment,-14179.0,-4232.0,1.0,0.0,0.0,0.0,Laborers,2.0,0
4648,5024067,M,Y,Y,0,268100.68,Working,Secondary / secondary special,Married,House / apartment,-14271.0,-4186.0,1.0,0.0,0.0,0.0,Laborers,2.0,0
4649,5024068,M,Y,Y,0,264013.77,Working,Secondary / secondary special,Married,House / apartment,-14753.0,-4056.0,1.0,0.0,0.0,0.0,Laborers,2.0,0
4650,5794798,M,Y,Y,0,259261.7,Working,Secondary / secondary special,Married,House / apartment,-14442.0,-4217.0,1.0,0.0,0.0,0.0,Laborers,2.0,0
4651,5024070,M,Y,Y,0,295078.82,Commercial associate,Secondary / secondary special,Married,With parents,-9551.0,-2500.0,1.0,0.0,1.0,0.0,Laborers,2.0,0
4652,5794801,M,Y,Y,0,295491.07,Commercial associate,Secondary / secondary special,Married,With parents,-9680.0,-2548.0,1.0,0.0,1.0,0.0,Laborers,2.0,0
4653,5024073,F,N,Y,0,178169.74,Working,Higher education,Married,House / apartment,-15901.0,-832.0,1.0,0.0,0.0,0.0,Laborers,2.0,0
4654,5024075,F,Y,Y,0,160015.97,Pensioner,Secondary / secondary special,Widow,House / apartment,-19870.0,354232.0,1.0,0.0,0.0,0.0,,1.0,0
4655,5024077,F,Y,Y,0,161772.87,Pensioner,Secondary / secondary special,Widow,House / apartment,-20164.0,359390.0,1.0,0.0,0.0,0.0,,1.0,0
4656,5024078,F,Y,Y,0,158085.8,Pensioner,Secondary / secondary special,Widow,House / apartment,-21152.0,349361.0,1.0,0.0,0.0,0.0,,1.0,0
4657,5024079,F,Y,Y,0,154073.84,Pensioner,Secondary / secondary special,Widow,House / apartment,-20177.0,361477.0,1.0,0.0,0.0,0.0,,1.0,0
4658,5794812,F,Y,Y,0,158639.47,Pensioner,Secondary / secondary special,Widow,House / apartment,-19665.0,370498.0,1.0,0.0,0.0,0.0,,1.0,0
4659,5024080,F,N,Y,2,110962.06,Working,Secondary / secondary special,Separated,House / apartment,-14777.0,-3439.0,1.0,0.0,0.0,0.0,Sales staff,3.0,0
4660,5024081,F,N,Y,2,110390.37,Working,Secondary / secondary special,Separated,House / apartment,-14351.0,-3666.0,1.0,0.0,0.0,0.0,Sales staff,3.0,0
4661,5024082,F,N,Y,2,112993.94,Working,Secondary / secondary special,Separated,House / apartment,-14354.0,-3574.0,1.0,0.0,0.0,0.0,Sales staff,3.0,0
4662,5794852,F,N,Y,2,111596.78,Working,Secondary / secondary special,Separated,House / apartment,-14306.0,-3687.0,1.0,0.0,0.0,0.0,Sales staff,3.0,0
4663,5024083,F,N,Y,0,156665.29,Pensioner,Secondary / secondary special,Separated,House / apartment,-19012.0,347427.0,1.0,0.0,0.0,0.0,,1.0,0
4664,5024084,F,N,Y,0,151023.86,Pensioner,Secondary / secondary special,Separated,House / apartment,-18990.0,360580.0,1.0,0.0,0.0,0.0,,1.0,0
4665,5024085,F,N,Y,0,152965.66,Pensioner,Secondary / secondary special,Separated,House / apartment,-19326.0,355092.0,1.0,0.0,0.0,0.0,,1.0,0
4666,5024086,F,N,Y,0,150750.18,Pensioner,Secondary / secondary special,Separated,House / apartment,-19510.0,366354.0,1.0,0.0,0.0,0.0,,1.0,0
4667,5024087,F,N,Y,0,159313.76,Pensioner,Secondary / secondary special,Separated,House / apartment,-19201.0,356828.0,1.0,0.0,0.0,0.0,,1.0,0
4668,5024088,F,N,Y,0,156489.33,Pensioner,Secondary / secondary special,Separated,House / apartment,-18215.0,369219.0,1.0,0.0,0.0,0.0,,1.0,0
4669,5024089,F,Y,N,0,125706.72,State servant,Incomplete higher,Single / not married,House / apartment,-11791.0,-5244.0,1.0,1.0,0.0,0.0,Core staff,1.0,0
4670,5024090,F,Y,N,0,127289.75,State servant,Incomplete higher,Single / not married,House / apartment,-12365.0,-5138.0,1.0,1.0,0.0,0.0,Core staff,1.0,0
4671,5024091,F,Y,N,0,121344.85,State servant,Incomplete higher,Single / not married,House / apartment,-12154.0,-5301.0,1.0,1.0,0.0,0.0,Core staff,1.0,0
4672,5024092,F,Y,N,0,126617.54,State servant,Incomplete higher,Single / not married,House / apartment,-11702.0,-5326.0,1.0,1.0,0.0,0.0,Core staff,1.0,0
4673,5024094,F,Y,N,0,125598.67,State servant,Incomplete higher,Single / not married,House / apartment,-11571.0,-5240.0,1.0,1.0,0.0,0.0,Core staff,1.0,0
4674,5024095,F,Y,N,0,128268.41,State servant,Incomplete higher,Single / not married,House / apartment,-11907.0,-5307.0,1.0,1.0,0.0,0.0,Core staff,1.0,0
4675,5024096,F,Y,N,0,125635.9,State servant,Incomplete higher,Single / not married,House / apartment,-12164.0,-5182.0,1.0,1.0,0.0,0.0,Core staff,1.0,0
4676,5024097,F,Y,N,0,128397.9,State servant,Incomplete higher,Single / not married,House / apartment,-12322.0,-5213.0,1.0,1.0,0.0,0.0,Core staff,1.0,0
4677,5024098,F,Y,N,0,127274.86,State servant,Incomplete higher,Single / not married,House / apartment,-11559.0,-5182.0,1.0,1.0,0.0,0.0,Core staff,1.0,0
4678,6111087,F,Y,N,0,126216.1,State servant,Incomplete higher,Single / not married,House / apartment,-12201.0,-5167.0,1.0,1.0,0.0,0.0,Core staff,1.0,0
4679,6111088,F,Y,N,0,124146.57,State servant,Incomplete higher,Single / not married,House / apartment,-11916.0,-5103.0,1.0,1.0,0.0,0.0,Core staff,1.0,0
4680,6111089,F,Y,N,0,124163.73,State servant,Incomplete higher,Single / not married,House / apartment,-11924.0,-5111.0,1.0,1.0,0.0,0.0,Core staff,1.0,0
4681,5024099,F,N,Y,0,88945.62,Commercial associate,Incomplete higher,Single / not married,House / apartment,-10143.0,-914.0,1.0,1.0,1.0,0.0,Laborers,1.0,0
4682,5024100,F,N,Y,0,89019.15,Commercial associate,Incomplete higher,Single / not married,House / apartment,-9915.0,-892.0,1.0,1.0,1.0,0.0,Laborers,1.0,0
4683,5024103,M,N,Y,0,183740.45,Working,Secondary / secondary special,Married,House / apartment,-19536.0,-2538.0,1.0,0.0,0.0,0.0,Security staff,2.0,0
4684,5024104,M,N,Y,0,181994.51,Working,Secondary / secondary special,Married,House / apartment,-19506.0,-2463.0,1.0,0.0,0.0,0.0,Security staff,2.0,1
4685,5024105,M,N,Y,0,182749.7,Working,Secondary / secondary special,Married,House / apartment,-20146.0,-2652.0,1.0,0.0,0.0,0.0,Security staff,2.0,1
4686,5024106,F,N,Y,0,175279.71,Working,Secondary / secondary special,Married,House / apartment,-22759.0,-1487.0,1.0,1.0,1.0,0.0,Accountants,2.0,1
4687,5024109,F,N,Y,0,178555.2,Working,Secondary / secondary special,Married,House / apartment,-22366.0,-1533.0,1.0,1.0,1.0,0.0,Accountants,2.0,1
4688,5024111,F,N,Y,0,172853.06,Working,Secondary / secondary special,Married,House / apartment,-22346.0,-1537.0,1.0,1.0,1.0,0.0,Accountants,2.0,1
4689,5024113,F,N,Y,0,178345.22,Working,Secondary / secondary special,Married,House / apartment,-22571.0,-1521.0,1.0,1.0,1.0,0.0,Accountants,2.0,0
4690,5024115,F,N,Y,0,184700.8,Working,Secondary / secondary special,Married,House / apartment,-22368.0,-1526.0,1.0,1.0,1.0,0.0,Accountants,2.0,0
4691,5024117,F,N,Y,0,171534.69,Working,Secondary / secondary special,Married,House / apartment,-22128.0,-1562.0,1.0,1.0,1.0,0.0,Accountants,2.0,1
4692,6111113,F,N,Y,0,177189.94,Working,Secondary / secondary special,Married,House / apartment,-22010.0,-1535.0,1.0,1.0,1.0,0.0,Accountants,2.0,1
4693,5024121,F,N,Y,1,137010.5,Working,Secondary / secondary special,Widow,House / apartment,-15669.0,-301.0,1.0,0.0,0.0,0.0,Sales staff,2.0,0
4694,5024122,F,N,Y,1,137923.93,Working,Secondary / secondary special,Widow,House / apartment,-15204.0,-307.0,1.0,0.0,0.0,0.0,Sales staff,2.0,0
4695,5024123,F,N,Y,1,133455.04,Working,Secondary / secondary special,Widow,House / apartment,-15616.0,-304.0,1.0,0.0,0.0,0.0,Sales staff,2.0,0
4696,5024124,F,N,Y,1,132663.32,Working,Secondary / secondary special,Widow,House / apartment,-15667.0,-300.0,1.0,0.0,0.0,0.0,Sales staff,2.0,0
4697,5024125,F,N,Y,1,138382.82,Working,Secondary / secondary special,Widow,House / apartment,-15025.0,-311.0,1.0,0.0,0.0,0.0,Sales staff,2.0,0
4698,5024126,F,N,Y,1,133386.21,Working,Secondary / secondary special,Widow,House / apartment,-15976.0,-302.0,1.0,0.0,0.0,0.0,Sales staff,2.0,0
4699,5024127,F,N,Y,1,136472.36,Working,Secondary / secondary special,Widow,House / apartment,-16234.0,-305.0,1.0,0.0,0.0,0.0,Sales staff,2.0,0
4700,5024128,F,N,Y,1,131123.72,Working,Secondary / secondary special,Widow,House / apartment,-15634.0,-297.0,1.0,0.0,0.0,0.0,Sales staff,2.0,0
4701,5024129,F,N,Y,1,133571.54,Working,Secondary / secondary special,Widow,House / apartment,-16205.0,-303.0,1.0,0.0,0.0,0.0,Sales staff,2.0,0
4702,5024130,F,N,Y,1,134032.01,Working,Secondary / secondary special,Widow,House / apartment,-15115.0,-299.0,1.0,0.0,0.0,0.0,Sales staff,2.0,0
4703,5024131,M,Y,N,0,212414.71,Working,Secondary / secondary special,Married,House / apartment,-8811.0,-1061.0,1.0,0.0,1.0,1.0,Core staff,2.0,0
4704,5024132,M,Y,N,0,199097.69,Working,Secondary / secondary special,Married,House / apartment,-8401.0,-1061.0,1.0,0.0,1.0,1.0,Core staff,2.0,0
4705,5024133,M,Y,N,0,203807.78,Working,Secondary / secondary special,Married,House / apartment,-8675.0,-1085.0,1.0,0.0,1.0,1.0,Core staff,2.0,0
4706,5024134,M,Y,N,0,207259.85,Working,Secondary / secondary special,Married,House / apartment,-8740.0,-1040.0,1.0,0.0,1.0,1.0,Core staff,2.0,0
4707,5024135,M,Y,N,0,200675.5,Working,Secondary / secondary special,Married,House / apartment,-8732.0,-1048.0,1.0,0.0,1.0,1.0,Core staff,2.0,0
4708,5024136,M,Y,N,0,203761.07,Working,Secondary / secondary special,Married,House / apartment,-8880.0,-1087.0,1.0,0.0,1.0,1.0,Core staff,2.0,0
4709,5024137,M,Y,N,0,201708.85,Working,Secondary / secondary special,Married,House / apartment,-8810.0,-1090.0,1.0,0.0,1.0,1.0,Core staff,2.0,0
4710,5024138,M,Y,N,0,203300.87,Working,Secondary / secondary special,Married,House / apartment,-8418.0,-1040.0,1.0,0.0,1.0,1.0,Core staff,2.0,0
4711,5024139,M,Y,N,0,207900.06,Working,Secondary / secondary special,Married,House / apartment,-8780.0,-1021.0,1.0,0.0,1.0,1.0,Core staff,2.0,0
4712,5024140,F,Y,N,0,177465.0,Working,Higher education,Married,With parents,-11996.0,-1015.0,1.0,1.0,1.0,0.0,Accountants,2.0,0
4713,5024141,F,Y,N,0,174327.58,Working,Higher education,Married,With parents,-11300.0,-1028.0,1.0,1.0,1.0,0.0,Accountants,2.0,0
4714,5024144,F,Y,N,0,180662.96,Working,Higher education,Married,With parents,-11243.0,-983.0,1.0,1.0,1.0,0.0,Accountants,2.0,0
4715,5024145,F,Y,N,0,176075.35,Working,Higher education,Married,With parents,-11375.0,-1006.0,1.0,1.0,1.0,0.0,Accountants,2.0,0
4716,5024146,F,Y,N,0,179575.69,Working,Higher education,Married,With parents,-11387.0,-1022.0,1.0,1.0,1.0,0.0,Accountants,2.0,0
4717,5024147,F,Y,N,0,174720.43,Working,Higher education,Married,With parents,-11603.0,-1009.0,1.0,1.0,1.0,0.0,Accountants,2.0,0
4718,5024148,F,Y,N,0,179756.98,Working,Higher education,Married,With parents,-11304.0,-1005.0,1.0,1.0,1.0,0.0,Accountants,2.0,0
4719,5024150,F,N,Y,1,333552.79,Working,Higher education,Married,House / apartment,-16765.0,-3511.0,1.0,0.0,0.0,0.0,,3.0,1
4720,5024152,F,N,Y,0,115995.75,Working,Secondary / secondary special,Single / not married,House / apartment,-17061.0,-429.0,1.0,0.0,0.0,0.0,Sales staff,1.0,0
4721,5024153,F,N,Y,0,113461.01,Working,Secondary / secondary special,Single / not married,House / apartment,-16828.0,-429.0,1.0,0.0,0.0,0.0,Sales staff,1.0,0
4722,5024155,F,N,Y,0,113075.25,Working,Secondary / secondary special,Single / not married,House / apartment,-17229.0,-434.0,1.0,0.0,0.0,0.0,Sales staff,1.0,0
4723,5024156,F,N,Y,1,201475.66,Working,Secondary / secondary special,Married,House / apartment,-9623.0,-1095.0,1.0,0.0,0.0,0.0,Sales staff,3.0,0
4724,5024157,F,N,Y,1,208833.4,Working,Secondary / secondary special,Married,House / apartment,-9615.0,-1101.0,1.0,0.0,0.0,0.0,Sales staff,3.0,0
4725,5024158,F,N,Y,1,203853.49,Working,Secondary / secondary special,Married,House / apartment,-9583.0,-1107.0,1.0,0.0,0.0,0.0,Sales staff,3.0,0
4726,5024159,F,N,Y,1,202668.75,Working,Secondary / secondary special,Married,House / apartment,-9551.0,-1096.0,1.0,0.0,0.0,0.0,Sales staff,3.0,0
4727,5024161,M,Y,Y,3,201279.85,Working,Secondary / secondary special,Married,House / apartment,-13466.0,-1969.0,1.0,0.0,0.0,0.0,Laborers,5.0,0
4728,5024162,M,Y,Y,3,196151.1,Working,Secondary / secondary special,Married,House / apartment,-13215.0,-1954.0,1.0,0.0,0.0,0.0,Laborers,5.0,0
4729,5024163,M,Y,Y,3,205491.9,Working,Secondary / secondary special,Married,House / apartment,-13728.0,-2027.0,1.0,0.0,0.0,0.0,Laborers,5.0,0
4730,5024164,M,Y,Y,3,212306.79,Working,Secondary / secondary special,Married,House / apartment,-13661.0,-1993.0,1.0,0.0,0.0,0.0,Laborers,5.0,0
4731,5024165,M,Y,Y,3,205468.59,Working,Secondary / secondary special,Married,House / apartment,-12809.0,-2060.0,1.0,0.0,0.0,0.0,Laborers,5.0,0
4732,5024166,F,N,Y,0,91415.51,Working,Secondary / secondary special,Single / not married,House / apartment,-19524.0,-1181.0,1.0,0.0,0.0,0.0,,1.0,0
4733,5024167,F,N,Y,0,90515.1,Working,Secondary / secondary special,Single / not married,House / apartment,-19132.0,-1208.0,1.0,0.0,0.0,0.0,,1.0,0
4734,5024168,F,N,Y,0,91613.43,Working,Secondary / secondary special,Single / not married,House / apartment,-19617.0,-1202.0,1.0,0.0,0.0,0.0,,1.0,0
4735,5794730,F,N,Y,0,90486.45,Working,Secondary / secondary special,Single / not married,House / apartment,-19732.0,-1196.0,1.0,0.0,0.0,0.0,,1.0,0
4736,5024169,F,N,Y,0,199438.42,Pensioner,Secondary / secondary special,Civil marriage,House / apartment,-21947.0,367039.0,1.0,0.0,0.0,0.0,,2.0,0
4737,5024170,F,N,Y,0,202930.28,Pensioner,Secondary / secondary special,Civil marriage,House / apartment,-21469.0,357293.0,1.0,0.0,0.0,0.0,,2.0,0
4738,5024171,F,N,Y,0,201028.64,Pensioner,Secondary / secondary special,Civil marriage,House / apartment,-22773.0,359251.0,1.0,0.0,0.0,0.0,,2.0,0
4739,5024172,F,N,Y,0,202311.49,Pensioner,Secondary / secondary special,Civil marriage,House / apartment,-21577.0,355010.0,1.0,0.0,0.0,0.0,,2.0,0
4740,5024173,F,N,Y,0,208879.24,Pensioner,Secondary / secondary special,Civil marriage,House / apartment,-22850.0,350008.0,1.0,0.0,0.0,0.0,,2.0,0
4741,5024174,F,N,Y,0,202811.95,Pensioner,Secondary / secondary special,Civil marriage,House / apartment,-22322.0,356382.0,1.0,0.0,0.0,0.0,,2.0,0
4742,5024175,F,N,Y,0,203165.56,Pensioner,Secondary / secondary special,Civil marriage,House / apartment,-21912.0,360628.0,1.0,0.0,0.0,0.0,,2.0,0
4743,5024176,F,N,Y,0,200648.68,Pensioner,Secondary / secondary special,Civil marriage,House / apartment,-21234.0,368492.0,1.0,0.0,0.0,0.0,,2.0,0
4744,5024178,F,N,Y,0,198253.47,Pensioner,Secondary / secondary special,Civil marriage,House / apartment,-22049.0,359472.0,1.0,0.0,0.0,0.0,,2.0,0
4745,5024179,F,N,Y,0,203098.79,Pensioner,Secondary / secondary special,Civil marriage,House / apartment,-22466.0,368769.0,1.0,0.0,0.0,0.0,,2.0,0
4746,5794747,F,N,Y,0,205904.38,Pensioner,Secondary / secondary special,Civil marriage,House / apartment,-22919.0,363920.0,1.0,0.0,0.0,0.0,,2.0,0
4747,5794748,F,N,Y,0,200019.25,Pensioner,Secondary / secondary special,Civil marriage,House / apartment,-21902.0,355530.0,1.0,0.0,0.0,0.0,,2.0,0
4748,5024182,F,N,Y,0,80651.17,Commercial associate,Secondary / secondary special,Married,House / apartment,-16039.0,-3451.0,1.0,0.0,0.0,0.0,Sales staff,2.0,0
4749,5024183,F,N,Y,0,81231.76,Commercial associate,Secondary / secondary special,Married,House / apartment,-15338.0,-3644.0,1.0,0.0,0.0,0.0,Sales staff,2.0,0
4750,5024185,F,N,Y,0,81800.75,Commercial associate,Secondary / secondary special,Married,House / apartment,-15565.0,-3565.0,1.0,0.0,0.0,0.0,Sales staff,2.0,0
4751,5024187,F,N,Y,0,80782.63,Commercial associate,Secondary / secondary special,Married,House / apartment,-16054.0,-3459.0,1.0,0.0,0.0,0.0,Sales staff,2.0,0
4752,5024188,F,N,Y,0,80343.76,Commercial associate,Secondary / secondary special,Married,House / apartment,-15961.0,-3437.0,1.0,0.0,0.0,0.0,Sales staff,2.0,0
4753,5794773,F,N,Y,0,81030.23,Commercial associate,Secondary / secondary special,Married,House / apartment,-15262.0,-3457.0,1.0,0.0,0.0,0.0,Sales staff,2.0,0
4754,5024189,F,N,Y,2,108019.18,Working,Secondary / secondary special,Married,With parents,-12669.0,-1524.0,1.0,0.0,0.0,0.0,Laborers,4.0,0
4755,5024191,F,Y,Y,2,279212.62,Commercial associate,Higher education,Married,House / apartment,-13586.0,-416.0,1.0,0.0,1.0,0.0,Managers,4.0,0
4756,5024192,F,Y,Y,2,268590.39,Commercial associate,Higher education,Married,House / apartment,-13674.0,-421.0,1.0,0.0,1.0,0.0,Managers,4.0,0
4757,5024193,F,Y,Y,2,267415.18,Commercial associate,Higher education,Married,House / apartment,-13371.0,-439.0,1.0,0.0,1.0,0.0,Managers,4.0,0
4758,5024196,F,Y,Y,2,272843.12,Commercial associate,Higher education,Married,House / apartment,-13779.0,-424.0,1.0,0.0,1.0,0.0,Managers,4.0,0
4759,5024197,F,Y,Y,2,269118.49,Commercial associate,Higher education,Married,House / apartment,-14035.0,-437.0,1.0,0.0,1.0,0.0,Managers,4.0,0
4760,5024200,F,Y,Y,2,269024.54,Commercial associate,Higher education,Married,House / apartment,-13554.0,-446.0,1.0,0.0,1.0,0.0,Managers,4.0,0
4761,5024201,F,N,Y,0,201783.85,Working,Secondary / secondary special,Single / not married,House / apartment,-15805.0,-2675.0,1.0,1.0,1.0,0.0,,1.0,1
4762,5024202,F,N,Y,0,209607.59,Working,Secondary / secondary special,Single / not married,House / apartment,-15902.0,-2732.0,1.0,1.0,1.0,0.0,,1.0,1
4763,5024203,F,N,Y,0,210525.65,Working,Secondary / secondary special,Single / not married,House / apartment,-16477.0,-2764.0,1.0,1.0,1.0,0.0,,1.0,1
4764,5024204,F,N,Y,0,205819.82,Working,Secondary / secondary special,Single / not married,House / apartment,-16649.0,-2659.0,1.0,1.0,1.0,0.0,,1.0,1
4765,5024205,F,N,Y,0,200300.72,Working,Secondary / secondary special,Single / not married,House / apartment,-15728.0,-2784.0,1.0,1.0,1.0,0.0,,1.0,1
4766,5024206,F,N,Y,0,202707.59,Working,Secondary / secondary special,Single / not married,House / apartment,-16407.0,-2708.0,1.0,1.0,1.0,0.0,,1.0,1
4767,5024207,F,N,Y,0,194180.21,Working,Secondary / secondary special,Single / not married,House / apartment,-15992.0,-2689.0,1.0,1.0,1.0,0.0,,1.0,1
4768,5024208,F,N,Y,0,208439.78,Working,Secondary / secondary special,Single / not married,House / apartment,-16296.0,-2741.0,1.0,1.0,1.0,0.0,,1.0,1
4769,5024209,F,N,Y,0,199767.64,Working,Secondary / secondary special,Single / not married,House / apartment,-16308.0,-2698.0,1.0,1.0,1.0,0.0,,1.0,1
4770,5024210,F,N,Y,0,197672.41,Working,Secondary / secondary special,Single / not married,House / apartment,-16461.0,-2761.0,1.0,1.0,1.0,0.0,,1.0,1
4771,5024211,F,N,Y,0,201727.73,Working,Secondary / secondary special,Single / not married,House / apartment,-16587.0,-2721.0,1.0,1.0,1.0,0.0,,1.0,1
4772,5024212,F,Y,Y,0,530241.12,Commercial associate,Higher education,Married,House / apartment,-15681.0,-179.0,1.0,0.0,1.0,0.0,,2.0,0
4773,5024213,F,Y,Y,0,543085.55,Commercial associate,Higher education,Married,House / apartment,-15166.0,-186.0,1.0,0.0,1.0,0.0,,2.0,0
4774,5024214,F,Y,Y,0,544000.61,Commercial associate,Higher education,Married,House / apartment,-15904.0,-183.0,1.0,0.0,1.0,0.0,,2.0,0
4775,5024215,F,Y,Y,0,548181.99,Commercial associate,Higher education,Married,House / apartment,-15547.0,-180.0,1.0,0.0,1.0,0.0,,2.0,0
4776,5024220,F,Y,Y,0,544076.31,Commercial associate,Higher education,Married,House / apartment,-15973.0,-182.0,1.0,0.0,1.0,0.0,,2.0,0
4777,5024222,F,Y,Y,0,553911.09,Commercial associate,Higher education,Married,House / apartment,-16077.0,-183.0,1.0,0.0,1.0,0.0,,2.0,0
4778,5024226,F,Y,Y,0,531401.85,Commercial associate,Higher education,Married,House / apartment,-15983.0,-182.0,1.0,0.0,1.0,0.0,,2.0,0
4779,5024227,F,Y,Y,0,560376.45,Commercial associate,Higher education,Married,House / apartment,-15648.0,-188.0,1.0,0.0,1.0,0.0,,2.0,0
4780,5024228,F,Y,Y,0,538121.02,Commercial associate,Higher education,Married,House / apartment,-15776.0,-183.0,1.0,0.0,1.0,0.0,,2.0,0
4781,5024229,F,Y,Y,0,538586.28,Commercial associate,Higher education,Married,House / apartment,-15705.0,-191.0,1.0,0.0,1.0,0.0,,2.0,0
4782,5024230,F,Y,Y,0,546048.07,Commercial associate,Higher education,Married,House / apartment,-15608.0,-181.0,1.0,0.0,1.0,0.0,,2.0,0
4783,5794820,F,Y,Y,0,515938.68,Commercial associate,Higher education,Married,House / apartment,-15986.0,-177.0,1.0,0.0,1.0,0.0,,2.0,0
4784,5024231,F,N,Y,0,263728.45,Pensioner,Secondary / secondary special,Married,House / apartment,-19472.0,375194.0,1.0,0.0,1.0,0.0,,2.0,0
4785,5024232,F,N,Y,0,274200.45,Pensioner,Secondary / secondary special,Married,House / apartment,-20435.0,366061.0,1.0,0.0,1.0,0.0,,2.0,0
4786,5024233,F,N,Y,0,47143.28,Pensioner,Secondary / secondary special,Married,Municipal apartment,-20998.0,367639.0,1.0,0.0,1.0,0.0,,2.0,0
4787,5024234,F,N,Y,0,47904.25,Pensioner,Secondary / secondary special,Married,Municipal apartment,-21689.0,353636.0,1.0,0.0,1.0,0.0,,2.0,0
4788,5024235,F,N,Y,0,45461.76,Pensioner,Secondary / secondary special,Married,Municipal apartment,-21833.0,354596.0,1.0,0.0,1.0,0.0,,2.0,0
4789,5024236,F,N,Y,0,47605.01,Pensioner,Secondary / secondary special,Married,Municipal apartment,-21591.0,369535.0,1.0,0.0,1.0,0.0,,2.0,0
4790,5024237,F,N,Y,0,47018.03,Pensioner,Secondary / secondary special,Married,Municipal apartment,-21554.0,365696.0,1.0,0.0,1.0,0.0,,2.0,0
4791,5024238,F,N,Y,0,46766.83,Pensioner,Secondary / secondary special,Married,Municipal apartment,-21128.0,366593.0,1.0,0.0,1.0,0.0,,2.0,0
4792,5024239,F,N,Y,0,47463.0,Pensioner,Secondary / secondary special,Married,Municipal apartment,-21931.0,374565.0,1.0,0.0,1.0,0.0,,2.0,0
4793,5024241,M,Y,Y,0,180489.08,Commercial associate,Secondary / secondary special,Civil marriage,House / apartment,-11399.0,-3294.0,1.0,0.0,0.0,0.0,Sales staff,2.0,0
4794,5024242,M,Y,Y,0,174294.54,Commercial associate,Secondary / secondary special,Civil marriage,House / apartment,-11456.0,-3285.0,1.0,0.0,0.0,0.0,Sales staff,2.0,0
4795,5024243,M,Y,Y,0,182798.32,Commercial associate,Secondary / secondary special,Civil marriage,House / apartment,-11774.0,-3254.0,1.0,0.0,0.0,0.0,Sales staff,2.0,0
4796,5024247,F,N,Y,0,113933.46,Pensioner,Secondary / secondary special,Civil marriage,House / apartment,-23167.0,369713.0,1.0,0.0,1.0,0.0,,2.0,0
4797,5024248,F,N,Y,0,112749.61,Pensioner,Secondary / secondary special,Civil marriage,House / apartment,-22971.0,371435.0,1.0,0.0,1.0,0.0,,2.0,0
4798,5794853,F,N,Y,0,112365.43,Pensioner,Secondary / secondary special,Civil marriage,House / apartment,-23039.0,353000.0,1.0,0.0,1.0,0.0,,2.0,0
4799,5024249,F,N,Y,1,134259.32,Commercial associate,Secondary / secondary special,Married,House / apartment,-14130.0,-544.0,1.0,0.0,1.0,0.0,Laborers,3.0,0
4800,5024250,F,N,N,0,250384.11,Working,Secondary / secondary special,Separated,House / apartment,-18808.0,-1341.0,1.0,0.0,0.0,0.0,Laborers,1.0,0
4801,5024251,F,N,N,0,238939.78,Working,Secondary / secondary special,Separated,House / apartment,-20199.0,-1335.0,1.0,0.0,0.0,0.0,Laborers,1.0,0
4802,6111090,F,N,N,0,257553.27,Working,Secondary / secondary special,Separated,House / apartment,-19650.0,-1355.0,1.0,0.0,0.0,0.0,Laborers,1.0,0
4803,5024252,F,N,Y,2,136630.57,Working,Secondary / secondary special,Married,House / apartment,-12832.0,-3563.0,1.0,0.0,1.0,0.0,Sales staff,4.0,0
4804,5024253,F,N,Y,2,133745.2,Working,Secondary / secondary special,Married,House / apartment,-12869.0,-3566.0,1.0,0.0,1.0,0.0,Sales staff,4.0,0
4805,5024254,M,N,Y,1,644783.81,Working,Higher education,Married,House / apartment,-17857.0,-4638.0,1.0,0.0,0.0,0.0,Managers,3.0,0
4806,5024255,F,N,Y,1,147103.18,Working,Secondary / secondary special,Separated,With parents,-10275.0,-1415.0,1.0,0.0,0.0,0.0,Sales staff,2.0,0
4807,5024256,M,N,Y,1,123833.03,Working,Secondary / secondary special,Single / not married,House / apartment,-12248.0,-4424.0,1.0,0.0,0.0,0.0,Laborers,2.0,0
4808,5024257,M,N,Y,0,162485.74,Working,Secondary / secondary special,Single / not married,House / apartment,-11999.0,-573.0,1.0,0.0,0.0,0.0,Security staff,1.0,0
4809,5024258,M,N,Y,0,167512.91,Working,Secondary / secondary special,Single / not married,House / apartment,-11423.0,-581.0,1.0,0.0,0.0,0.0,Security staff,1.0,0
4810,5024260,M,N,Y,0,165644.28,Working,Secondary / secondary special,Single / not married,House / apartment,-11486.0,-596.0,1.0,0.0,0.0,0.0,Security staff,1.0,0
4811,5024261,M,N,Y,0,204142.84,Commercial associate,Secondary / secondary special,Married,House / apartment,-15913.0,-1697.0,1.0,0.0,0.0,0.0,,2.0,0
4812,5024263,F,Y,N,0,204830.94,Commercial associate,Secondary / secondary special,Married,Municipal apartment,-21436.0,-1143.0,1.0,0.0,1.0,0.0,Accountants,2.0,0
4813,5024265,F,Y,N,0,201770.86,Commercial associate,Secondary / secondary special,Married,Municipal apartment,-21826.0,-1120.0,1.0,0.0,1.0,0.0,Accountants,2.0,0
4814,5024269,F,N,Y,1,65291.17,Pensioner,Secondary / secondary special,Civil marriage,House / apartment,-21657.0,369602.0,1.0,0.0,0.0,0.0,,3.0,0
4815,5024270,M,Y,Y,2,302350.56,Working,Higher education,Married,House / apartment,-16797.0,-1358.0,1.0,0.0,0.0,0.0,Core staff,4.0,0
4816,5024271,M,Y,Y,2,318736.49,Working,Higher education,Married,House / apartment,-17147.0,-1365.0,1.0,0.0,0.0,0.0,Core staff,4.0,0
4817,5024272,M,Y,Y,2,314726.5,Working,Higher education,Married,House / apartment,-17048.0,-1414.0,1.0,0.0,0.0,0.0,Core staff,4.0,0
4818,5024273,M,Y,Y,2,319459.53,Working,Higher education,Married,House / apartment,-17220.0,-1357.0,1.0,0.0,0.0,0.0,Core staff,4.0,0
4819,5024276,M,Y,Y,2,313916.34,Working,Higher education,Married,House / apartment,-17183.0,-1406.0,1.0,0.0,0.0,0.0,Core staff,4.0,0
4820,5024280,M,Y,Y,0,307064.07,Commercial associate,Secondary / secondary special,Married,House / apartment,-15527.0,-1194.0,1.0,1.0,1.0,0.0,Drivers,2.0,0
4821,5024281,M,Y,Y,0,314107.73,Commercial associate,Secondary / secondary special,Married,House / apartment,-15818.0,-1176.0,1.0,1.0,1.0,0.0,Drivers,2.0,0
4822,5024285,M,Y,Y,0,316358.86,Commercial associate,Secondary / secondary special,Married,House / apartment,-15295.0,-1186.0,1.0,1.0,1.0,0.0,Drivers,2.0,0
4823,5024286,M,Y,Y,0,314420.05,Commercial associate,Secondary / secondary special,Married,House / apartment,-15468.0,-1220.0,1.0,1.0,1.0,0.0,Drivers,2.0,0
4824,5024287,F,N,Y,0,158353.35,Commercial associate,Higher education,Married,House / apartment,-11209.0,-1923.0,1.0,0.0,0.0,1.0,Managers,2.0,0
4825,5024288,F,N,Y,0,158882.08,Commercial associate,Higher education,Married,House / apartment,-10872.0,-1907.0,1.0,0.0,0.0,1.0,Managers,2.0,0
4826,5024289,F,N,Y,0,158481.05,Commercial associate,Higher education,Married,House / apartment,-11460.0,-1886.0,1.0,0.0,0.0,1.0,Managers,2.0,0
4827,5024290,F,N,Y,0,157292.23,Commercial associate,Higher education,Married,House / apartment,-11138.0,-1874.0,1.0,0.0,0.0,1.0,Managers,2.0,0
4828,5794802,F,N,Y,0,156939.26,Commercial associate,Higher education,Married,House / apartment,-11413.0,-1935.0,1.0,0.0,0.0,1.0,Managers,2.0,0
4829,5024291,F,N,N,0,113121.21,Commercial associate,Secondary / secondary special,Married,With parents,-11753.0,-276.0,1.0,0.0,0.0,0.0,Medicine staff,2.0,0
4830,5024292,F,N,N,0,115988.76,Commercial associate,Secondary / secondary special,Married,With parents,-11233.0,-275.0,1.0,0.0,0.0,0.0,Medicine staff,2.0,0
4831,5024293,F,N,Y,0,67703.22,Pensioner,Incomplete higher,Separated,House / apartment,-21338.0,351999.0,1.0,0.0,1.0,0.0,,1.0,0
4832,5024294,F,N,Y,0,204065.96,Working,Secondary / secondary special,Civil marriage,House / apartment,-17551.0,-4135.0,1.0,0.0,0.0,0.0,High skill tech staff,2.0,0
4833,5024295,F,N,Y,0,208789.55,Working,Secondary / secondary special,Civil marriage,House / apartment,-17458.0,-4295.0,1.0,0.0,0.0,0.0,High skill tech staff,2.0,1
4834,5024296,F,N,Y,0,204157.6,Working,Secondary / secondary special,Civil marriage,House / apartment,-17077.0,-4151.0,1.0,0.0,0.0,0.0,High skill tech staff,2.0,1
4835,5024297,F,N,Y,0,214263.82,Working,Secondary / secondary special,Civil marriage,House / apartment,-16944.0,-4320.0,1.0,0.0,0.0,0.0,High skill tech staff,2.0,1
4836,5024298,F,N,Y,0,102595.87,Working,Secondary / secondary special,Married,House / apartment,-16966.0,-7338.0,1.0,1.0,1.0,1.0,Laborers,2.0,0
4837,5024299,F,N,Y,0,100307.28,Working,Secondary / secondary special,Married,House / apartment,-17837.0,-7210.0,1.0,1.0,1.0,1.0,Laborers,2.0,0
4838,5024300,F,N,Y,0,98241.24,Working,Secondary / secondary special,Married,House / apartment,-17310.0,-7398.0,1.0,1.0,1.0,1.0,Laborers,2.0,0
4839,5024301,F,N,Y,0,97925.5,Working,Secondary / secondary special,Married,House / apartment,-17628.0,-7340.0,1.0,1.0,1.0,1.0,Laborers,2.0,0
4840,5024302,F,N,Y,0,99090.78,Working,Secondary / secondary special,Married,House / apartment,-17160.0,-7325.0,1.0,1.0,1.0,1.0,Laborers,2.0,0
4841,5794813,F,N,Y,0,97353.93,Working,Secondary / secondary special,Married,House / apartment,-17821.0,-7103.0,1.0,1.0,1.0,1.0,Laborers,2.0,0
4842,5024303,M,Y,Y,0,202211.53,Commercial associate,Secondary / secondary special,Single / not married,With parents,-8489.0,-124.0,1.0,0.0,0.0,0.0,Drivers,1.0,0
4843,5024304,M,Y,Y,0,201973.61,Commercial associate,Secondary / secondary special,Single / not married,With parents,-8562.0,-127.0,1.0,0.0,0.0,0.0,Drivers,1.0,0
4844,5024305,M,N,N,0,160122.09,Working,Secondary / secondary special,Single / not married,House / apartment,-9984.0,-2320.0,1.0,0.0,0.0,0.0,Laborers,1.0,0
4845,5024307,F,N,Y,1,89345.07,Commercial associate,Secondary / secondary special,Married,House / apartment,-12774.0,-5273.0,1.0,0.0,0.0,0.0,Laborers,3.0,0
4846,5024308,F,N,Y,1,88902.42,Commercial associate,Secondary / secondary special,Married,House / apartment,-13056.0,-5272.0,1.0,0.0,0.0,0.0,Laborers,3.0,0
4847,5024309,F,N,Y,1,89093.32,Commercial associate,Secondary / secondary special,Married,House / apartment,-12996.0,-5448.0,1.0,0.0,0.0,0.0,Laborers,3.0,0
4848,5024314,F,N,Y,0,213277.61,Pensioner,Secondary / secondary special,Widow,House / apartment,-20082.0,353848.0,1.0,0.0,0.0,0.0,,1.0,0
4849,5024318,F,N,Y,0,135283.17,Pensioner,Secondary / secondary special,Civil marriage,House / apartment,-20396.0,364669.0,1.0,0.0,0.0,0.0,,2.0,0
4850,5024319,F,N,Y,0,122432.08,Pensioner,Secondary / secondary special,Married,House / apartment,-22971.0,357968.0,1.0,0.0,0.0,0.0,,2.0,0
4851,5024320,F,N,Y,0,118617.56,Pensioner,Secondary / secondary special,Married,House / apartment,-22590.0,359451.0,1.0,0.0,0.0,0.0,,2.0,0
4852,5024321,F,N,Y,0,120748.51,Pensioner,Secondary / secondary special,Married,House / apartment,-23403.0,372555.0,1.0,0.0,0.0,0.0,,2.0,0
4853,5024322,F,N,Y,0,123513.89,Pensioner,Secondary / secondary special,Married,House / apartment,-22973.0,368133.0,1.0,0.0,0.0,0.0,,2.0,0
4854,5024323,F,N,Y,0,125297.6,Pensioner,Secondary / secondary special,Married,House / apartment,-23433.0,367245.0,1.0,0.0,0.0,0.0,,2.0,0
4855,5024324,F,N,Y,0,116611.34,Pensioner,Secondary / secondary special,Married,House / apartment,-23805.0,361055.0,1.0,0.0,0.0,0.0,,2.0,0
4856,5024325,F,N,Y,0,124446.48,Pensioner,Secondary / secondary special,Married,House / apartment,-22781.0,362515.0,1.0,0.0,0.0,0.0,,2.0,0
4857,5024326,F,N,Y,0,126105.6,Pensioner,Secondary / secondary special,Married,House / apartment,-23291.0,364583.0,1.0,0.0,0.0,0.0,,2.0,0
4858,5024327,F,N,Y,0,227932.73,Commercial associate,Secondary / secondary special,Married,House / apartment,-16965.0,-9426.0,1.0,0.0,0.0,0.0,Realty agents,2.0,1
4859,5024328,F,N,Y,0,226930.41,Commercial associate,Secondary / secondary special,Married,House / apartment,-17174.0,-9419.0,1.0,0.0,0.0,0.0,Realty agents,2.0,0
4860,5024329,F,N,Y,0,226905.7,Commercial associate,Secondary / secondary special,Married,House / apartment,-17436.0,-9265.0,1.0,0.0,0.0,0.0,Realty agents,2.0,0
4861,5024330,F,N,Y,0,226473.84,Commercial associate,Secondary / secondary special,Married,House / apartment,-17589.0,-9309.0,1.0,0.0,0.0,0.0,Realty agents,2.0,1
4862,5024331,F,N,Y,0,223415.47,Commercial associate,Secondary / secondary special,Married,House / apartment,-17017.0,-9892.0,1.0,0.0,0.0,0.0,Realty agents,2.0,1
4863,5024332,F,N,N,0,427680.98,Commercial associate,Secondary / secondary special,Married,House / apartment,-20354.0,-6267.0,1.0,0.0,0.0,0.0,Sales staff,2.0,1
4864,5024333,F,N,N,0,442663.5,Commercial associate,Secondary / secondary special,Married,House / apartment,-21235.0,-5964.0,1.0,0.0,0.0,0.0,Sales staff,2.0,1
4865,6111149,F,N,N,0,426400.17,Commercial associate,Secondary / secondary special,Married,House / apartment,-21615.0,-6154.0,1.0,0.0,0.0,0.0,Sales staff,2.0,1
4866,5024334,F,Y,Y,0,177790.07,Working,Secondary / secondary special,Single / not married,House / apartment,-13647.0,-2525.0,1.0,0.0,0.0,0.0,Laborers,1.0,0
4867,5024335,M,Y,N,0,137915.09,Commercial associate,Incomplete higher,Civil marriage,House / apartment,-10596.0,-311.0,1.0,0.0,0.0,0.0,IT staff,2.0,0
4868,5024336,M,Y,N,0,136927.67,Commercial associate,Incomplete higher,Civil marriage,House / apartment,-10048.0,-297.0,1.0,0.0,0.0,0.0,IT staff,2.0,0
4869,5024337,M,Y,N,0,134077.25,Commercial associate,Incomplete higher,Civil marriage,House / apartment,-10496.0,-309.0,1.0,0.0,0.0,0.0,IT staff,2.0,0
4870,5024341,M,Y,Y,0,201593.16,Working,Secondary / secondary special,Married,House / apartment,-21199.0,-1157.0,1.0,0.0,0.0,0.0,Drivers,2.0,0
4871,5024342,M,Y,Y,0,197944.14,Working,Secondary / secondary special,Married,House / apartment,-21274.0,-1175.0,1.0,0.0,0.0,0.0,Drivers,2.0,0
4872,5024343,M,Y,Y,0,198668.03,Working,Secondary / secondary special,Married,House / apartment,-21564.0,-1134.0,1.0,0.0,0.0,0.0,Drivers,2.0,0
4873,5024344,M,Y,Y,0,597752.92,Commercial associate,Secondary / secondary special,Married,With parents,-16569.0,-1676.0,1.0,0.0,0.0,0.0,Drivers,2.0,1
4874,5024345,M,Y,Y,0,577407.4,Commercial associate,Secondary / secondary special,Married,With parents,-16150.0,-1657.0,1.0,0.0,0.0,0.0,Drivers,2.0,1
4875,5024346,M,Y,Y,0,560419.36,Commercial associate,Secondary / secondary special,Married,With parents,-16540.0,-1703.0,1.0,0.0,0.0,0.0,Drivers,2.0,0
4876,5024347,M,Y,Y,0,583133.44,Commercial associate,Secondary / secondary special,Married,With parents,-17224.0,-1694.0,1.0,0.0,0.0,0.0,Drivers,2.0,1
4877,5024348,M,Y,Y,0,588837.55,Commercial associate,Secondary / secondary special,Married,With parents,-16741.0,-1660.0,1.0,0.0,0.0,0.0,Drivers,2.0,1
4878,5024349,M,Y,Y,0,588520.87,Commercial associate,Secondary / secondary special,Married,With parents,-16504.0,-1631.0,1.0,0.0,0.0,0.0,Drivers,2.0,1
4879,5024350,M,Y,Y,0,571577.12,Commercial associate,Secondary / secondary special,Married,With parents,-16375.0,-1672.0,1.0,0.0,0.0,0.0,Drivers,2.0,0
4880,5024351,M,Y,Y,0,583455.0,Commercial associate,Secondary / secondary special,Married,With parents,-17164.0,-1659.0,1.0,0.0,0.0,0.0,Drivers,2.0,1
4881,5024352,M,Y,Y,0,592111.72,Commercial associate,Secondary / secondary special,Married,With parents,-17058.0,-1656.0,1.0,0.0,0.0,0.0,Drivers,2.0,1
4882,5024353,M,Y,Y,0,603301.48,Commercial associate,Secondary / secondary special,Married,With parents,-16483.0,-1628.0,1.0,0.0,0.0,0.0,Drivers,2.0,0
4883,5024354,F,N,Y,0,139176.17,Commercial associate,Higher education,Civil marriage,House / apartment,-18015.0,-245.0,1.0,0.0,0.0,0.0,Sales staff,2.0,0
4884,5024355,F,N,Y,0,142788.88,Commercial associate,Higher education,Civil marriage,House / apartment,-17992.0,-253.0,1.0,0.0,0.0,0.0,Sales staff,2.0,0
4885,5024358,M,Y,N,0,275146.75,Commercial associate,Secondary / secondary special,Married,House / apartment,-21851.0,-4574.0,1.0,0.0,0.0,0.0,,2.0,0
4886,5024360,M,Y,N,0,269829.97,Commercial associate,Secondary / secondary special,Married,House / apartment,-21100.0,-4471.0,1.0,0.0,0.0,0.0,,2.0,1
4887,5024361,M,Y,N,0,267575.79,Commercial associate,Secondary / secondary special,Married,House / apartment,-20738.0,-4621.0,1.0,0.0,0.0,0.0,,2.0,0
4888,5024362,M,N,Y,1,81686.22,Working,Secondary / secondary special,Married,House / apartment,-12311.0,-1102.0,1.0,0.0,0.0,0.0,Laborers,3.0,0
4889,5024363,M,N,Y,1,80100.96,Working,Secondary / secondary special,Married,House / apartment,-12650.0,-1110.0,1.0,0.0,0.0,0.0,Laborers,3.0,0
4890,5024364,M,N,Y,1,79755.38,Working,Secondary / secondary special,Married,House / apartment,-12462.0,-1053.0,1.0,0.0,0.0,0.0,Laborers,3.0,0
4891,5024365,M,N,Y,1,82755.24,Working,Secondary / secondary special,Married,House / apartment,-12514.0,-1081.0,1.0,0.0,0.0,0.0,Laborers,3.0,0
4892,5794731,M,N,Y,1,81931.88,Working,Secondary / secondary special,Married,House / apartment,-12289.0,-1099.0,1.0,0.0,0.0,0.0,Laborers,3.0,0
4893,5024366,F,N,Y,0,68212.25,Pensioner,Secondary / secondary special,Married,House / apartment,-21985.0,368596.0,1.0,0.0,1.0,0.0,,2.0,0
4894,5024369,F,N,Y,0,221682.59,Commercial associate,Higher education,Widow,House / apartment,-20117.0,-10026.0,1.0,0.0,1.0,0.0,High skill tech staff,1.0,1
4895,5794774,F,N,Y,0,225882.38,Commercial associate,Higher education,Widow,House / apartment,-19889.0,-10194.0,1.0,0.0,1.0,0.0,High skill tech staff,1.0,0
4896,5024370,F,N,N,0,114523.11,Pensioner,Secondary / secondary special,Married,House / apartment,-23688.0,361715.0,1.0,0.0,0.0,0.0,,2.0,0
4897,5024373,F,N,N,0,89162.88,Pensioner,Secondary / secondary special,Married,House / apartment,-20391.0,367823.0,1.0,0.0,0.0,0.0,,2.0,0
4898,5024374,F,N,Y,2,109723.34,Working,Higher education,Married,House / apartment,-9997.0,-1788.0,1.0,0.0,0.0,0.0,Sales staff,4.0,0
4899,5024378,M,N,Y,0,263242.33,Working,Secondary / secondary special,Married,House / apartment,-12787.0,-1853.0,1.0,0.0,0.0,0.0,Core staff,2.0,0
4900,5024379,M,N,Y,0,267055.23,Working,Secondary / secondary special,Married,House / apartment,-12015.0,-1881.0,1.0,0.0,0.0,0.0,Core staff,2.0,0
4901,5024380,M,N,Y,0,275879.02,Working,Secondary / secondary special,Married,House / apartment,-12943.0,-1836.0,1.0,0.0,0.0,0.0,Core staff,2.0,0
4902,5024382,M,N,Y,0,269465.33,Working,Secondary / secondary special,Married,House / apartment,-12249.0,-1847.0,1.0,0.0,0.0,0.0,Core staff,2.0,0
4903,5024384,M,N,Y,0,262926.37,Working,Secondary / secondary special,Married,House / apartment,-13172.0,-1911.0,1.0,0.0,0.0,0.0,Core staff,2.0,0
4904,5024385,M,N,Y,0,275479.86,Working,Secondary / secondary special,Married,House / apartment,-12399.0,-1912.0,1.0,0.0,0.0,0.0,Core staff,2.0,0
4905,5794821,M,N,Y,0,272938.48,Working,Secondary / secondary special,Married,House / apartment,-12397.0,-1833.0,1.0,0.0,0.0,0.0,Core staff,2.0,0
4906,5794826,M,N,Y,0,268759.06,Working,Secondary / secondary special,Married,House / apartment,-12498.0,-1874.0,1.0,0.0,0.0,0.0,Core staff,2.0,0
4907,5024386,F,N,N,0,116467.05,Working,Secondary / secondary special,Married,Municipal apartment,-13234.0,-1278.0,1.0,0.0,0.0,0.0,Sales staff,2.0,0
4908,5024387,F,N,N,0,118818.52,Working,Secondary / secondary special,Married,Municipal apartment,-13295.0,-1280.0,1.0,0.0,0.0,0.0,Sales staff,2.0,0
4909,5024388,F,N,N,0,114476.99,Working,Secondary / secondary special,Married,Municipal apartment,-13656.0,-1279.0,1.0,0.0,0.0,0.0,Sales staff,2.0,0
4910,5024389,F,N,N,0,118568.47,Working,Secondary / secondary special,Married,Municipal apartment,-13245.0,-1262.0,1.0,0.0,0.0,0.0,Sales staff,2.0,0
4911,5024390,F,N,N,0,117779.41,Working,Secondary / secondary special,Married,Municipal apartment,-13386.0,-1258.0,1.0,0.0,0.0,0.0,Sales staff,2.0,0
4912,5024391,F,N,N,0,116898.59,Working,Secondary / secondary special,Married,Municipal apartment,-13649.0,-1307.0,1.0,0.0,0.0,0.0,Sales staff,2.0,0
4913,5024392,F,N,N,0,121227.9,Working,Secondary / secondary special,Married,Municipal apartment,-13372.0,-1351.0,1.0,0.0,0.0,0.0,Sales staff,2.0,0
4914,5024393,F,N,N,0,115621.51,Working,Secondary / secondary special,Married,Municipal apartment,-13109.0,-1287.0,1.0,0.0,0.0,0.0,Sales staff,2.0,0
4915,5024394,F,N,N,0,115449.61,Working,Secondary / secondary special,Married,Municipal apartment,-13798.0,-1291.0,1.0,0.0,0.0,0.0,Sales staff,2.0,0
4916,5024395,F,N,N,0,118350.31,Working,Secondary / secondary special,Married,Municipal apartment,-13464.0,-1261.0,1.0,0.0,0.0,0.0,Sales staff,2.0,0
4917,5024396,F,N,N,0,115435.27,Working,Secondary / secondary special,Married,Municipal apartment,-13194.0,-1272.0,1.0,0.0,0.0,0.0,Sales staff,2.0,0
4918,5024397,M,Y,Y,2,322010.85,Working,Higher education,Married,House / apartment,-12373.0,-1450.0,1.0,0.0,1.0,0.0,,4.0,0
4919,5024398,M,Y,Y,2,312561.82,Working,Higher education,Married,House / apartment,-12249.0,-1418.0,1.0,0.0,1.0,0.0,,4.0,0
4920,5024400,F,Y,N,0,160444.3,Working,Secondary / secondary special,Married,House / apartment,-10692.0,-2430.0,1.0,0.0,0.0,0.0,Private service staff,2.0,0
4921,5024401,F,N,N,0,76942.73,State servant,Secondary / secondary special,Single / not married,With parents,-8385.0,-540.0,1.0,1.0,0.0,0.0,Medicine staff,1.0,0
4922,5024402,F,N,N,0,75095.73,State servant,Secondary / secondary special,Single / not married,With parents,-8651.0,-551.0,1.0,1.0,0.0,0.0,Medicine staff,1.0,0
4923,5024403,F,N,N,0,74748.28,State servant,Secondary / secondary special,Single / not married,With parents,-8493.0,-557.0,1.0,1.0,0.0,0.0,Medicine staff,1.0,0
4924,5024404,F,N,Y,1,121304.62,Working,Secondary / secondary special,Married,House / apartment,-14377.0,-3204.0,1.0,0.0,0.0,0.0,Sales staff,3.0,0
4925,5024405,F,N,Y,1,123880.01,Working,Secondary / secondary special,Married,House / apartment,-15535.0,-3244.0,1.0,0.0,0.0,0.0,Sales staff,3.0,0
4926,5024407,F,N,Y,1,121104.58,Working,Secondary / secondary special,Married,House / apartment,-15182.0,-3183.0,1.0,0.0,0.0,0.0,Sales staff,3.0,0
4927,5024409,F,N,Y,1,119318.9,Working,Secondary / secondary special,Married,House / apartment,-14915.0,-3157.0,1.0,0.0,0.0,0.0,Sales staff,3.0,0
4928,5024410,F,N,Y,1,120841.46,Working,Secondary / secondary special,Married,House / apartment,-14852.0,-3077.0,1.0,0.0,0.0,0.0,Sales staff,3.0,0
4929,5024411,F,N,Y,1,123188.64,Working,Secondary / secondary special,Married,House / apartment,-14797.0,-3200.0,1.0,0.0,0.0,0.0,Sales staff,3.0,0
4930,5024412,M,Y,N,0,269858.65,Working,Higher education,Married,House / apartment,-17790.0,-4963.0,1.0,0.0,0.0,0.0,Managers,2.0,1
4931,6111091,M,Y,N,0,274596.59,Working,Higher education,Married,House / apartment,-18224.0,-5040.0,1.0,0.0,0.0,0.0,Managers,2.0,1
4932,5024414,F,N,Y,1,91335.47,Working,Incomplete higher,Married,House / apartment,-12086.0,-1353.0,1.0,0.0,0.0,0.0,,3.0,0
4933,6111092,F,N,Y,1,87348.86,Working,Incomplete higher,Married,House / apartment,-12243.0,-1391.0,1.0,0.0,0.0,0.0,,3.0,0
4934,5024415,M,Y,Y,0,351166.81,Working,Higher education,Single / not married,House / apartment,-15224.0,-2032.0,1.0,0.0,0.0,0.0,,1.0,0
4935,5024416,M,Y,Y,0,340603.56,Working,Higher education,Single / not married,House / apartment,-15008.0,-2099.0,1.0,0.0,0.0,0.0,,1.0,0
4936,5024417,M,Y,Y,0,178958.33,Working,Incomplete higher,Married,With parents,-10734.0,-91.0,1.0,0.0,0.0,0.0,Cooking staff,2.0,0
4937,5024418,M,Y,Y,0,175671.97,Working,Incomplete higher,Married,With parents,-10739.0,-90.0,1.0,0.0,0.0,0.0,Cooking staff,2.0,0
4938,5024419,M,Y,Y,0,178718.31,Working,Incomplete higher,Married,With parents,-10639.0,-90.0,1.0,0.0,0.0,0.0,Cooking staff,2.0,0
4939,6111093,M,Y,Y,0,184547.29,Working,Incomplete higher,Married,With parents,-10684.0,-90.0,1.0,0.0,0.0,0.0,Cooking staff,2.0,0
4940,5024420,M,N,N,0,179247.89,Working,Secondary / secondary special,Civil marriage,House / apartment,-17166.0,-3444.0,1.0,0.0,0.0,0.0,Laborers,2.0,1
4941,5024421,M,N,N,0,177017.33,Working,Secondary / secondary special,Civil marriage,House / apartment,-18353.0,-3419.0,1.0,0.0,0.0,0.0,Laborers,2.0,1
4942,5024422,M,N,N,0,180120.13,Working,Secondary / secondary special,Civil marriage,House / apartment,-17852.0,-3627.0,1.0,0.0,0.0,0.0,Laborers,2.0,0
4943,5024424,M,N,N,0,181393.78,Working,Secondary / secondary special,Civil marriage,House / apartment,-17608.0,-3468.0,1.0,0.0,0.0,0.0,Laborers,2.0,0
4944,5024425,M,N,N,0,180593.59,Working,Secondary / secondary special,Civil marriage,House / apartment,-17341.0,-3446.0,1.0,0.0,0.0,0.0,Laborers,2.0,1
4945,6111094,M,N,N,0,180461.48,Working,Secondary / secondary special,Civil marriage,House / apartment,-17204.0,-3613.0,1.0,0.0,0.0,0.0,Laborers,2.0,1
4946,5024427,F,Y,Y,0,161393.04,Pensioner,Higher education,Married,House / apartment,-23688.0,358450.0,1.0,0.0,1.0,0.0,,2.0,0
4947,5024428,F,Y,Y,0,161166.05,Pensioner,Higher education,Married,House / apartment,-25231.0,381251.0,1.0,0.0,1.0,0.0,,2.0,0
4948,5024429,F,Y,Y,0,156951.55,Pensioner,Higher education,Married,House / apartment,-23995.0,368599.0,1.0,0.0,1.0,0.0,,2.0,0
4949,5024430,F,Y,Y,0,159552.89,Pensioner,Higher education,Married,House / apartment,-23864.0,370035.0,1.0,0.0,1.0,0.0,,2.0,0
4950,5024431,F,Y,Y,0,162107.81,Pensioner,Higher education,Married,House / apartment,-24087.0,348863.0,1.0,0.0,1.0,0.0,,2.0,0
4951,5024432,F,Y,Y,0,160593.53,Pensioner,Higher education,Married,House / apartment,-23803.0,362596.0,1.0,0.0,1.0,0.0,,2.0,0
4952,5024433,F,Y,Y,0,161258.81,Pensioner,Higher education,Married,House / apartment,-23626.0,370490.0,1.0,0.0,1.0,0.0,,2.0,0
4953,5024434,F,Y,Y,0,166998.97,Pensioner,Higher education,Married,House / apartment,-24398.0,363422.0,1.0,0.0,1.0,0.0,,2.0,0
4954,6111095,F,Y,Y,0,160888.85,Pensioner,Higher education,Married,House / apartment,-24749.0,367197.0,1.0,0.0,1.0,0.0,,2.0,0
4955,6111096,F,Y,Y,0,163127.27,Pensioner,Higher education,Married,House / apartment,-23405.0,369622.0,1.0,0.0,1.0,0.0,,2.0,0
4956,5024436,M,Y,Y,0,158682.87,Commercial associate,Higher education,Married,House / apartment,-21777.0,-1173.0,1.0,0.0,0.0,0.0,Laborers,2.0,0
4957,5024438,F,N,N,0,205810.83,Working,Secondary / secondary special,Married,House / apartment,-20231.0,-3556.0,1.0,0.0,0.0,0.0,Sales staff,2.0,1
4958,5024439,F,N,N,0,199009.35,Working,Secondary / secondary special,Married,House / apartment,-19243.0,-3454.0,1.0,0.0,0.0,0.0,Sales staff,2.0,1
4959,5024440,F,N,N,0,193582.62,Working,Secondary / secondary special,Married,House / apartment,-19565.0,-3401.0,1.0,0.0,0.0,0.0,Sales staff,2.0,1
4960,5024443,F,N,N,0,197452.17,Working,Secondary / secondary special,Married,House / apartment,-20250.0,-3480.0,1.0,0.0,0.0,0.0,Sales staff,2.0,1
4961,5024444,F,N,N,0,203001.43,Working,Secondary / secondary special,Married,House / apartment,-20339.0,-3458.0,1.0,0.0,0.0,0.0,Sales staff,2.0,1
4962,5024448,M,Y,Y,0,174892.94,Working,Secondary / secondary special,Married,House / apartment,-12564.0,-2619.0,1.0,1.0,1.0,0.0,Managers,2.0,0
4963,5024449,M,Y,Y,0,176580.05,Working,Secondary / secondary special,Married,House / apartment,-12637.0,-2638.0,1.0,1.0,1.0,0.0,Managers,2.0,0
4964,5024450,M,Y,Y,0,181330.97,Working,Secondary / secondary special,Married,House / apartment,-12431.0,-2610.0,1.0,1.0,1.0,0.0,Managers,2.0,0
4965,5024452,M,Y,Y,0,176680.78,Working,Secondary / secondary special,Married,House / apartment,-12407.0,-2619.0,1.0,1.0,1.0,0.0,Managers,2.0,0
4966,5024453,M,Y,Y,0,180842.02,Working,Secondary / secondary special,Married,House / apartment,-12721.0,-2573.0,1.0,1.0,1.0,0.0,Managers,2.0,0
4967,5024455,F,N,Y,0,161723.12,Pensioner,Secondary / secondary special,Married,House / apartment,-20696.0,369123.0,1.0,0.0,0.0,0.0,,2.0,0
4968,5024457,F,N,Y,0,155996.01,Pensioner,Secondary / secondary special,Married,House / apartment,-21182.0,368598.0,1.0,0.0,0.0,0.0,,2.0,0
4969,5024458,F,N,Y,0,157480.53,Pensioner,Secondary / secondary special,Married,House / apartment,-20605.0,372759.0,1.0,0.0,0.0,0.0,,2.0,0
4970,6111129,F,N,Y,0,165791.31,Pensioner,Secondary / secondary special,Married,House / apartment,-21111.0,360420.0,1.0,0.0,0.0,0.0,,2.0,0
4971,5024461,F,N,N,1,139573.19,Pensioner,Secondary / secondary special,Married,Municipal apartment,-21457.0,366761.0,1.0,0.0,0.0,0.0,,3.0,0
4972,5024462,F,N,N,1,137332.34,Pensioner,Secondary / secondary special,Married,Municipal apartment,-20866.0,356768.0,1.0,0.0,0.0,0.0,,3.0,0
4973,5024463,F,N,N,1,138071.86,Pensioner,Secondary / secondary special,Married,Municipal apartment,-21122.0,367372.0,1.0,0.0,0.0,0.0,,3.0,0
4974,6111167,F,N,N,1,139666.38,Pensioner,Secondary / secondary special,Married,Municipal apartment,-22234.0,365265.0,1.0,0.0,0.0,0.0,,3.0,0
4975,5024466,F,N,Y,2,135616.17,Commercial associate,Secondary / secondary special,Married,House / apartment,-10108.0,-2344.0,1.0,0.0,0.0,0.0,Medicine staff,4.0,0
4976,5024467,F,N,Y,2,132020.44,Commercial associate,Secondary / secondary special,Married,House / apartment,-10242.0,-2348.0,1.0,0.0,0.0,0.0,Medicine staff,4.0,0
4977,5024469,F,N,Y,2,133320.46,Commercial associate,Secondary / secondary special,Married,House / apartment,-10018.0,-2311.0,1.0,0.0,0.0,0.0,Medicine staff,4.0,0
4978,5024470,F,N,Y,2,133035.29,Commercial associate,Secondary / secondary special,Married,House / apartment,-10306.0,-2313.0,1.0,0.0,0.0,0.0,Medicine staff,4.0,0
4979,5024471,F,N,Y,2,138552.62,Commercial associate,Secondary / secondary special,Married,House / apartment,-10296.0,-2272.0,1.0,0.0,0.0,0.0,Medicine staff,4.0,0
4980,5024472,F,N,Y,2,138389.16,Commercial associate,Secondary / secondary special,Married,House / apartment,-9931.0,-2229.0,1.0,0.0,0.0,0.0,Medicine staff,4.0,0
4981,5024473,F,N,N,0,91783.25,Working,Secondary / secondary special,Married,House / apartment,-10139.0,-527.0,1.0,0.0,0.0,1.0,High skill tech staff,2.0,0
4982,5024474,F,N,N,0,89178.16,Working,Secondary / secondary special,Married,House / apartment,-10236.0,-522.0,1.0,0.0,0.0,1.0,High skill tech staff,2.0,0
4983,5024475,F,N,N,0,88481.55,Working,Secondary / secondary special,Married,House / apartment,-10381.0,-528.0,1.0,0.0,0.0,1.0,High skill tech staff,2.0,0
4984,5024476,F,N,N,0,89859.21,Working,Secondary / secondary special,Married,House / apartment,-9983.0,-514.0,1.0,0.0,0.0,1.0,High skill tech staff,2.0,0
4985,5024478,F,Y,Y,1,197085.51,State servant,Secondary / secondary special,Civil marriage,House / apartment,-12349.0,-464.0,1.0,0.0,0.0,0.0,Cooking staff,3.0,0
4986,5024479,F,Y,Y,1,198204.19,State servant,Secondary / secondary special,Civil marriage,House / apartment,-12175.0,-448.0,1.0,0.0,0.0,0.0,Cooking staff,3.0,0
4987,5024480,F,Y,Y,1,203765.27,State servant,Secondary / secondary special,Civil marriage,House / apartment,-12487.0,-460.0,1.0,0.0,0.0,0.0,Cooking staff,3.0,0
4988,5024481,F,Y,Y,1,199814.61,State servant,Secondary / secondary special,Civil marriage,House / apartment,-12204.0,-462.0,1.0,0.0,0.0,0.0,Cooking staff,3.0,0
4989,5024482,F,Y,Y,1,195797.83,State servant,Secondary / secondary special,Civil marriage,House / apartment,-12344.0,-457.0,1.0,0.0,0.0,0.0,Cooking staff,3.0,0
4990,5024483,F,N,Y,0,167147.24,Working,Secondary / secondary special,Civil marriage,House / apartment,-11986.0,-1401.0,1.0,1.0,1.0,0.0,Managers,2.0,0
4991,5024484,F,N,Y,0,164451.41,Working,Secondary / secondary special,Civil marriage,House / apartment,-12112.0,-1390.0,1.0,1.0,1.0,0.0,Managers,2.0,0
4992,5024485,F,N,Y,0,168811.95,Working,Secondary / secondary special,Civil marriage,House / apartment,-12534.0,-1366.0,1.0,1.0,1.0,0.0,Managers,2.0,0
4993,5794707,F,N,Y,0,157778.32,Working,Secondary / secondary special,Civil marriage,House / apartment,-12096.0,-1463.0,1.0,1.0,1.0,0.0,Managers,2.0,0
4994,5024486,F,N,Y,0,227852.21,Working,Secondary / secondary special,Single / not married,House / apartment,-19845.0,-10442.0,1.0,0.0,0.0,0.0,Medicine staff,1.0,1
4995,5024487,F,N,Y,0,224758.15,Working,Secondary / secondary special,Single / not married,House / apartment,-20272.0,-10566.0,1.0,0.0,0.0,0.0,Medicine staff,1.0,1
4996,5024488,M,N,Y,0,171509.78,Working,Secondary / secondary special,Married,House / apartment,-21984.0,-2045.0,1.0,0.0,0.0,0.0,Drivers,2.0,0
4997,5024489,M,N,Y,0,171907.07,Working,Secondary / secondary special,Married,House / apartment,-21869.0,-2018.0,1.0,0.0,0.0,0.0,Drivers,2.0,1
4998,5024490,M,N,Y,1,133260.33,Working,Secondary / secondary special,Married,Rented apartment,-10554.0,-2726.0,1.0,1.0,1.0,0.0,Laborers,3.0,0
4999,5024491,M,N,Y,1,138989.56,Working,Secondary / secondary special,Married,Rented apartment,-10365.0,-2668.0,1.0,1.0,1.0,0.0,Laborers,3.0,0
